tk,date,dir,sep,punch,approach,whip,wt_aligned,wt_recent,depth,fail3,fwd10
AAPL,2018-07-09,long,0.16162771909730292,0.40199451474953696,0.14320606238341088,,True,True,0.05891289736827209,False,0.5404351080372738
AAPL,2018-07-30,short,0.08928225651492185,0.4921967080632234,0.0967685464194107,,True,True,-0.6578375845322593,True,-10.369411240702654
AAPL,2018-08-01,long,0.911371579690274,1.2911465361841905,0.18046594819447329,,True,True,0.9353678907010721,False,4.70335636488417
AAPL,2018-09-07,short,0.4417502209523551,0.724523109581919,0.2700458137041349,,True,True,-2.4937849291308685,False,1.64482207465797
AAPL,2018-10-02,long,0.2642380505348146,0.3515484423475884,0.3866447983353183,,True,True,1.3808069428076626,False,-3.1097295067973985
AAPL,2018-10-08,short,0.31103870225334596,0.3698609381358616,0.06899032802559071,0.2,True,True,-1.2683447020118161,False,1.394297824289814
AAPL,2018-12-03,long,0.4413103153991928,0.6914626720532462,0.5548108528931558,0.16666666666666666,True,True,-1.806767257244911,False,-10.144998703153174
AAPL,2018-12-10,short,0.015837285862748164,0.0832574193686334,0.13274601228991603,0.14285714285714285,True,True,1.7299637725559325,True,13.42567555002473
AAPL,2018-12-12,long,0.04050449537518119,0.08927347226539978,0.12686734870161978,0.14285714285714285,True,True,-1.6652585724318103,False,-7.658202425984484
AAPL,2018-12-20,short,0.23535118843748076,0.2805943034323411,0.04133092034658056,0.2222222222222222,True,True,1.5735085706919933,False,5.674931762630608
AAPL,2018-12-28,long,0.12861996608143833,0.3596135891283077,0.17154061812003568,0.2,True,True,-1.5390871084840065,False,-3.9876759711100385
AAPL,2019-03-06,short,0.1099930695625131,0.11386106191553459,0.015104385002966618,0.2,True,True,-0.632121859107123,False,-7.815735179732308
AAPL,2019-03-12,long,0.11944857213002749,0.28689137294789074,-0.01804135242415433,0.1,True,True,0.6264847776978475,False,3.250244602211305
AAPL,2019-03-28,short,0.05465593438513736,0.16536536699214938,0.31181610274246746,0.1,True,True,-0.8699520915194088,True,-5.420737424259525
AAPL,2019-04-02,long,0.009453235570599697,0.14706101535749316,-0.005101048600449178,0.1,True,True,0.848318019242534,False,2.6955916152565207
AAPL,2019-04-15,short,0.1030778413735354,0.2121658379178316,0.17449095596462533,0.2,True,True,-0.8699719547928227,True,-0.722775291123523
AAPL,2019-04-18,long,0.006822365733242984,0.15939978440155916,-0.0026579594073370856,0.2,True,True,0.8722170911079433,False,3.8703015935481755
AAPL,2019-04-26,short,0.46660614736196404,0.6639955299492951,-0.018253505490187304,0.3,True,True,-0.8924879604079482,False,3.113381161241735
AAPL,2019-06-06,long,0.36508017270896936,0.6984547451217824,0.4727228042510839,0.2,True,True,-1.126366211042276,False,7.688182560070467
AAPL,2019-07-17,short,0.049024930294060236,0.08610370953648218,-0.005435769181169697,0.2,False,False,-0.8900748347371579,False,-4.765183482782009
AAPL,2019-07-23,long,0.09084166379868035,0.1335155484072453,0.003074939146427768,0.2,True,True,0.9353162184354334,False,-5.669393764882069
AAPL,2019-08-02,short,0.40855680397197364,0.4622214144143914,0.01726867019633292,0.2,True,True,-0.8098918631411783,False,-1.6001629148680863
AAPL,2019-08-19,long,0.40436258446514783,0.5186775932836313,0.11808954110244008,0.2,True,True,0.3474517620196108,False,-2.2105948902968575
AAPL,2019-08-27,short,0.2303805018077109,0.43938912169783945,0.36966842291333113,0.2,True,True,-0.4154940779111193,False,-9.517039126421345
AAPL,2019-09-05,long,0.6490845515769152,0.7398478925890681,0.02850719146299171,0.1,True,True,0.5627496468114914,False,3.6009089053368637
AAPL,2019-09-24,short,0.4884921563239995,0.5027996230123889,0.5759846346104666,0.1,True,True,-1.25691591495543,False,-3.087100580426072
AAPL,2019-10-07,long,0.2745878290333735,0.35553923690195655,-0.01558240993259239,0.0,True,True,1.258169493692428,False,5.923508919458831
AAPL,2019-11-20,short,0.4296090294494926,0.653341400264601,0.15915689735957142,0.0,True,False,-3.3979053684799685,False,-0.9080710708942785
AAPL,2019-12-16,long,0.5538516485936875,0.6248446639646299,0.31467164049782437,0.0,True,False,2.2041226134003837,False,4.92744608872786
AAPL,2020-01-24,short,0.12766117135077534,0.33746781532753883,0.28557718961888173,0.0,True,False,-4.08350282991221,False,-0.7789850543125088
AAPL,2020-03-27,long,0.2525350739035935,0.28069776341706243,0.7228239786967687,0.0,True,True,-1.7509948187547746,False,10.297078145726136
AAPL,2020-05-27,short,0.038566748465715554,0.0905621343018098,0.09551519021205583,0.0,True,True,-1.115618314453432,False,-10.917642938120252
AAPL,2020-06-08,long,0.06092566790493042,0.1434802901259248,0.04659394402139191,0.0,True,True,1.0656293844559774,False,7.62009824859351
AAPL,2020-06-29,short,0.11007998500482227,0.12412772098575693,0.31222647381202573,0.0,True,True,-1.3153973084028656,False,-7.311043595340072
AAPL,2020-07-08,long,0.4540007343276101,0.48652164961302524,0.09573556262813641,0.0,True,True,1.324980346141515,False,2.024267821190051
AAPL,2020-07-17,short,0.13888852235883348,0.5511550336281714,0.09102003553722737,0.0,True,True,-1.3086967384716544,True,-10.311211126241115
AAPL,2020-07-20,long,0.007587456150290052,0.15473483505665034,0.2400594188541496,0.0,False,True,1.3154196435797771,True,10.75666185972799
AAPL,2020-07-21,short,0.5347612633131167,0.5428225242969359,0.34282405102672936,0.0,True,True,-1.2653606726369502,False,-13.056699805072203
AAPL,2020-07-31,long,0.6912840129700641,3.6342198841886777,0.23108601802151324,0.2,True,True,0.9796881646939983,False,8.33302717859894
AAPL,2020-09-03,short,0.4417664808759308,1.659930792360649,-0.1405403868223151,0.2,True,True,-3.8119915046042023,False,11.614807239047753
AAPL,2020-10-01,long,0.2358923032701443,0.2565530425406071,0.35914795903402397,0.2,True,True,-0.15091589767882296,False,3.3564300141586623
AAPL,2020-10-21,short,0.020016580104844108,0.16934448350642933,0.26656129875622353,0.2,True,True,-0.46112501536681105,False,1.642834389637926
AAPL,2020-11-06,long,0.29015303903851036,0.3655886375793591,0.35594636981808386,0.2,True,True,-0.06061130296515439,False,-1.1374228149471644
AAPL,2020-11-23,short,0.21700647925692673,0.4692415446492442,0.19333211565870612,0.2,True,True,-0.210902538168247,False,-9.24901057537626
AAPL,2020-12-01,long,0.5127027251903015,0.6599208520355129,0.13032862058990585,0.2,True,True,0.31219228221830403,False,4.204704953871197
AAPL,2021-01-05,short,0.3122679313075536,0.3971243072983685,0.5709494454359845,0.2,True,True,-1.3043820996728717,False,-0.7785792537749137
AAPL,2021-01-22,long,0.7720916779752802,0.9066677058339921,0.5265930856011369,0.1,True,True,1.1574669691075092,False,-1.5140738935781162
AAPL,2021-02-01,short,0.38026788798790495,0.5781173394142735,0.674520845674366,0.0,True,True,-1.7717983881739048,False,0.5598409634059331
AAPL,2021-03-15,long,0.1891090562386791,0.4770360097056544,0.2974002687728485,0.0,True,True,-1.4390800898209903,False,-2.0969437949522107
AAPL,2021-04-29,short,0.07183521950983265,0.15269613084652756,0.12079944162005156,0.0,True,True,-1.0385465106255445,False,6.216467131204295
AAPL,2021-06-07,long,0.07083720610390878,0.15343261894733576,0.0620554923392201,0.0,True,True,-0.47093063024269366,False,5.083427076107139
AAPL,2021-07-21,short,0.19484300622663603,0.2733483837211012,0.4907857983580268,0.0,True,True,-1.7854027351497321,False,-1.0660275235546246
AAPL,2021-08-17,long,0.012446512255111064,0.10228916498430916,0.3343725303892369,0.0,True,True,1.1659466015332816,True,1.0919716946070857
AAPL,2021-08-18,short,0.3901746182615358,0.40259601561545555,0.2369655008364266,0.0,False,False,-1.0273611066094894,False,-4.201969448714915
AAPL,2021-08-31,long,0.16395336913696187,0.17652853554838363,0.14434010628844657,0.1,True,True,1.0192665640763567,False,-1.8441843840240946
AAPL,2021-09-10,short,0.2709322686875525,0.9917416836590783,0.009233464625196234,0.1,True,True,-1.1871670975445785,False,1.3761165851347679
AAPL,2021-10-14,long,0.2882155925016945,0.40326696979740567,0.07171554331054644,0.1,True,True,-0.778311519286212,False,6.128279112435342
AAPL,2021-11-10,short,0.09378072907451526,0.4267992056193395,0.11998804620409827,0.1,True,True,-0.6764199725569561,False,-9.47808098989431
AAPL,2021-11-17,long,0.18238160317272184,0.35588477391502193,0.07362449569410755,0.1,True,True,0.6826939551066419,False,6.690977075921856
AAPL,2021-12-17,short,0.01973594575119373,0.7863732122361186,0.46063368503634616,0.1,True,True,-2.7368399914091746,False,-6.351493510375783
AAPL,2022-02-01,long,0.5070972364736274,0.6207096470820594,0.6921491535795445,0.1,True,True,-0.3183227345858259,False,-0.9162264670846687
AAPL,2022-02-17,short,0.08832851962895048,0.26707471696986024,0.06683838715596103,0.1,True,True,-0.13216928177806242,False,3.3810847858344206
AAPL,2022-03-18,long,0.3695983738142828,0.5550140776888681,0.3741810343750759,0.1,True,True,-0.8946859612282604,False,6.299542299675109
AAPL,2022-04-08,short,0.18081864294939326,0.4402716782284331,0.45996724484051676,0.0,True,True,-0.8002620628812859,False,4.2389436060780605
AAPL,2022-05-27,long,0.5624749952207622,0.6400141710006102,0.268576416855305,0.0,True,True,-1.901444078012822,False,-11.868491642421963
AAPL,2022-06-13,short,0.5130430661379077,0.7222495467535551,0.3628709659028281,0.0,True,True,1.5382464293051947,False,-4.2159460832919216
AAPL,2022-06-23,long,0.08994791393835519,0.4392887419103453,0.24403864132925862,0.0,True,True,-1.677530373130827,False,6.342679508197735
AAPL,2022-08-22,short,0.34916965694852364,0.5597922332975345,0.1834966731447453,0.0,True,True,-1.4587902416214773,False,7.7818430624745805
AAPL,2022-10-17,long,0.072933636537947,0.31066869804224256,0.1215552706597876,0.0,True,True,-1.1105348172850251,False,7.675037641475746
AAPL,2022-11-04,short,0.3776867804145221,0.48446822421391017,0.500174004971813,0.0,True,True,0.31273982074653245,False,-9.329385038132564
AAPL,2022-11-11,long,0.23839223858851105,0.6680618055161438,0.0944851037155227,0.0,True,True,-0.33656049887830475,False,-3.6606511566140476
AAPL,2022-11-29,short,0.4888094078682665,0.6435406331346152,0.309105541879748,0.0,True,True,-0.00584825133102911,False,-3.04598450405551
AAPL,2023-01-09,long,0.0538227933936987,0.4662492850432143,0.2623664688904596,0.0,True,True,-1.5794751443936195,False,9.512122023402704
AAPL,2023-02-21,short,0.3696567347627343,0.4417100732436459,0.1446690842979878,0.0,True,True,-1.3221113733092824,False,-2.101321205864859
AAPL,2023-03-16,long,0.19358421365530126,0.26543872750672315,0.1054877792230708,0.0,True,True,0.68498898753417,False,4.177086655266993
AAPL,2023-04-11,short,0.3069441322993176,0.43220063082992355,0.295951326319839,0.0,True,True,-1.1881320175865406,False,-1.8470188045437652
AAPL,2023-04-19,long,0.013939368065138433,0.187847725727543,0.11853878859281315,0.0,True,True,1.1368353857818265,True,-0.10736722718538427
AAPL,2023-04-20,short,0.041890391745477026,0.05673561889693781,0.1309899841948704,0.0,False,False,-1.120969225021352,False,0.5160596078717439
AAPL,2023-05-01,long,0.02987848896192185,0.25551811542284614,0.2567053399906776,0.1,True,True,0.9597558274841066,True,1.6026947283101833
AAPL,2023-05-02,short,0.020852996574911006,0.05082055346291203,0.40852992455060355,0.1,False,False,-0.9503818868614988,True,-2.235692989193905
AAPL,2023-05-05,long,0.1528106653732311,0.9057192434621846,-0.24032417597883957,0.2,True,True,0.9470287399690075,False,1.0556191537088644
AAPL,2023-05-16,short,0.08512076733545501,0.38393577910660115,0.24465052782947547,0.3,True,True,-1.0768072787783207,True,-3.01041553230994
AAPL,2023-05-18,long,0.04185996989887231,0.3257525387626574,0.15867015968205528,0.3,True,True,1.1191700731630385,True,3.3704290727551323
AAPL,2023-05-22,short,0.057890455015144254,0.2400508215267226,-0.030628787676564354,0.4,False,False,-1.1621484852041262,False,-2.8759867132907457
AAPL,2023-05-31,long,0.09457782422107269,0.36856411339843487,0.38440874787991297,0.5,True,True,1.3663660464201905,False,3.779967579334431
AAPL,2023-06-26,short,0.09896626973172351,0.7404664078224947,0.2295621953227249,0.5,True,True,-4.171749331665204,True,-1.5167168602945535
AAPL,2023-06-27,long,0.1894467613587475,0.2901374530604877,0.134370731300281,0.5,False,False,4.240726033324636,False,0.9093011168138654
AAPL,2023-07-10,short,1.3483226864772506,1.437136624978948,0.6767996038853373,0.5,True,True,-4.44845207766145,False,-2.1949939857217604
AAPL,2023-08-25,long,0.11239198717955425,0.35515386246416186,0.5038318386810541,0.5,True,True,-1.354232646931012,False,0.4198999045906371
AAPL,2023-09-11,short,4.094919612572763e-05,0.25146863345379644,0.6858600277194183,0.4,True,True,0.28200761058546364,False,1.8287112004163553
AAPL,2023-10-04,long,0.014216918674420199,0.2183624504828394,0.17135988416201556,0.3,True,True,-0.8830976849927985,False,1.2553270046609333
AAPL,2023-10-20,short,0.07691634213048776,0.4100590643064618,0.30539788859979,0.3,True,True,0.16020251705683614,False,-2.1806883679921896
AAPL,2023-11-02,long,0.41175424712488484,0.817960541673975,0.37638822743189804,0.2,True,True,-0.44509100200341867,False,6.977482453959194
AAPL,2023-11-30,short,0.015433803134777128,0.20559763924561794,0.3085515206470344,0.1,True,True,-1.5188081125247497,False,-4.295870822622105
AAPL,2023-12-08,long,0.12519967020703274,0.1707544855852582,0.09544114784765002,0.1,True,True,1.4893980385963523,True,-1.0781303589469382
AAPL,2023-12-11,short,0.05844366477624652,0.18542021592296065,0.007463641174148197,0.1,False,False,-1.4303197048335543,True,0.06729425064688765
AAPL,2023-12-13,long,0.18253143034696065,0.2570388405612719,-0.009314624103808424,0.1,True,True,1.4922763634761977,False,-2.212566133561955
AAPL,2023-12-19,short,0.10064943733702804,0.10959850112438697,0.05998148612183429,0.2,True,True,-1.4158929459493401,False,7.631751707152901
AAPL,2024-01-19,long,0.2519889480497823,0.6128362045598302,0.2021383264519277,0.2,True,True,-0.44642978925287385,False,-2.9807712154225063
AAPL,2024-01-31,short,0.21233695431758126,0.7405271833411273,0.3740560188988537,0.2,True,True,-0.04215158563511447,False,0.008149570158333397
AAPL,2024-03-18,long,0.25493891919983075,0.34477472883214416,0.2942102969333744,0.2,True,True,-1.3967523230055459,False,-2.8091205070582936
AAPL,2024-04-19,short,0.3558442169728804,0.5919408270443248,0.570525651156162,0.2,True,True,0.7711926284973413,False,-11.139396757561837
AAPL,2024-04-25,long,0.37650160689771345,0.4228148859424968,0.10269617333020263,0.2,True,True,-0.7122153866076882,False,8.64089025428183
AAPL,2024-05-29,short,0.08391261311543508,0.1898662826832305,0.41827711084632774,0.2,True,True,-1.784743926039543,False,-11.971206234941501
AAPL,2024-06-05,long,0.10428058079008518,0.12267163513394092,0.0526930563286351,0.2,True,True,1.6586924929225473,True,7.050600660871664
AAPL,2024-06-06,short,0.029785798132969443,0.13463545513633884,0.027856342004514544,0.2,False,False,-1.6020598736986413,True,-6.689636790851861
AAPL,2024-06-07,long,0.07101331707407284,0.10108011173973704,0.012534501933237732,0.2,True,True,1.606549315063938,True,5.713855853408623
AAPL,2024-06-10,short,0.325244886694819,0.39653165454994155,-0.017516342520862406,0.2,True,True,-1.4835476451197656,True,-8.259120524069651
AAPL,2024-06-11,long,0.8278736867552742,1.1500803731403864,-0.07231760329153077,0.2,True,True,1.7575273949376358,False,2.944727510363543
AAPL,2024-06-25,short,0.3202007244926139,0.3565203749871236,0.698759725332655,0.4,True,True,-1.860008675938251,False,-11.436338755357722
AAPL,2024-07-02,long,0.07869673888820367,0.3927124216477219,-0.01422682352429476,0.4,True,True,1.7626667304179673,False,3.908824971274827
AAPL,2024-07-18,short,0.7174298323815032,0.9096577086821391,0.22245737007714197,0.4,True,True,-1.7466682452890534,False,2.596114527366722
AAPL,2024-08-14,long,0.02132716756141497,0.4117994448719745,0.5203838903065234,0.4,True,True,-0.007990200474191748,False,2.151359265470698
AAPL,2024-09-04,short,0.3880660367185067,0.44042989050241016,0.16441309806221338,0.4,True,True,-0.557530719257282,False,0.07244198388483003
AAPL,2024-09-20,long,0.2716592113122089,0.371199190971995,0.24618854514092106,0.4,True,True,0.17843532301696854,False,-0.6134885353874742
AAPL,2024-10-07,short,0.4018117470485149,0.4334980550919544,0.18141419341852316,0.3,True,True,-0.2927502865145642,True,-6.671467653478591
AAPL,2024-10-10,long,0.06312906662730151,0.16226025309496653,-0.020813571355708854,0.3,True,True,0.3988029885844359,False,0.6680173461478978
AAPL,2024-10-25,short,0.20097919293320585,0.28199431571200406,0.42941426328809507,0.2,True,True,-0.6944495369872971,False,1.8150751671905607
AAPL,2024-11-19,long,0.2976927693014592,0.3052440411800401,0.35057013861353853,0.1,True,True,-0.1510644418386858,False,6.452600662866215
AAPL,2024-12-30,short,0.016054169216185833,0.5988200890456827,0.03975929494934544,0.1,True,True,-2.8389148434976943,False,5.681994566794257
AAPL,2025-01-29,long,0.2469160412586267,0.6571686757813359,0.549723994279103,0.1,True,True,-1.2448267023480053,False,-0.9314754721732488
AAPL,2025-03-03,short,0.09676466132180397,0.2880767259603892,0.3735617077836505,0.1,True,True,-0.5251918827228524,False,10.09536013919351
AAPL,2025-03-25,long,0.06438107181277904,0.467972817786367,0.3898445713098139,0.1,True,True,-1.4737218848385192,False,-22.940786897907074
AAPL,2025-04-03,short,0.04023871350602177,1.0191445498248786,-0.13975000509229069,0.1,True,True,1.11149862269422,False,3.056255391067342
AAPL,2025-04-15,long,0.07125164511107013,0.5384697500545513,0.595570487742111,0.1,True,True,-1.867414121198888,False,5.125157758769383
AAPL,2025-05-08,short,0.0806474362582054,0.17068328059693655,0.46783154178813474,0.1,True,True,0.5904788106658291,True,-2.093288923733172
AAPL,2025-05-12,long,0.40358236555853705,0.5275236268184453,0.11259845219435469,0.1,True,True,-0.41031185247674534,False,-5.019193131278998
AAPL,2025-05-22,short,0.023703334466533686,0.2826696760278635,0.26230492680390455,0.1,True,True,0.0667351648162619,False,-1.2713532173540099
AAPL,2025-06-06,long,0.11711416278613575,0.16717817906124713,0.0941158942584829,0.1,True,True,-0.3283877617178788,True,-1.1867376871660396
AAPL,2025-06-11,short,0.029413389890013134,0.18069153410094654,-0.033131927836097266,0.1,True,True,0.36235508749754686,False,-1.1168115112343946
AAPL,2025-06-23,long,0.15496374926842382,0.2882274380257364,0.07540710740610429,0.2,True,True,-0.4446983663910368,False,4.223318420318134
AAPL,2025-07-29,short,0.17123936651609153,0.4587631835723617,0.10303849144659834,0.2,True,True,-0.6722385223616947,False,-8.823120013678597
AAPL,2025-08-07,long,0.11888793250824614,1.6391626681405782,0.22706874774637756,0.2,True,True,0.28590945925878586,False,2.329349832981764
AAPL,2025-08-25,short,0.1972149669270546,0.2915748667330364,0.5937670752417061,0.2,True,True,-1.2699466652141973,False,-3.1651724906752943
AAPL,2025-09-03,long,0.1358639043250887,0.5081043936279431,-0.03986824946717147,0.2,True,True,1.3647921009442747,False,0.21806128527843693
AAPL,2025-09-10,short,0.9343596278754991,0.9541746863032635,0.15905628029512586,0.2,True,True,-1.3555027627568546,False,-11.252698503424586
AAPL,2025-09-19,long,0.3275003755820961,0.6961280970853572,0.21681074722214708,0.1,True,True,1.662026245532473,False,5.099809586763393
AAPL,2025-10-07,short,0.06269124202612343,0.2930144366922856,0.20486460422049085,0.1,True,False,-2.3568531891023885,False,-2.4524190036885773
AAPL,2025-10-23,long,0.0488536239337856,0.09726256990244642,0.6462098854621031,0.1,True,True,1.4623968879040163,False,3.9255720497882285
AAPL,2025-11-07,short,0.1973805836393385,0.3753892282519401,0.27016760484008717,0.0,True,True,-2.2925487012534127,False,-1.2229190968286119
AAPL,2025-11-28,long,0.21074550388554028,0.2548378291545016,0.45184180826677384,0.0,True,True,2.3106215666259233,False,-0.20439938230256693
AAPL,2025-12-08,short,0.2759943024784677,0.5294489508867961,0.3449866227473607,0.0,True,True,-2.596497119732811,False,2.4901827196264437
AAPL,2026-01-28,long,0.27638422080420455,0.3876050466638149,0.537158780663987,0.0,True,True,-1.24680890245321,False,7.5330580699267236
AAPL,2026-02-13,short,0.009291971794211101,0.9148845497947666,0.47148473961387005,0.0,True,True,-0.30930917660423285,False,-3.4951843779726266
AAPL,2026-02-24,long,0.08558991883241754,0.3944718663547264,-0.007499762205579717,0.0,True,True,0.20881398058330014,False,-4.155961193039593
AAPL,2026-03-02,short,0.07796582844075807,0.24209697564811591,-0.02518556313746137,0.0,True,True,-0.257038125201613,False,4.495303787135829
AAPL,2026-03-31,long,0.0913347307044587,0.3905646770709703,0.025925559318055152,0.0,True,True,-0.9877829972205309,False,4.9804932952986825
AAPL,2026-06-03,short,0.22090627017712602,0.3148328671091991,0.20965106549822934,0.0,True,True,-1.9771761088141384,False,4.612260540849289
AAPL,2026-07-02,long,0.1629771455010062,0.9648613725571873,0.32207889851164967,0.0,True,True,-0.1522155114821926,False,8.135951276231834
AAPL,2026-07-31,short,0.7656671060692088,1.1251283832146783,0.0872145744591907,0.0,True,True,-1.4378610957454014,False,0.8792777991625367
AAPL,2026-08-26,long,0.07584784405673915,0.14601725681925926,0.04934743975750598,0.0,True,False,-0.2411341324135911,False,4.185673825567382
ABT,2018-06-13,short,0.23539526980383793,0.35363148672906713,0.20645650882299402,,True,True,-1.415631703708066,False,3.416914666104076
ABT,2018-07-09,long,0.04630638264781496,0.520565776655546,0.3669221701132783,,True,True,-0.0997131879815492,False,1.6721353666767191
ABT,2018-08-07,short,0.13326873098930941,0.3454459354540711,0.2482822484919472,,True,True,-1.6171894841060384,False,-0.015434349219112242
ABT,2018-08-23,long,0.2765768856270572,0.3412761553237408,0.31491001189536033,,True,True,0.9349283772976003,False,0.5772428270168328
ABT,2018-09-06,short,0.13735145758185272,0.48406619220566943,0.2965641851267323,,True,True,-1.627272294325422,False,-4.49639172157088
ABT,2018-09-13,long,0.4689666107916091,0.734259425594164,0.038741547585774465,0.0,True,True,1.8776639261503338,False,6.598522062998846
ABT,2018-10-05,short,0.13206382141417158,0.7899238719317605,0.7653668309804814,0.0,True,True,-3.548636152658455,False,5.185935887898319
ABT,2018-11-02,long,0.40398583978475844,0.4227179970626796,0.5029809108720833,0.0,True,True,-0.13155750293971294,False,2.635688432671346
ABT,2018-11-20,short,0.3397495827256645,0.4639505091325089,-0.01113104809118931,0.0,True,True,-0.5911686969399905,False,-3.591143462597679
ABT,2018-11-28,long,0.05030840413508497,0.8271127533417723,-0.02280854507270254,0.0,True,True,0.32839046204541694,False,-0.8924648774396138
ABT,2018-12-10,short,0.1949860465578137,0.19706387369587652,0.4931967443295733,0.0,True,True,-0.8576419573055721,True,7.557812352159344
ABT,2018-12-12,long,0.05564343107861746,0.19246967513359137,0.17523483839046458,0.0,True,True,0.9842169863109467,True,-2.6196015489693636
ABT,2018-12-14,short,0.2660323859850936,0.34666707253105544,0.045879577626997715,0.1,True,True,-0.7994797375793617,False,-2.218757600753829
ABT,2018-12-31,long,0.5116359906911219,0.7563702250706309,0.7640127162983746,0.2,True,True,-0.19661166539886696,True,-2.1197175774229526
ABT,2019-01-03,short,0.7087512816618882,1.0062208659618601,0.2314666925790927,0.2,True,True,0.7408259146677445,False,-6.987307837594647
ABT,2019-01-11,long,0.10577931986381921,0.21074455519059748,0.18740919236132947,0.3,True,True,-0.5949753831251309,False,0.057946081260062954
ABT,2019-03-07,short,0.11863672306010237,0.6437551931198121,0.22712147781214614,0.3,True,True,-2.450751820806952,False,-4.244810654117415
ABT,2019-03-15,long,0.07342901850693306,0.3503112470107618,0.1455494221902946,0.3,True,True,2.164742599659341,True,0.10020146482652148
ABT,2019-03-18,short,0.13580331309038174,0.21042474065704306,0.17995978144994654,0.3,False,False,-2.080434472886105,True,-1.0529145600852496
ABT,2019-03-19,long,0.05921303738584184,0.19783963957071526,0.10891097605124661,0.3,True,True,2.117665617810809,True,-0.42518975984563445
ABT,2019-03-22,short,0.7532289588367085,0.8409566816531665,0.01781075489123342,0.5,True,True,-1.8546554562327446,False,-1.3209970605763566
ABT,2019-04-26,long,0.19010003170230802,0.8129755283824952,0.8512172864626217,0.5,True,True,-0.32106962518538096,False,-2.685855954216676
ABT,2019-05-08,short,0.1875051513851155,0.6970066867340916,0.27755724702687584,0.4,True,True,-0.10051494972642844,False,-0.052490757856871184
ABT,2019-05-30,long,0.030305512672401964,0.25139461467567603,0.09284563145503157,0.4,True,True,-0.46723099965860804,False,7.540527676498177
ABT,2019-07-01,short,0.06350104643236035,0.08727423060612194,0.4145208080343783,0.3,True,True,-2.0834749869823828,True,1.2055354338709523
ABT,2019-07-03,long,0.05016335054509444,0.11958977256198258,0.055727672368604035,0.3,True,True,2.0903432185472886,True,2.8592340482985756
ABT,2019-07-08,short,0.1820591067002893,0.18477679008653194,0.023084643472788886,0.4,False,False,-1.9871368013962711,False,-3.889795273502128
ABT,2019-07-19,long,0.21175345060810416,0.428023488891801,0.327538758622005,0.5,True,True,1.679012806662592,False,-1.9087700387044548
ABT,2019-07-31,short,0.3526389735571869,0.5358060211087169,0.19129068555025047,0.4,True,True,-1.7934234563007534,False,3.6279993518548714
ABT,2019-08-30,long,0.018753538859439516,0.4663136759713281,0.36809005789550875,0.3,True,True,-0.32922263094246085,True,-2.297180033459556
ABT,2019-09-03,short,0.028267498683770625,0.04792252525856809,0.44923817021316104,0.3,False,False,0.3418145902030604,True,0.5710330739145064
ABT,2019-09-04,long,0.0014675659230847606,0.03095896567585133,0.3238804822289587,0.3,True,True,-0.3326276952608683,False,-0.6886531110669836
ABT,2019-09-10,short,0.008634602380833804,0.5592103215103589,-0.1830296838936854,0.4,True,True,0.2129271646195116,True,0.9253357668966622
ABT,2019-09-11,long,0.050434634706826444,0.05907466206269137,0.17990982675809403,0.4,False,False,-0.1966019501293215,True,-1.9640202452190114
ABT,2019-09-16,short,0.1987036893875914,0.36326692038125796,-0.05200444842148358,0.5,True,True,0.24593392768213343,False,-0.3719012134475008
ABT,2019-10-15,long,0.2908758682067514,0.9469439877594545,0.2846653606309863,0.5,True,True,-0.952318717855473,False,1.7930860917185765
ABT,2019-11-22,short,0.2174236047689564,0.22496142210552567,0.3319788332615581,0.4,True,True,-0.6382918363284051,True,-0.15525696172402625
ABT,2019-11-26,long,0.22612070470135734,0.35042424439414604,0.0775145077703859,0.4,True,True,0.7766075656446996,False,-0.5970505224761058
ABT,2019-12-03,short,0.13000370707911313,0.2937956901969524,0.022075267490854002,0.5,True,True,-0.7902027270668166,True,-3.200526828948558
ABT,2019-12-06,long,0.06339360930516967,0.08201220683307367,0.05081534662548977,0.5,True,True,0.857196716464277,True,1.3804528331637034
ABT,2019-12-09,short,0.49548273642263096,0.5594948371036305,0.0243628943206332,0.6,True,True,-0.6948324693072648,False,-4.149271372968588
ABT,2019-12-13,long,0.2731477523703227,0.39956054081387465,0.13182176484088529,0.5,True,True,0.899536027238497,False,0.5211314166882142
ABT,2019-12-31,short,0.21294314585115134,0.29789024331886993,0.2425471446505426,0.5,True,True,-1.365936235940506,False,-1.0258977052528984
ABT,2020-01-16,long,0.5018071150158576,1.2657494206457618,0.4383856674011732,0.4,True,True,0.71660342213742,False,-1.2913705631246941
ABT,2020-01-31,short,0.9962264427393505,1.4102243863081838,0.7164788218937939,0.3,True,True,-1.3842664415754342,False,-2.891906655960441
ABT,2020-03-18,long,0.11141089087127308,0.49053166707249374,0.3529428912168562,0.3,True,True,-2.1079368037186366,True,-3.3938932260530574
ABT,2020-03-19,short,0.3926117337354012,0.5045181140099776,0.09289774864131904,0.3,False,True,2.246195922240046,False,-6.630825407530239
ABT,2020-03-27,long,0.12426775932186317,0.7627452627481306,0.7900908748665567,0.3,True,True,-2.2936919705613783,False,15.142186246963863
ABT,2020-04-29,short,0.03917740269191341,0.30291406495416756,0.3705287260100638,0.3,True,True,-1.9079864292274509,False,0.13002150623485642
ABT,2020-06-23,long,0.015225526231081822,0.12495132423009717,0.07019221734735566,0.2,True,True,-0.026361133891017588,True,1.4019542250051753
ABT,2020-06-24,short,0.317210741208705,0.33319488363394906,0.08080481017261097,0.2,True,True,0.14439215706664604,False,-7.296715832144995
ABT,2020-07-01,long,0.2837307517476898,0.2953234715546632,0.12492097240137473,0.2,True,True,-0.046473177974699305,False,5.602662979012374
ABT,2020-08-04,short,0.09326360886302115,0.4519126940656034,0.3278759857117075,0.2,True,True,-1.151593569967183,False,-1.030725602881355
ABT,2020-08-27,long,1.5177671657490048,1.717964701369401,0.13783104059172058,0.2,True,False,1.498118275074402,False,-5.9214672762169185
ABT,2020-09-04,short,0.11287632929868467,0.840984991249272,0.478839265467773,0.2,True,True,-1.644759381450054,False,-1.7184672178916838
ABT,2020-10-01,long,0.40870437756554795,0.5588507937729856,0.5749501085126139,0.2,True,True,0.8670399618858269,False,-0.8857723638865389
ABT,2020-10-20,short,0.11001423100235824,0.1269511528511508,0.143080373319637,0.1,False,True,-1.2229884964679507,False,-1.1073936687236996
ABT,2020-11-04,long,0.3354386813129951,0.911961301470641,0.2840713938120786,0.1,True,True,0.7505681304744327,False,-1.578048816945754
ABT,2020-11-19,short,0.3662845093904974,0.37553623072914555,0.34362501094623893,0.1,True,True,-1.6897995922051718,False,2.7927926547238857
ABT,2020-12-17,long,0.18021947724552753,0.4842892225390633,0.23717348264343815,0.1,True,True,-0.5340469236951383,False,0.3033695855218399
ABT,2021-02-19,short,0.48832768894418,0.9313498862098136,0.4202359163586299,0.0,True,False,-2.8092077613992856,False,4.705788713625781
ABT,2021-03-22,long,0.3009637718813111,0.3504139660874044,0.2288682467269451,0.0,True,True,-0.13640053442862243,False,-1.234865124212181
ABT,2021-04-27,short,0.027618226133639075,0.2505886339215184,0.05937659032637312,0.0,True,True,-0.6267160785696424,False,2.7198124283553504
ABT,2021-05-25,long,0.07323591073431789,0.4404163840999776,0.2758847768025803,0.0,True,True,-0.562587353669987,True,-7.896955804696182
ABT,2021-05-26,short,0.015845303122176607,0.09170586865352193,0.23650299474532385,0.0,False,False,0.5768732072751702,False,5.653099968023268
ABT,2021-06-15,long,0.2802771534775254,0.3726174495544397,0.5368830673890486,0.1,True,False,-1.2766746141659062,False,6.158833496868121
ABT,2021-08-11,short,0.09025638933005156,0.267273857155777,0.012932343118389578,0.1,True,True,-1.1787605968725712,True,-2.700485865644886
ABT,2021-08-16,long,0.14612347462309433,0.24000312334517843,0.03631369415279916,0.1,True,True,1.2209694827371251,False,1.0268126199175276
ABT,2021-08-25,short,0.039843172875313755,0.32077274417936663,0.04320387742214496,0.2,True,True,-1.2508167229405633,False,-2.597397257208245
ABT,2021-09-02,long,0.24813945270899965,0.3259717054861623,0.13090781175218053,0.2,True,True,1.2127717003024225,False,-1.3230669316443344
ABT,2021-09-13,short,0.59973777213776,0.7652375476431098,0.14614248151195175,0.2,True,True,-1.1054769167010607,False,4.770177637172535
ABT,2021-10-15,long,0.13146462592898775,0.3191627060602868,0.35825997106090224,0.2,True,False,-1.1102653662067088,False,9.70295825480072
ABT,2021-11-11,short,0.09265117753312836,0.09665738419595712,0.15726353689880906,0.2,False,True,-1.1336484106275646,True,1.0766111564683656
ABT,2021-11-15,long,0.06400817190697569,0.11119007599763156,-0.008077574979032111,0.2,True,True,1.2284530875214517,True,-2.835284040919428
ABT,2021-11-18,short,0.1305112052376047,0.23281369949452935,-0.018350989283183496,0.3,True,True,-1.182285269500686,False,-2.060471948815845
ABT,2021-12-03,long,0.04439666463028322,0.3664548798402297,0.11529020271045988,0.3,True,True,0.5540414353330982,False,5.250649325764711
ABT,2022-01-04,short,0.6038305971808766,0.767238991362357,0.2833400540331687,0.3,True,True,-1.7363336987211886,False,6.8316944504647985
ABT,2022-02-02,long,0.4070586170495588,0.609611587434451,0.6149807086200559,0.2,True,True,-1.0813736500518372,False,-4.890791378589343
ABT,2022-02-15,short,0.16422550401453442,0.17862794353259795,0.3475369155967585,0.2,True,True,0.7178190336119846,False,2.9198446918194176
ABT,2022-03-03,long,0.13767603774549883,0.2435782335337338,0.15278139087186635,0.2,True,True,-1.1768849231939207,True,0.19012695001734414
ABT,2022-03-08,short,0.024909306525300056,0.2988887343555879,-0.05535797518317179,0.2,True,True,1.181100442378647,True,-4.978020858636123
ABT,2022-03-09,long,0.03662366396279117,0.06193717939052833,0.039081080807124705,0.3,False,False,-1.1553218506864913,True,-1.2416659598767477
ABT,2022-03-10,short,0.02877737963822226,0.0659728736081319,0.11242235674831465,0.3,True,True,1.1763804388342378,False,-0.7008688396551888
ABT,2022-03-16,long,0.32456522741353633,0.3958060274393336,-0.013965178018789676,0.4,True,True,-1.0687689597609757,False,0.7532605019673344
ABT,2022-04-18,short,0.44522161127926063,0.4922337569948622,0.3797465703336938,0.3,True,True,0.23613029348716982,True,2.9753247548003237
ABT,2022-04-20,long,0.6358453162869206,0.7322863596220687,0.12869883051295497,0.3,True,True,-0.004129487340696022,False,-5.658829587385316
ABT,2022-04-26,short,0.1289490299234689,0.7803103071634503,0.01274240557850222,0.4,True,True,0.02857744343799744,False,8.737304790711931
ABT,2022-05-17,long,0.07755178216139308,1.22903084016566,0.563045681368992,0.4,True,True,-1.41745028857548,False,0.4714644088828157
ABT,2022-06-10,short,0.5240359787439997,0.7769164151422265,0.37979732637157715,0.4,True,True,0.2142696536140432,False,0.5016875344191929
ABT,2022-06-27,long,0.17415524450438527,0.46393181432420966,0.5542505913598794,0.4,True,True,-1.933338089183208,False,-0.7150697631453706
ABT,2022-08-09,short,0.09462827346665202,0.2116113094407391,0.05887913795693088,0.3,True,True,-0.053745727598839714,True,1.7607437375656732
ABT,2022-08-10,long,0.08945585300627791,0.18735486478258243,0.06809328031623305,0.3,False,True,0.15424316445937444,False,-4.380170853639942
ABT,2022-08-22,short,0.4348619512169225,0.5541305656872846,0.2303093202839057,0.2,True,True,-0.2139004454460468,False,4.411356559215984
ABT,2022-09-08,long,0.11942190298767888,0.8795193144863828,0.33282266224734536,0.2,True,True,-1.2659153010560629,False,-5.533226053733498
ABT,2022-09-20,short,0.30017888253464337,0.511149953366545,0.3507257483371767,0.2,True,True,0.8926088305860231,False,-0.7526220948961937
ABT,2022-10-04,long,0.045370292815725854,1.1150856559224913,0.16360619155575623,0.1,True,True,-1.7840976422112331,False,2.3237528915527106
ABT,2022-10-20,short,0.34751528951485716,1.0799028368712908,0.06442322904023068,0.1,True,True,0.9696944331672909,False,-1.302379500412898
ABT,2022-10-31,long,0.09928496766894296,0.2131980369471202,0.19547463228457335,0.1,True,True,-1.2293849123984257,True,3.102905431008729
ABT,2022-11-03,short,0.03610307466554522,0.2979853463766354,-0.04755873691188845,0.1,True,True,1.2442000700931704,True,-6.334882286796817
ABT,2022-11-04,long,0.08040590549457426,0.11761971981178497,0.023293653279159107,0.2,False,True,-1.1889778764065952,False,5.914121793864324
ABT,2022-12-06,short,0.06454703152545069,0.683629346503936,0.18243413260248048,0.3,True,True,-1.45157468511452,False,-2.5322602381000037
ABT,2022-12-12,long,0.39491633938065424,0.44798652367695957,0.006045504780740235,0.2,True,True,1.4944799147147851,False,-0.8402498297883865
ABT,2022-12-19,short,0.460941060607807,0.5423600510815576,0.30974954485237094,0.2,True,True,-1.3079664351374278,False,-4.3343559692815115
ABT,2023-01-04,long,0.20786799056450492,0.3329011359985562,0.22010854209797936,0.2,True,True,1.0826064583572415,False,0.9857108337596454
ABT,2023-01-19,short,0.1374997608461405,0.31318769976221306,0.1330789884943823,0.2,True,True,-1.2235127271725772,True,-0.40250383912463494
ABT,2023-01-23,long,0.029083437108840364,0.19615145676763718,0.17477759479832644,0.2,True,True,1.2462964849343823,True,-2.8593928693172455
ABT,2023-01-24,short,0.2229237123451248,0.252441779709209,0.0509624640132066,0.2,True,True,-1.1823186741265335,False,0.4798611714879941
ABT,2023-03-20,long,0.021339940597331554,0.1972771529049355,0.16643958204058454,0.4,True,True,-1.619198094124096,False,3.800967432141955
ABT,2023-05-08,short,0.06974568100887078,0.20020963771034864,0.17220080075551025,0.3,True,True,-1.3519368281896693,False,2.389536457152208
ABT,2023-06-15,long,0.2947007624599559,0.38818197217831063,0.18737236790349912,0.2,True,True,-0.681847206458735,False,3.808819324440238
ABT,2023-07-12,short,0.06475717233668514,0.10558823489674295,0.1278741416663962,0.2,True,True,-0.29563616063435294,True,-7.27852804290392
ABT,2023-07-13,long,0.04810364885106694,0.11380328233953227,0.029897204553668576,0.2,True,True,0.3307814231775441,True,4.557288457237596
ABT,2023-07-18,short,0.03419050498701333,0.07787715869324101,0.00794533047345079,0.3,True,True,-0.3185693019152874,True,-3.347361924282044
ABT,2023-07-20,long,0.5596781411811647,0.6059707473421891,0.02946332176903945,0.4,True,True,0.5221591036099635,False,-3.836169349816765
ABT,2023-08-02,short,0.49275876424670717,0.5596457692250956,0.3755208534175889,0.5,True,True,-0.8299999211667931,False,3.765432227991883
ABT,2023-09-13,long,0.25620000712408525,0.27607303687818013,0.2368405001512786,0.4,True,True,-0.9047043688035622,False,-6.972440163068583
ABT,2023-09-20,short,0.007804213705928114,0.1313200414237238,0.1086783808505414,0.3,True,True,0.9402630586360635,False,4.6170694746608065
ABT,2023-10-06,long,0.020669620910354083,0.37843821125813215,0.1573341109063008,0.3,True,True,-1.6417159983266396,True,0.4497823263443612
ABT,2023-10-11,short,0.0747052192287739,0.745498012495932,-0.10136896109947992,0.3,False,False,1.6288120349444335,False,-1.5630258450932022
ABT,2023-10-18,long,0.2977157401789653,1.0489886595600413,0.07387686331568669,0.4,True,True,-1.7022886017190368,False,-0.5755530059563418
ABT,2023-12-21,short,0.017392747193850203,0.05519893334542117,0.13663290841529713,0.4,True,True,-1.5364468309774628,False,-3.6135729397690053
ABT,2023-12-28,long,0.048244105612411665,0.06385780676862607,0.0009376503036397983,0.3,True,True,1.4801531725574624,True,3.686878843767971
ABT,2023-12-29,short,0.031721698955929724,0.0801580681800812,-0.010186566153914233,0.3,False,False,-1.441682501734197,False,-3.8517064050679117
ABT,2024-01-09,long,0.08243515928960052,0.16738658709937582,0.11443823162720627,0.2,True,True,1.3204640221775015,False,-1.2639548652744415
ABT,2024-01-22,short,0.07624589164622139,0.22644802629475183,0.11725385119039394,0.2,True,True,-1.3276963624154208,False,2.224371563913774
ABT,2024-02-20,long,0.38566074515522863,1.2238961887107607,0.4666804024844191,0.2,True,True,0.49180262467115077,False,1.5774940996089226
ABT,2024-03-13,short,0.163091255802393,0.28768162959069193,0.11541717310288392,0.2,True,True,-1.514239649011893,False,5.559252027349604
ABT,2024-04-26,long,0.06321308388522218,0.23377322890086114,0.16845214497486763,0.2,True,True,-1.0731405931331592,False,-2.5946324192641423
ABT,2024-05-21,short,0.019778725441400604,0.12166105027163167,0.013566187215060517,0.1,True,True,0.9018879324634603,True,-0.2622330294455466
ABT,2024-05-22,long,0.33420527164148506,0.35389309895116666,0.09489062108149826,0.1,True,True,-0.8225238041502564,False,-0.524712527076665
ABT,2024-05-29,short,0.3580682051563112,0.49075697118851597,0.07631510962033383,0.2,True,True,0.9244747091360174,True,-3.6235126798568107
ABT,2024-06-03,long,0.11153531245512033,0.3989853447453543,-0.038332602696110975,0.2,True,True,-0.8797825491785162,False,0.5638145767036695
ABT,2024-07-01,short,0.35687558088485827,0.6539791997370816,0.44542361604452,0.2,True,True,0.11410105899852258,False,-0.06296844161204351
ABT,2024-07-12,long,0.09701292973108651,0.5557576681654889,0.27727847200537664,0.2,True,True,-0.3028798196902312,False,1.5144168933599378
ABT,2024-07-18,short,0.4307203946851821,1.34242087777564,-0.2718339782944628,0.2,True,True,0.36135134986643785,True,-10.072950117905233
ABT,2024-07-22,long,0.20737222144881085,0.6801290804574863,-0.10525099284059175,0.2,False,False,-0.2949913276125288,False,4.733879267251662
ABT,2024-09-05,short,0.06080159144678713,0.4876269802141824,-0.05372141963424737,0.3,True,True,-1.4331561434327271,True,-0.9283821214622012
ABT,2024-09-09,long,0.3900261190919827,0.6094573350671075,0.07472419622011428,0.3,True,True,1.4916003131157611,False,-1.3914058338762803
ABT,2024-09-18,short,0.33140578765297357,1.0581020814215918,0.04479171394867794,0.4,True,True,-1.504974636113773,False,1.0793798224997264
ABT,2024-10-10,long,0.19771626431525632,0.32543382902629275,0.4781648888117069,0.3,True,True,0.36453090722447146,False,1.270759734425675
ABT,2024-10-25,short,0.6152295480819615,0.8548246058328421,0.42038277372807237,0.3,True,True,-0.9263382744949145,False,-2.074945591102839
ABT,2024-11-05,long,0.2929147890924186,0.3400189563034079,0.5153747957824744,0.2,True,True,0.7623565026816401,True,-0.5096570168017678
ABT,2024-11-07,short,0.17054727332490086,0.4228572014561333,0.11310212265178161,0.2,True,True,-0.6331872715661314,False,-1.6999013046046452
ABT,2024-11-22,long,0.21060696073810778,0.243421746393184,0.0719175701258153,0.3,True,True,0.59781474194022,False,-2.4286712350966355
ABT,2024-12-03,short,0.24512229604296004,0.5180323459333034,0.08124608366377656,0.3,True,True,-0.7187466277152638,False,2.5797653232295548
ABT,2024-12-26,long,0.4403087333076315,0.5477065233740065,0.6584336578338137,0.2,True,True,-0.6772878835602003,False,-1.804457500092893
ABT,2025-01-10,short,0.005725289075275303,0.4729941526634314,-0.09309684220231505,0.2,True,True,0.6523391733330277,True,-15.848273491151122
ABT,2025-01-13,long,0.056419831662199806,0.06243735315039873,0.007068191284920219,0.2,False,True,-0.6373578478893603,True,13.13588203011018
ABT,2025-01-15,short,0.47895469403388713,0.5438584792414505,0.16030409142404106,0.2,True,True,0.7432760786607521,True,-15.940598327503164
ABT,2025-01-16,long,0.4663701025880048,0.9511162304459305,-0.15932585326159937,0.2,True,True,-0.568728033979129,False,12.307965085466254
ABT,2025-02-14,short,0.054282544130847925,0.3430019340158596,0.2313525343945706,0.4,True,False,-2.679987818767115,False,-7.357790992113755
ABT,2025-02-25,long,0.094702590701455,0.10056427256871563,0.13830354089825186,0.4,True,True,2.37359594482243,False,-2.326614274096739
ABT,2025-03-05,short,0.006803969489075347,0.26564930525174996,-0.08440363952298503,0.3,True,True,-2.2299197043807575,False,7.472214226846674
ABT,2025-03-31,long,0.14487915554035777,0.4260752214745329,0.42124034102510555,0.3,True,True,-0.19854787582762679,False,-3.53559670398228
ABT,2025-04-04,short,0.15089704482749577,0.646884839780892,-0.11557292571202346,0.3,True,True,0.20233755329134048,False,-4.863132282745752
ABT,2025-04-16,long,0.2997564436330953,0.5295003706823777,0.25105080925770895,0.3,True,True,-0.36252838865768544,False,0.9097900225544908
ABT,2025-05-13,short,0.0972117099882267,0.5433041527237507,0.14914860736814284,0.3,True,True,-0.4592882237059486,True,-2.3014334737908815
ABT,2025-05-16,long,0.12678283034003426,0.338581428752867,0.07756547546806254,0.3,True,True,0.48974849765567313,False,-0.9124500484929965
ABT,2025-05-22,short,0.06110046981163281,0.3607952569728643,-0.05490008444182295,0.2,True,True,-0.5293835994370089,False,-1.5817497749130993
ABT,2025-06-11,long,0.2017375400039716,0.32692933672344515,0.015355104881379589,0.1,True,True,0.4395415904545929,False,-1.1901310547942079
ABT,2025-06-17,short,0.4814326552332809,0.7366022916467105,-0.015396400108580741,0.1,True,True,-0.3826051468604641,False,-1.383421677411678
ABT,2025-06-24,long,0.24146087436904973,1.3209538714914295,-0.1856284486282854,0.1,True,True,0.39033233101498077,True,-3.5196842792652117
ABT,2025-06-27,short,0.08242286792528292,0.2758858120016724,0.30736210660703656,0.1,True,True,-0.39253493616845536,True,1.7487651272495408
ABT,2025-06-30,long,0.1674331770401192,0.2506824070231324,0.05625947469335905,0.2,False,True,0.4395642836744683,True,-2.8893212784876
ABT,2025-07-02,short,0.17203157419712367,0.5548696818183942,-0.05784048742052055,0.2,True,True,-0.4159013513133591,False,9.7375657821963
ABT,2025-07-30,long,0.34797616319830454,0.7520137151251157,0.7320818024399186,0.4,True,True,-1.464067617283608,False,0.6612137215342484
ABT,2025-09-10,short,0.5218527707951466,0.5290081365677505,0.06666165782653187,0.4,True,True,-0.34644705761310635,True,-3.501865931244086
ABT,2025-09-12,long,0.036691361541376595,0.3278447165370178,-0.04953632573139084,0.4,True,True,0.5624512334124347,True,-0.13461146713190653
ABT,2025-09-15,short,0.17028060768384345,0.2070301735394113,-0.009861705945088593,0.4,False,True,-0.45405899981757974,True,-1.3553562175649958
ABT,2025-09-17,long,0.23325227207051097,0.298551503061797,0.07708639676663884,0.4,True,True,0.6448220792005953,False,-0.5217400005747996
ABT,2025-09-26,short,0.06520719408393921,0.2796646689353188,0.3232640723892634,0.6,True,True,-0.946913131873859,False,0.7337920025286992
ABT,2025-11-07,long,0.15104511125536654,0.6670026652706309,0.45726692547497344,0.6,True,True,-1.669378339396165,False,1.3849321113217572
ABT,2025-12-03,short,0.18706962578462216,0.4727242149386089,0.14569630974248138,0.5,True,True,0.3279933493656455,False,-1.1333681544798635
ABT,2025-12-15,long,0.2925705948140322,0.9652634823509086,0.30852506833636467,0.4,True,True,-0.8660272628466049,False,-2.093875900994646
ABT,2026-01-13,short,0.046105337581411915,0.39045052051888174,0.29141717089381936,0.3,True,True,0.20829098835459128,False,14.250045983136971
ABT,2026-02-06,long,0.059948242460630616,0.7087274554615757,0.5440407096487505,0.3,True,True,-2.7982797231630476,False,4.024177912668492
ABT,2026-03-06,short,0.10633720135921054,0.4188744056632681,0.3278614843058848,0.3,True,True,0.5335954980146187,False,3.742243019714586
ABT,2026-04-08,long,0.003235885544115934,0.28024105193227894,0.12308172669394225,0.2,True,True,-1.8262014610812107,True,-10.896780880389557
ABT,2026-04-10,short,0.021504051152628673,0.1661809455073368,0.0855036030105837,0.2,True,True,1.816435296335565,True,8.572569046392786
ABT,2026-04-14,long,0.045356475562589156,0.08686053979030714,-0.012447904021646208,0.2,False,False,-1.7948756938618875,True,-6.5325619223082665
ABT,2026-04-16,short,0.3599721946667485,0.6784469410148541,-0.09751619348100489,0.2,True,True,1.9450675489654483,False,4.90206462448648
ABT,2026-05-15,long,0.15778104525486422,0.42593283641193824,0.43074874436678523,0.3,True,True,-2.766665336608255,False,3.918542705088446
ABT,2026-07-14,short,0.5983662623330788,0.7135750186531172,0.33602348601720916,0.3,True,True,-0.4936356364464161,True,-21.442312260150853
ABT,2026-07-16,long,0.12963480608740424,1.0466749550354748,-0.11322081439439462,0.3,False,False,0.6414029360708425,False,6.86026373943307
ABT,2026-08-26,short,0.040746047763569104,0.5413740304528633,-0.05775595541898582,0.4,True,True,-1.3934988822820515,False,9.412794046798744
AEHR,2018-06-19,short,1.2976739247057516,1.429015248549623,0.49772065529237275,,True,True,-1.1755057361420573,False,-1.9999980926513672
AEHR,2018-07-09,long,0.4379329662835572,0.5968604528142923,0.5256768994642537,,True,True,0.007591173112683728,False,-5.535058791733372
AEHR,2018-07-24,short,0.1491877812594041,0.3559825094215416,0.1252872756733282,,True,True,-0.37182938258209486,False,9.803921751955846
AEHR,2018-08-15,long,0.22937490240240396,0.32496186413750916,0.1681345935103153,,True,True,-1.1310776657656108,False,8.264454667762733
AEHR,2018-09-07,short,0.04515063610868385,0.2676711636926596,0.3040951858865444,,True,True,-0.2565478189473524,False,-2.8571400767513078
AEHR,2018-09-20,long,0.04136188702866796,0.4538782216040849,0.33886758605154704,0.0,True,True,-0.24825748732915648,False,-22.39999771118164
AEHR,2018-09-27,short,0.2547688235070304,0.6092196539462466,0.020508255601335304,0.0,True,True,0.19766328101357997,False,19.827583283363058
AEHR,2018-10-16,long,0.6267903026972659,0.8739311064121839,0.7567179605998859,0.0,True,True,-1.6258421705011026,False,-15.000001625581183
AEHR,2018-10-29,short,0.09819073864886113,0.3114429909182807,0.16529514439171664,0.0,True,True,1.4204317054576585,True,-3.2085530816334584
AEHR,2018-11-01,long,0.255817063690372,0.39541569789086606,0.028405296881227428,0.0,True,True,-1.4131302059854092,False,0.0
AEHR,2018-12-04,short,0.002586075384803319,0.07743634255469736,0.16050603721289475,0.1,True,True,0.7463035115787345,False,23.809520205312463
AEHR,2019-01-02,long,0.2403207837305507,0.9200653315540626,0.3499831642440354,0.1,True,True,-2.5919557295667652,False,-25.974025069249752
AEHR,2019-01-15,short,0.06136682495441284,1.0269301163739777,-0.03867528400162663,0.1,True,True,1.9470861891128526,False,-0.82644546677626
AEHR,2019-01-29,long,0.38654524294761666,0.7397275677618655,0.3880728732509789,0.1,True,True,-2.6278397267994156,False,8.130083113103058
AEHR,2019-03-07,short,0.23017794206317202,0.2416516559830205,0.23630990238320707,0.1,True,True,-0.2985528948482869,False,-0.7407400212333881
AEHR,2019-03-14,long,0.0782937072452105,0.22272751738663185,0.14448552000348938,0.1,True,True,0.2915799443287801,False,-4.79452401528232
AEHR,2019-03-20,short,0.13644167743803723,0.16298565013958669,0.017831913659577724,0.1,True,True,-0.2172623847217366,False,-11.594200519873432
AEHR,2019-04-03,long,0.559307073667603,0.6081823198309895,0.07129599659830337,0.1,True,True,0.2494461775157067,False,9.090908387194286
AEHR,2019-04-22,short,0.07258299009751623,0.25791794657072337,0.4382682977488389,0.1,True,True,-1.1308463668627369,False,2.3668686217741874
AEHR,2019-05-28,long,0.1517617516237603,0.16571334209782812,0.3999717385314075,0.0,True,True,0.09392385485613575,False,3.6144616382703276
AEHR,2019-06-07,short,0.042256446290322915,0.26500891371524976,0.27084660394350685,0.0,True,True,-0.3495497530758422,True,3.61445445698767
AEHR,2019-06-10,long,0.004511093685337601,0.04700633093727167,0.2132230266105826,0.0,False,False,0.365818027813694,True,-7.602338732840153
AEHR,2019-06-12,short,0.1415203215094649,0.20730545187721255,0.05357526935531136,0.0,True,True,-0.3423203559572315,False,8.383232891771165
AEHR,2019-07-16,long,0.08877434286756108,1.1721961675093107,-0.18456293510201774,0.2,True,True,-0.7840197809582411,False,-13.414636007878567
AEHR,2019-07-23,short,0.2454760849109147,0.443257411997605,0.31901326176601863,0.2,True,True,0.6020091016020734,False,11.999996503194177
AEHR,2019-08-15,long,0.039658411874963294,0.1974237198041252,0.0705171105864056,0.2,True,True,-1.4204856591069488,False,0.0
AEHR,2019-09-24,short,0.03384493653037326,0.1365123187867593,0.14332211965835912,0.2,True,True,0.05898384830056446,True,-27.007299524128705
AEHR,2019-09-26,long,1.8727572950489133,2.055933174026091,0.07838965689512375,0.2,True,True,0.7182174155091791,False,0.5988018395350014
AEHR,2019-10-22,short,0.291570744729491,0.47766776774914066,0.30991458356636664,0.3,True,True,-1.8612677126872963,False,3.954798530910497
AEHR,2019-11-12,long,1.1276990727789422,1.2623810156275586,0.4479276060998654,0.3,True,True,0.9253259460670058,False,-6.7961159992064974
AEHR,2019-11-25,short,0.3664884362105665,0.7852385085267133,0.6074516856025602,0.3,True,True,-1.5759095667340577,False,-5.2631592156154205
AEHR,2019-12-30,long,0.10902639187715925,0.11963349864913192,0.2832343268460835,0.2,True,True,0.28310970758709203,False,-6.532663045659559
AEHR,2020-01-10,short,0.04576740112581621,0.5542030484919783,-0.029401606151446057,0.1,True,True,-0.5149041943829458,False,-9.947640907411138
AEHR,2020-01-21,long,0.8833055319656863,1.4551759102864439,0.12423573848581938,0.1,True,True,0.575600252106305,False,-8.695654427396827
AEHR,2020-01-31,short,0.05776752917718142,0.5505148461599884,0.3314830591929364,0.1,True,True,-1.1793865354323445,False,-18.048786955316753
AEHR,2020-02-12,long,1.1087450539225268,1.5482669267480138,0.18656812183908406,0.1,True,True,1.2103096510548519,False,-11.666674945089229
AEHR,2020-02-24,short,0.07659376183547911,1.286166640220425,0.8465241074274895,0.1,True,True,-2.1594529111006406,False,24.42396645000242
AEHR,2020-03-26,long,0.38132270116499173,0.5175291805170197,0.5703775810575739,0.0,True,True,-2.1349272131319816,False,-2.684561181007228
AEHR,2020-05-08,short,0.06469427537659973,0.24460737163070487,-0.0038161662417558837,0.0,True,True,-0.30603217576871955,False,-2.4999975785613415
AEHR,2020-05-26,long,0.11264952702526816,0.19169106540094602,0.1732661769487928,0.0,True,True,-0.07257089637770635,False,21.55688763810344
AEHR,2020-06-23,short,0.2536816811405536,0.2929088513724718,0.28132048639198093,0.0,True,True,-0.9078517987719638,False,0.5128200112166859
AEHR,2020-07-16,long,1.442628704943369,1.8054466748043128,0.14051969969270342,0.0,True,True,0.6655815118809514,False,-15.163939151671535
AEHR,2020-07-29,short,0.11273087177213027,0.2915050338309054,0.19427693600139723,0.0,True,True,-0.5777599550681667,False,-0.9661826846140142
AEHR,2020-08-05,long,0.23313552234840934,0.7000822871414479,-0.04783927741148965,0.0,True,True,0.5713733296119977,True,-14.0969134771617
AEHR,2020-08-10,short,0.06150351124920447,0.2794803827485252,0.08440416491613982,0.0,True,True,-0.6050226847282782,False,13.679238598980392
AEHR,2020-09-22,long,0.16343143582231115,0.3437254287897716,0.5112881492316631,0.1,True,True,-1.88441277127548,False,-11.258275374723748
AEHR,2020-10-26,short,0.21805616101223138,0.3288555664346856,0.16556638748516522,0.1,True,True,0.8669388982861347,False,-13.114751054855622
AEHR,2020-11-05,long,0.06834690104905812,0.24735880402687352,0.13008575992079904,0.1,True,True,-1.020750097271374,False,34.42622518321588
AEHR,2021-01-05,short,0.3175815484920444,0.32019812380442675,0.2013189037389534,0.1,True,True,-1.617345735698829,False,2.916673703325845
AEHR,2021-01-26,long,0.585409708118864,1.0500846248828686,0.24878286292127286,0.1,True,True,0.8274672802195309,True,-7.857144012743134
AEHR,2021-01-29,short,0.19108799393878945,0.5382450012916601,0.05012620814410524,0.1,True,True,-0.6788881187013159,False,-36.68122998168861
AEHR,2021-02-04,long,0.012250341682520144,0.5257720408648717,-0.10005761942258913,0.2,True,True,0.6727335072413565,False,15.708816180455653
AEHR,2021-02-25,short,0.3050914014839773,0.923898781236382,0.4719969231741657,0.2,True,True,-1.8177855838208112,False,12.06897005314761
AEHR,2021-04-01,long,0.05131657545615764,0.37024108735224687,0.14974166563756547,0.2,True,True,-0.6598859285937432,False,-15.175092475333186
AEHR,2021-04-12,short,0.048927553207455184,0.3476990542442918,0.08857814055838202,0.1,True,True,0.48763440068742686,False,-0.8583683082144411
AEHR,2021-04-26,long,0.22718758816897422,0.33974774087676257,0.29283971441965556,0.1,True,True,-0.7864453214639335,False,-4.2553152634363105
AEHR,2021-05-12,short,0.3341453659686511,0.4300716414163498,0.07377452788244628,0.1,True,True,0.5865817606474418,False,-5.418725865256868
AEHR,2021-05-19,long,0.6835808032289687,1.0552126914050894,0.18690138945664164,0.1,True,True,-0.4705098224148466,False,9.504132719934244
AEHR,2021-06-17,short,0.04347574847858458,0.5047274180907881,0.4231879652032806,0.1,True,True,-0.9564911944966008,False,-7.08661690789496
AEHR,2021-06-29,long,0.014804305499430992,0.31936692399537026,0.2027797678573243,0.1,True,True,0.6957089996282617,False,3.663000144099149
AEHR,2021-07-06,short,0.45999209206310465,0.7673143139640494,-0.09723648548576659,0.0,True,True,-0.620894310975935,False,-133.60000610351562
AEHR,2021-07-12,long,0.37043039956299345,1.3476253947471901,-0.17376380640694697,0.0,True,True,0.6608309124955033,False,78.00000508626302
AEHR,2021-08-03,short,0.1520004452755937,0.4404097212061432,0.6537049310498454,0.0,True,False,-2.727217545584106,False,6.525571086075244
AEHR,2021-08-26,long,0.18883403084344264,0.8148937448863153,0.32145871801807663,0.0,True,True,1.2731909529054097,False,42.19408532809648
AEHR,2021-10-01,short,0.006542072389632103,0.9240388557029167,0.453230021066409,0.0,True,True,-3.0098857111198303,False,-67.85713474766759
AEHR,2021-10-07,long,0.24677698837916456,1.1256502652278528,-0.29055760747140436,0.0,True,True,2.834825809639745,False,31.152464475345166
AEHR,2021-10-25,short,0.14444944444229998,0.21953079718732135,0.4579631734192284,0.0,True,False,-3.0638192492187035,False,-11.23648019845751
AEHR,2021-11-03,long,0.21781819430401927,0.5088250514951885,0.24701915406507782,0.0,True,True,2.7352407195453923,False,-6.588989272255685
AEHR,2021-11-09,short,0.137648095868228,0.28264308101276536,0.023478021295198884,0.0,True,True,-2.6673175564815526,False,27.870861815276825
AEHR,2021-12-17,long,0.05131447727052519,0.14231895987528292,0.19409786375518934,0.0,True,True,-1.000734761691765,False,49.7439152433851
AEHR,2022-01-07,short,0.4115209301369683,0.8554619443006801,0.46320427397494285,0.0,True,True,-0.4717654216107202,False,26.476073265895295
AEHR,2022-02-01,long,0.05986917260049521,0.2543919739039287,0.1868269718803628,0.0,True,True,-1.0656762471087582,False,10.197862738980135
AEHR,2022-03-07,short,0.09821891487309349,0.2270117225310848,0.06028021883051304,0.0,True,True,0.30397641803271214,False,7.678405160144941
AEHR,2022-03-22,long,0.09616620616485429,0.18425754550817772,0.17596170423527868,0.0,True,True,-0.5835731646079807,False,-10.164831949836017
AEHR,2022-04-07,short,0.0742331014665075,0.12444704510124614,0.0962836613429126,0.0,True,True,0.6366669964500595,False,16.507936235618313
AEHR,2022-05-02,long,0.08895483646267506,0.5007418477790311,0.20823230720443883,0.0,True,True,-0.994468249945831,False,-4.539870258161405
AEHR,2022-05-11,short,0.12087829895883814,0.26047529756744076,0.4729571715922074,0.0,True,True,0.9013597111030663,True,-4.243277321267858
AEHR,2022-05-12,long,0.0652632902002114,0.19143704062410236,0.3613466273845865,0.0,False,False,-0.8816265670343773,False,5.121295290211325
AEHR,2022-06-13,short,0.15546329091375732,1.1008147445949634,0.6073557446858362,0.1,True,True,-0.10189941338177291,False,-3.0303032206799863
AEHR,2022-07-13,long,0.45615983425232337,0.5313799542092689,0.19426601214933256,0.1,True,True,-0.6499392537742731,False,39.173970013805004
AEHR,2022-08-22,short,0.1407837621610573,0.2161649451014402,0.5135589008981246,0.1,True,True,-2.2582714273270814,False,25.185181280725434
AEHR,2022-09-15,long,0.05582379243330681,0.3870779192251734,0.4045728202802926,0.1,True,True,0.38035332594747523,True,-16.026020476645407
AEHR,2022-09-19,short,0.15509219935500837,0.1708522515877389,0.2680490532236466,0.1,False,False,-0.2971534141418193,False,1.1432419475607358
AEHR,2022-10-07,long,0.4623270426553508,0.7023943329727851,0.044398074060578885,0.2,True,True,0.056129490003707254,False,21.116922908610047
AEHR,2022-11-02,short,0.4138931333666456,0.790255541271229,0.4255078696951843,0.2,True,True,-1.5348264519017933,False,-26.51345012208528
AEHR,2022-11-10,long,0.37552619453399966,0.5696504380271538,0.20857533023587288,0.2,True,True,1.6658835511743402,False,14.194381760477981
AEHR,2022-12-05,short,0.36486096462518575,0.5070921495515831,0.1073426071572464,0.2,True,True,-2.2216643366905573,False,11.826700184980055
AEHR,2023-01-09,long,0.8616809154073848,1.5448979327404038,0.3354982142944142,0.1,True,True,-0.5459464148309585,False,28.544419732642368
AEHR,2023-02-08,short,0.26219062243156877,0.38320643564673607,0.17886131680556344,0.1,True,True,-2.433202071759498,False,6.144439723284478
AEHR,2023-03-21,long,0.5111516023815679,0.6208901504665775,0.20451666750429243,0.1,True,True,0.22321534957243513,False,-18.738153314675444
AEHR,2023-03-31,short,0.11842746706622546,0.9319457027160793,0.214217247383982,0.1,True,True,-0.8209915642493876,False,5.80271153399895
AEHR,2023-05-04,long,0.07875237689586122,0.15969682619136702,0.295887244341244,0.1,True,True,-1.1825647397567332,False,24.618988665474628
AEHR,2023-06-20,short,0.4172896091954431,0.4217859064661948,0.38698307675250726,0.0,True,False,-1.689454914394112,False,0.22813726450530147
AEHR,2023-07-14,long,0.4574839460914815,1.0312978938240898,0.11722778946244718,0.0,True,True,0.9635236672069623,False,2.6143844320456466
AEHR,2023-08-03,short,0.3012682557768182,0.4330469802704667,0.08305300983868925,0.0,True,True,-1.5898870146054107,False,18.408672759986956
AEHR,2023-08-29,long,0.18056602739334485,0.7593580552353875,0.3284153516190027,0.0,True,True,-0.3749899163972626,False,-2.9680371442881937
AEHR,2023-09-14,short,0.052047653847334126,0.052650755030863576,0.36500675787252446,0.0,True,True,-0.5160719153224002,False,4.601732530677771
AEHR,2023-11-10,long,0.18410400134216373,0.3694021354494942,0.27099716471391383,0.0,True,False,-1.8727130152920786,False,-2.6938769282126906
AEHR,2024-01-02,short,0.09783587254636328,0.3898832439055284,0.2024198645460488,0.0,True,True,-0.09015810810675572,False,31.302609757399026
AEHR,2024-02-01,long,0.007129078149250754,0.07499258253657028,0.09352957647917434,0.0,False,False,-1.4628482866300692,False,20.19866993383268
AEHR,2024-03-13,short,0.0654535794703944,0.18903397653795276,0.1348909187921687,0.0,True,True,0.31974812402373815,False,17.701454718643717
AEHR,2024-04-10,long,0.00915600409555108,0.1467062432547927,0.1968628204377803,0.0,True,False,-1.236926391423484,False,-3.382475270430363
AEHR,2024-06-20,short,1.0416581022881948,1.258658717711196,0.5944133869757151,0.0,True,True,-0.22979273867370878,False,-5.810683047102949
AEHR,2024-07-08,long,0.441068376263213,0.8619416758056099,0.21478871948995962,0.0,True,True,-0.3396959602025202,False,45.31250081490723
AEHR,2024-08-01,short,0.5808853666914906,0.7416982086556609,0.11299537943545897,0.0,True,True,-1.620012966010217,False,10.936553168469255
AEHR,2024-08-27,long,0.07472428622303445,0.10712751635072283,0.11886219440987873,0.0,True,True,-0.26545321930922233,False,-11.94030024566496
AEHR,2024-09-04,short,0.2008886662897188,0.24415622869720646,0.014333824002791705,0.0,True,True,0.35730007862877244,False,7.704037388689788
AEHR,2024-09-26,long,0.11001297094315779,0.309330458963574,0.031228662919109643,0.0,True,True,-0.7516494799109548,False,1.4470645752267197
AEHR,2024-10-31,short,0.6590712810774378,0.942606270054898,0.5580866144417276,0.0,True,True,-0.7177424429080376,False,20.241480091709885
AEHR,2024-11-25,long,0.3851653926599514,0.44846434246468864,0.3354334803173484,0.0,True,True,-0.740364489947213,False,-4.419892788039359
AEHR,2025-01-13,short,0.011785312155190308,0.4144171517947941,0.29371528934467067,0.0,True,True,-1.8410815814504855,False,30.143838422876744
AEHR,2025-02-18,long,0.3332726710834154,0.3408237802583357,0.11430636943734117,0.0,True,True,-1.1656476013902441,False,-22.65288709916825
AEHR,2025-02-27,short,0.09656402845283663,0.16544291643869044,0.25250246903044077,0.0,True,True,0.9918007142259041,False,9.39112370298073
AEHR,2025-03-14,long,0.18821544479658173,0.29182630561719725,0.13946648182517654,0.0,True,True,-1.1651156206076347,False,-15.631691801872627
AEHR,2025-03-31,short,0.2763993637217896,0.38658349011853843,0.17232054637795566,0.0,True,True,1.0126327551101506,False,-13.854598548243423
AEHR,2025-04-09,long,0.2955206042706443,1.0438437353613115,0.01236719423260566,0.0,True,True,-1.035113289622312,False,-0.7990941400633944
AEHR,2025-05-23,short,0.05808781831208846,0.07826719123937259,0.326685923555508,0.0,True,True,-0.20023065499270148,True,-33.10733587804522
AEHR,2025-05-27,long,0.5753382686676572,0.6332844115073794,0.21173678509931493,0.0,True,True,0.3384795782165282,False,23.333338470972965
AEHR,2025-06-20,short,0.3848968734399702,0.454367145995177,0.3445058003943626,0.1,True,True,-1.238050824353631,False,-32.914800016627325
AEHR,2025-06-26,long,0.07664835291365502,0.579848242038919,-0.03377612991402379,0.1,True,True,1.213250925564143,False,10.666663973939183
AEHR,2025-07-14,short,0.36353574479573686,0.623434187715844,0.772274607439692,0.1,True,True,-1.6241230321931337,False,-50.86580350193897
AEHR,2025-07-21,long,0.6282108234598759,0.7410458799445945,0.20536750378882154,0.1,True,True,1.6818433863170907,False,15.683889386306848
AEHR,2025-07-31,short,0.6840693664760124,1.4851428739083097,1.1959244275178773,0.1,True,True,-2.195485876960332,False,-11.59763926664359
AEHR,2025-08-25,long,0.5800028835568101,2.156421143499958,-0.08190657704895213,0.1,True,True,1.3125288059069977,False,9.10939307530838
AEHR,2025-09-29,short,0.35380661240331385,0.40579402100267226,0.4578087541341287,0.1,True,True,-3.0561580329027596,False,16.19047678703529
AEHR,2025-11-26,long,0.398397143869064,0.5380897407572117,0.3580618210848524,0.1,True,True,-0.982045323537459,False,15.465273088334964
AEHR,2025-12-17,short,0.22705568679220245,0.3811730736420459,0.4335465106325843,0.1,True,True,0.0782961697333055,False,-3.1177295645875347
AEHR,2026-01-05,long,0.09141888062248454,0.6307479509833925,0.10025186221380915,0.0,True,True,-0.34556889310555955,False,23.71221689696541
AEHR,2026-01-29,short,0.09706661529841258,0.37934520998778215,0.3997985375493353,0.0,True,True,-0.9400644607430202,False,-3.7574414449982996
AEHR,2026-02-11,long,0.7809379564920892,1.38824736810816,0.3700991907852361,0.0,True,True,0.7755811283848527,False,17.57755105214651
AEHR,2026-03-12,short,0.4725799060159604,0.7783950835174301,0.049954786994518476,0.0,True,True,-2.1599248394871933,False,8.180615421589376
AEHR,2026-04-02,long,0.27336270442136335,1.045722985100968,0.29309970184819956,0.0,True,True,0.622360209575372,False,89.21480412407337
AEHR,2026-04-29,short,0.39858938727276966,0.6811860079949533,0.6647355056038496,0.0,True,True,-2.9730680080282785,False,-26.20706891728062
AEHR,2026-06-03,long,0.348324852856226,0.4606882098584746,0.0705148568533261,0.0,True,True,1.5028871506486983,True,-1.7191671649064988
AEHR,2026-06-08,short,0.44007592252174305,0.5183268442335242,0.011320804112240965,0.0,True,True,-1.250752525626817,False,-7.124918840900407
AEHR,2026-06-15,long,0.05403878717033015,0.5164512859190634,0.11481388131527621,0.1,True,True,1.1570733753742692,True,-17.103900728854725
AEHR,2026-06-16,short,0.07628140999061561,0.1308898676490481,0.34228532303009584,0.1,False,False,-1.1015349826605423,True,19.460079337550507
AEHR,2026-06-17,long,0.12341956901016699,0.20077091390647056,0.25951872641893525,0.1,True,True,1.1952335966817502,True,-37.8795974264919
AEHR,2026-06-23,short,0.16672278993256842,0.5240192214371936,-0.09061869184354954,0.3,True,True,-1.1496519061345487,False,33.694696948584934
AEHR,2026-07-16,long,0.04128752804591068,0.5487908001723931,0.5252726561170684,0.4,True,True,-1.077160673496335,False,-8.705456612030416
AEHR,2026-07-28,short,0.0038869437855193435,0.5153292994796774,0.32287684610616896,0.4,True,True,0.5897014594474567,False,-67.40000043596541
AEHR,2026-08-03,long,0.7036182263416226,0.7175288936357499,-0.003233543152009038,0.4,True,True,-0.401371644946057,False,58.77221902077705
AEHR,2026-08-21,short,0.3960539654090026,0.6615022760249105,0.8075803360892138,0.4,True,True,-1.2385003821200813,False,15.206920977309435
AEP,2018-06-18,long,0.1818667851064295,0.7068147775690145,0.5514509405812649,,True,True,-1.192816779667255,False,7.011921572416857
AEP,2018-07-17,short,0.013905921632678545,0.1294215995696769,0.17550535633047087,,True,False,-1.8090480302318375,False,-0.9937418503148887
AEP,2018-08-15,long,0.193369281427372,0.20480654925799913,0.015075239110005176,,True,False,1.2004709493665866,False,-0.09752564235456784
AEP,2018-08-22,short,0.19086848129084752,0.5270622476982124,0.05494474332952644,,True,True,-1.20939590033498,False,-3.6613114483813325
AEP,2018-09-05,long,0.2723081622593212,0.5203941946053112,0.14168556260327747,,True,True,1.0638306609539907,False,-3.085718186739961
AEP,2018-09-14,short,0.28907283369431497,0.403521392229527,0.31726532024408494,0.0,True,True,-1.080128732922518,False,2.369140023089411
AEP,2018-10-08,long,1.128326190505334,1.1757302583941143,0.3987479060275469,0.0,True,True,-0.07569223852016545,False,0.411786540451331
AEP,2018-11-02,short,0.18559869286329816,0.517364512041194,0.34180531497784633,0.0,True,True,-1.0642570212687195,True,-6.910212262525395
AEP,2018-11-06,long,0.21005508017932675,0.3960473128086635,0.23818681103446396,0.0,True,True,1.3024656928782783,False,5.467059245419881
AEP,2018-11-26,short,0.22420213457704272,0.41192419574028255,0.5108899957072065,0.1111111111111111,True,True,-2.7161993306636263,False,-5.002630170072941
AEP,2018-12-03,long,0.12844358557378968,0.42158422548454566,0.012758180602099798,0.1,True,True,2.7177919900834424,False,-1.340831856937108
AEP,2018-12-17,short,0.6137023274045805,1.4457041710448497,0.09528360215904333,0.1,True,True,-2.6784273864566477,False,5.676974624655184
AEP,2019-01-15,long,0.23821377527746568,0.5093086448993334,0.35811396614747154,0.1,True,True,-0.9426072991198429,False,2.3613708374869757
AEP,2019-02-27,short,0.08513638800680207,0.138276274315973,0.09155039859015181,0.1,True,True,-1.7038436184525503,False,-3.162570882778737
AEP,2019-03-12,long,0.14481823821101242,0.2121604884163878,0.09058850059300334,0.1,True,True,1.6846906801713926,False,3.453247031260509
AEP,2019-03-19,short,0.05562915603158609,0.4128367724649332,-0.013517381799790507,0.1,True,True,-1.7126819858331384,True,-0.6298176647833609
AEP,2019-03-22,long,0.41277255434906657,0.4707413560451284,0.11478723176353074,0.1,True,True,1.8293445213957706,False,-1.8440244430275476
AEP,2019-03-29,short,0.4853747477983229,0.5523860701206256,0.20835171874319167,0.2,True,True,-1.7008320592263473,False,-0.4775996107098335
AEP,2019-04-26,long,0.2886771034078488,0.38994552183616604,0.5276454579801878,0.1,True,True,0.563764382577126,False,0.7471518279030809
AEP,2019-05-08,short,0.5227793923213345,0.7684736698203803,0.14139921503556724,0.1,True,True,-0.6020277537528143,True,-5.092693813692395
AEP,2019-05-13,long,0.8266200981995899,1.2851791380744912,-0.07365176703504202,0.1,True,True,0.8263218815208302,False,0.3822506407834103
AEP,2019-05-30,short,0.5729726580662623,0.9014688326449936,0.5545823855151008,0.2,True,True,-1.4009218724472663,False,-5.029312377970685
AEP,2019-06-05,long,0.6773944916634155,1.0174141008643551,0.07586881721971708,0.2,True,True,1.983372128911708,False,1.6672235990676132
AEP,2019-06-26,short,1.4513994867612166,1.4629401111571214,0.2608328993195645,0.2,True,True,-3.0474379054749554,False,-2.7457803349082877
AEP,2019-07-15,long,0.13527076907167904,0.28519776866948654,0.20202608873807124,0.2,True,False,1.9185561120233783,True,-1.5900786095018327
AEP,2019-07-16,short,0.033572067595061754,0.17065684284087182,0.05867000744797128,0.2,False,False,-1.8556569793412483,True,1.977673234916355
AEP,2019-07-17,long,0.04536957838265546,0.07923623850616984,-0.010540535882359262,0.2,True,False,1.9058715884302757,True,-3.52668993501446
AEP,2019-07-19,short,0.13582162287120256,0.5175440875569306,-0.08104942895435543,0.3,False,False,-1.880928168851042,False,1.7501234888265715
AEP,2019-08-09,long,0.5408907725278473,0.5757575988615475,0.5818404403100976,0.4,True,True,0.0809173224436727,False,-0.4335029669715773
AEP,2019-08-28,short,0.05074660533837054,0.5368053818400326,0.27514515597469014,0.4,True,True,-0.9952406917434294,True,-2.6664913947167523
AEP,2019-08-29,long,0.027313965649286006,0.07867099752494194,0.18584018873957514,0.4,False,True,1.0281776194404086,False,0.9038859581107284
AEP,2019-09-10,short,0.06726593585964748,0.3571093125916044,0.4259000730448886,0.4,True,True,-1.4387515614796467,True,-3.8423448470370047
AEP,2019-09-12,long,0.05082845590918923,0.12425292288442469,0.1920255163314126,0.4,True,True,1.4906933542203709,True,2.4668540697204255
AEP,2019-09-13,short,0.15181634908962552,0.20465781756047913,0.09511986109529871,0.4,False,True,-1.4198990258465412,True,-2.905835121668776
AEP,2019-09-17,long,0.2177118592497666,0.45844303025365585,-0.05342353750039093,0.5,True,True,1.5439155495751897,False,0.5284325978121007
AEP,2019-10-01,short,0.014317115367046645,0.6124777232711259,0.2603422347017676,0.6,True,True,-2.207856688619235,False,1.587657657224062
AEP,2019-10-21,long,0.3803262185208574,0.7705989153585324,0.62424756187184,0.5,True,True,0.8352187363946156,False,-1.7781336348299592
AEP,2019-10-29,short,0.17229173355178815,0.6986273299269377,0.14493079611102558,0.4,True,True,-1.0799313162692428,True,4.28392552005098
AEP,2019-10-31,long,0.003990139078385599,0.1568700691587751,0.4399139921204414,0.4,False,False,1.155604300220885,True,-4.34674649395096
AEP,2019-11-01,short,0.4154684323307475,0.4195785269958981,0.1922425127606171,0.4,True,True,-1.0186929257373718,False,3.5412605317092782
AEP,2019-11-20,long,0.2591377979303127,0.7663442318830849,0.5584883004193396,0.5,True,True,-1.2811789831255627,False,1.0933673232888852
AEP,2020-01-03,short,0.15775199964064815,0.3311223651573304,0.21003080718053574,0.5,True,True,-1.3538119805087816,False,-5.569838761850265
AEP,2020-01-14,long,0.12415201020766324,0.22002004320031077,0.14738330773909694,0.4,True,True,1.2583649651239421,False,8.24383392671233
AEP,2020-02-06,short,0.041091031992306314,0.5783824650140162,0.5980082601250254,0.3,True,False,-2.880311884492456,False,-0.15752824262436071
AEP,2020-03-30,long,0.28851331143374853,0.7379489965550717,0.8286822776374396,0.2,True,True,-2.302361997655919,False,3.0342906562116134
AEP,2020-04-03,short,0.09999086016044424,0.3070222686874434,0.030942222688853247,0.2,True,True,2.1746307714067825,True,-14.358627237011511
AEP,2020-04-06,long,0.33115880867130826,0.43251138220101426,0.13232311021848883,0.2,True,True,-1.9814639822701872,False,4.937021012648279
AEP,2020-05-06,short,0.14314625712338339,0.3200699630195034,0.07093276171014729,0.3,True,True,0.25637396280042524,False,0.47364949644556065
AEP,2020-05-26,long,0.16942996946502825,0.22071118981059207,0.06564514389716579,0.2,True,True,-0.4349196606123156,False,7.494995670723181
AEP,2020-06-12,short,0.2248687551274242,0.41825052612976704,0.3927879479385771,0.1,True,True,-0.3754120235598668,False,4.645482482439112
AEP,2020-07-06,long,0.22602072718631463,0.2374026741175833,0.4050612449798182,0.1,True,True,-0.16326695798090993,False,5.601542334134346
AEP,2020-07-28,short,0.1209484844209341,0.40712385335959356,0.4102298349155722,0.1,True,True,-0.5791654378819622,False,0.8985248029768855
AEP,2020-09-08,long,0.016009242484781073,0.10610435614090412,0.3341248226660522,0.1,True,True,-1.339044201475554,False,1.1015109216371277
AEP,2020-10-28,short,0.2168055401692005,0.5162474949635002,0.06758470714960726,0.1,True,True,-1.9664227232152194,False,-1.74704935765444
AEP,2020-12-17,long,0.13485804534097895,0.1916857148382188,0.11528926619395394,0.1,True,True,-0.7695862332709583,True,-2.7665252357650494
AEP,2020-12-22,short,0.11296698431914325,0.18809444237581502,-0.0031357050840599187,0.1,True,True,0.8258890012789736,False,1.8550259462063567
AEP,2020-12-31,long,0.4006923512890206,0.4766810577726471,0.08425275380020902,0.1,True,True,-0.7356122397676661,False,-3.3625748108034648
AEP,2021-01-08,short,0.2260465879919152,0.344080579229201,0.08707895240857454,0.1,True,True,0.8072596311464577,False,-4.306624312029128
AEP,2021-01-19,long,0.3254511733801971,0.44351104374701367,0.23403270142636268,0.1,True,True,-0.8143460121966521,False,1.734621179790441
AEP,2021-02-11,short,0.23053280050976077,0.5773726683175008,0.42898852673296745,0.1,True,True,0.17184046114303844,False,5.193152711242854
AEP,2021-03-05,long,0.39923216591673966,1.006749991590067,0.3833287512901418,0.1,True,True,-0.6237183852445235,False,6.045651776785488
AEP,2021-04-12,short,0.13141143490076893,0.19340341319446197,0.1987194715055444,0.1,True,True,-1.56631193845279,True,-1.8604348797037762
AEP,2021-04-15,long,0.029521915204860697,0.1431165309701015,-0.016205438137713017,0.1,True,True,1.5345331826399968,False,0.31884025782624725
AEP,2021-04-23,short,0.2528526948296637,0.4074460461651651,0.06067322544665219,0.2,True,True,-1.4450224811814938,False,-0.2604157566358012
AEP,2021-06-28,long,0.33282270048823714,0.5746518656088616,0.26533309237242503,0.2,True,True,-0.5882916203339423,False,0.4004650253674802
AEP,2021-07-22,short,0.1805155771318203,0.37495712136822335,0.5214229987245004,0.1,True,True,-0.2427333728340836,True,-5.63146148847089
AEP,2021-07-26,long,0.6280402098229322,0.6830158209409412,0.2824157938965021,0.1,True,True,0.4688364215841032,False,2.0772994046943882
AEP,2021-08-24,short,0.4029809641760437,0.6400772352384617,0.09133634638549779,0.2,True,True,-1.4724901653185356,False,-1.625019804708172
AEP,2021-10-06,long,0.609564408991263,0.6974926305326351,0.4963320517323463,0.2,True,True,-1.6834624558526374,False,0.4020713131168696
AEP,2021-11-09,short,0.043071426788119774,0.1563075505788308,0.16185804493940312,0.2,True,True,0.024643158982816583,True,-1.5293619650150525
AEP,2021-11-10,long,0.07436262175735499,0.11789901494902381,0.09072542870291535,0.2,False,False,0.026902241041706125,True,-0.427657484070465
AEP,2021-11-11,short,0.15179053725461017,0.22656867901624986,0.08673125647450475,0.2,True,True,0.07274416334798153,False,0.0726144191865008
AEP,2021-11-22,long,0.18769011775020675,0.2745809501059732,0.10251943986822384,0.3,True,True,-0.09060392697824748,False,-0.4626281084570083
AEP,2021-11-30,short,0.45237319815481636,0.5279900721783215,0.1133675496716718,0.3,True,True,0.2614197363270824,False,-5.033902656843048
AEP,2021-12-07,long,0.30408764063112104,0.5385840484040914,0.32433086083375856,0.3,True,True,-0.2395429089076065,False,3.3845767658939208
AEP,2022-01-19,short,0.23227361209528838,0.3145437328595174,0.13792081954292534,0.3,True,True,-1.4465868742150225,False,0.4651439147637326
AEP,2022-02-25,long,0.03041058296119509,1.1064803884578194,0.2412231722916204,0.2,True,True,-0.5175093747329524,False,6.7963142081135075
AEP,2022-03-18,short,0.007015640937223452,0.47994888641027894,0.3464124427647943,0.2,True,True,-2.331074017621059,False,-7.909002147273192
AEP,2022-03-28,long,0.06749508626986046,0.15960664529013194,0.07898681555918545,0.2,True,True,2.1636945289054075,False,3.882796323491111
AEP,2022-04-13,short,0.006213299241876647,0.26140449632440316,0.35010598910795326,0.2,True,True,-2.6354141079856066,False,-0.17603981299849636
AEP,2022-05-24,long,0.5138326977911163,0.5688265545917487,0.03266307466478857,0.1,True,True,0.49531146373613305,False,-1.6533060636457986
AEP,2022-06-08,short,0.30120525511849183,0.5023193375384549,0.15142670363377111,0.0,True,True,-0.7412049660262564,False,8.077189500507021
AEP,2022-06-28,long,0.295509203465046,0.5631182350300892,0.7803399315221138,0.0,True,True,-1.3822851229507709,False,-1.241085811793785
AEP,2022-07-21,short,0.023416606606707833,0.11072096277079042,0.1961079728121194,0.0,True,False,0.5224908994100653,True,-7.716340097329644
AEP,2022-07-22,long,0.17654769733785175,0.2002416547725739,0.1366389405546666,0.0,False,False,-0.4549735711286073,False,5.41597029142733
AEP,2022-08-24,short,0.09296388112273535,0.2838971170133537,0.28139022897860894,0.1,True,True,-1.467203590372217,False,-1.285807571652997
AEP,2022-09-12,long,0.046008125154569854,0.227139692206059,0.3709354325854582,0.1,True,True,0.9678829223990345,True,-9.079674914688962
AEP,2022-09-13,short,0.33178771461289075,0.37913279080768225,0.22639800861727205,0.1,False,False,-0.8365918171737569,False,9.13893354513744
AEP,2022-10-18,long,0.16884159119083236,0.5030784180032518,0.38572653086043746,0.2,True,True,-2.021401101368242,False,2.2522750843146033
AEP,2022-12-15,short,0.08531383792304166,0.386189276718386,-0.005077184940705831,0.2,True,True,-0.933722843743314,False,0.6487436158822635
AEP,2023-01-10,long,0.06118071171912572,0.13597946066235148,0.1633091955770118,0.2,True,True,0.32714376846657217,True,-5.06784803478999
AEP,2023-01-13,short,0.22588994503472543,0.30824094682900083,0.000378946458952701,0.2,True,True,-0.270204433558613,False,2.077163953038663
AEP,2023-02-01,long,0.0422687493185121,0.3492781033804044,0.2373936604733503,0.3,True,True,-0.22384806361137752,True,-3.050501418927065
AEP,2023-02-03,short,0.03470638573109399,0.30114752645838283,0.13423497895861913,0.3,False,False,0.2294939610152344,False,-1.255603813917472
AEP,2023-02-17,long,0.42050373300595284,0.5462327722291058,0.18460097045521529,0.3,True,True,-0.33848540558723206,False,-3.289689657617534
AEP,2023-02-28,short,0.5135330289581821,0.6208355554354484,0.09105461745825047,0.3,True,True,0.4509564100028495,False,-2.5918321742482098
AEP,2023-03-08,long,0.01099711499748643,0.34022212857941064,0.3563619192632827,0.3,True,True,-0.6023060587907554,True,-2.743556334801922
AEP,2023-03-10,short,0.19047795001043458,0.2997560738157765,0.1297371917549642,0.3,True,True,0.6839630701383901,True,-1.7822631426607671
AEP,2023-03-13,long,0.27988478544565226,0.4762973077246962,0.05662277992856361,0.3,True,True,-0.6350464398925444,False,-0.9286116519287457
AEP,2023-03-23,short,1.2171777590225275,1.2403326393936507,0.7058659621490575,0.4,True,True,0.6455646576044698,False,-11.099395658548694
AEP,2023-03-29,long,0.2887079040310528,0.5842738067158095,0.30828419963307097,0.4,True,True,-0.43081062247505236,False,4.295242512141995
AEP,2023-04-26,short,0.4353170547919598,0.6931978968530671,-0.016383893027686267,0.3,True,True,-0.828805815316206,False,-0.32921536175496424
AEP,2023-06-07,long,0.12453914979302037,0.4859553383128315,0.46103699298007594,0.3,True,True,-2.244284641862834,False,0.6148082882738048
AEP,2023-07-28,short,0.08363212699256697,0.32141965520890603,0.20253591699858506,0.2,True,True,-0.41891487112128295,False,4.060387142342014
AEP,2023-08-25,long,0.025832441080485647,0.24826878684091896,0.2153505496793223,0.2,True,True,-1.3608940655379664,False,-1.9286531019901187
AEP,2023-09-05,short,0.3495471349054556,0.5076062670219784,0.10334833110207191,0.2,True,True,1.4141133711875762,False,-5.3420715526062645
AEP,2023-09-11,long,0.18028937987655777,0.23665434701646904,0.10035403512158811,0.2,True,True,-1.3864378146175267,False,1.1311117074842336
AEP,2023-09-26,short,0.019728100403032682,0.8546294675272628,0.3279384944670352,0.1,True,True,0.49845908250395593,False,2.76396850825813
AEP,2023-10-12,long,0.05017797985744009,0.09634311570251679,0.6186487614986964,0.0,True,True,-1.9985081561247007,False,3.116485608646724
AEP,2023-12-12,short,0.010555669682952526,0.1565542312655986,0.11201061129871914,0.0,True,True,-1.0930065359007777,True,-1.012484797860802
AEP,2023-12-13,long,0.7507764801326726,0.7617048488012157,0.13014163920881097,0.0,True,True,1.3412392359356475,False,-2.680406751075737
AEP,2023-12-20,short,0.22494124471660532,0.7241248015520511,0.24955949192894505,0.1,True,True,-1.2025594839118092,False,-4.668800483902458
AEP,2024-01-03,long,0.185957002303565,0.43606921570466783,0.2998343144894276,0.1,True,True,0.9200386574201928,False,-6.212512689408644
AEP,2024-01-11,short,0.8442631681385039,1.1354469786555905,0.15114173885277138,0.1,True,True,-0.8330564181667802,False,3.1840760443028637
AEP,2024-02-12,long,0.10802403075182186,0.4489451164214081,0.07171722902618521,0.1,True,True,-0.7771735797734594,False,8.351609866436194
AEP,2024-03-12,short,0.19322578542545063,0.2664174391148008,0.2735676116741411,0.1,True,True,-1.6122036816160876,False,1.091261962162926
AEP,2024-03-28,long,0.21991925932767703,0.4923217075475326,0.13847312905205134,0.1,True,True,1.0461235070228008,False,-4.64574746004226
AEP,2024-04-04,short,0.007984855650265226,0.21025724663977582,0.017826253696532707,0.1,True,True,-1.0198251145575021,False,1.6674630767902987
AEP,2024-04-22,long,0.008395221358500318,0.6311486490378959,0.44276309466723646,0.1,True,True,0.02382264363347915,False,4.605418668151273
AEP,2024-05-23,short,0.664227217221713,0.881379232306793,0.3417612867004331,0.1,True,True,-2.1385545650821376,False,1.0976675129902635
AEP,2024-07-10,long,0.14693100812270893,0.15988017629895887,0.03826896486784842,0.0,True,True,-0.2586838543385409,False,7.671375711912032
AEP,2024-08-09,short,0.15554751107733786,0.30613473870173324,0.40354536156947535,0.0,True,True,-2.5072263008874476,False,-0.7382375299132438
AEP,2024-09-03,long,0.2082423467827983,0.37117309827651407,0.15537017363311215,0.0,True,False,1.5700039096547367,False,2.5992035358012977
AEP,2024-09-18,short,0.003353354356747804,0.36110011341357273,0.012631625680115286,0.0,True,True,-2.0833959441517673,False,1.3660092397258738
AEP,2024-10-18,long,0.21019741923228635,0.22720310289407802,0.5714385133659727,0.0,True,True,-0.2296973425005633,False,-3.4164352879459625
AEP,2024-10-25,short,0.24539247237392503,0.4063046558027199,0.029842675616685035,0.0,True,True,0.3009267603327824,False,0.8659155260396956
AEP,2024-11-05,long,0.10757932481049483,0.6842045318278309,0.11542362222553235,0.0,True,True,-0.4310527340274923,True,-2.7463550926194236
AEP,2024-11-06,short,0.461498314746564,0.5697327152240472,0.1869910996810416,0.0,False,False,0.5935846842825221,False,-1.551845477023539
AEP,2024-11-19,long,0.45477535327824664,0.4684842848484808,0.5161290743348669,0.1,True,True,-0.7360589202951007,False,-0.4653563546236139
AEP,2024-12-06,short,0.17613848427083406,0.45667150025087017,0.4574920082071913,0.1,True,True,0.021813548147426413,False,3.2342321178132405
AEP,2024-12-31,long,0.128784219993905,0.1718161522574017,0.21178630323737463,0.1,True,True,-1.0456540004890043,True,4.976680280782375
AEP,2025-01-06,short,0.026868187127989905,0.3372297379193287,-0.08899797956168343,0.1,True,True,1.0812808242871665,True,-7.938447099002066
AEP,2025-01-08,long,0.2605113123589979,0.4168925988659018,0.015773850926865392,0.2,False,False,-1.0216621851661363,False,6.416641170386517
AEP,2025-03-05,short,0.6540489362283529,0.7673854148960632,0.2647281702997899,0.3,True,True,-1.7663432852229843,False,-2.369668283124682
AEP,2025-03-31,long,0.19503719516873264,0.7094324828165687,0.2590983136364001,0.3,True,True,0.7724517034561901,False,-2.461786469375582
AEP,2025-04-04,short,0.08303372571114272,0.8342812006876077,-0.17566677102113143,0.3,True,True,-0.8099117862994406,False,-1.004972631723744
AEP,2025-04-17,long,0.4341831010385331,0.4815764411768303,0.504001664822013,0.3,True,True,0.37391491272556415,False,-0.018572259759630505
AEP,2025-05-07,short,0.055286898412561035,0.1186513929089549,0.16775976468443465,0.2,True,True,-0.5885926281187727,False,3.3791059567939485
AEP,2025-05-30,long,0.21314399972359724,0.36278231245043835,0.0822844440331435,0.2,True,True,-0.545025374291174,False,-0.5701011264309996
AEP,2025-06-06,short,0.06402870123112908,0.08064095073291751,0.13515719048467467,0.2,True,True,0.5805242926073995,False,-1.4932802932207334
AEP,2025-06-12,long,0.37660870924080486,0.3991692417398194,0.015082521474459466,0.2,True,True,-0.46913052171561076,False,-0.5435788426048638
AEP,2025-08-12,short,0.14413023169091285,0.46806018137850436,0.4831921231921286,0.1,True,True,-2.4069019813088293,False,-0.5714792238412869
AEP,2025-09-26,long,0.23572892516036378,0.292566250523679,0.2677259982465293,0.0,True,True,-0.5383785304483351,False,7.238410836588893
AEP,2025-10-22,short,0.01870305604220622,0.23896306338843354,0.26421517820844287,0.0,True,True,-1.7716897914352117,False,-2.123310298105263
AEP,2025-10-30,long,0.33506301891666784,0.4715248291326716,0.16145475347210952,0.0,True,True,1.7033038612879547,False,0.44950014058777743
AEP,2025-11-06,short,0.1246118074854145,0.17438380744059542,0.10371009868159844,0.0,True,True,-1.6255141060840206,True,-1.9437094928905552
AEP,2025-11-07,long,0.010198082470286154,0.1368267932974026,0.04796813443827426,0.0,True,True,1.6910648435207938,False,0.2987981158992792
AEP,2025-11-20,short,0.4594684163484355,0.46466160789096317,0.060315589411179045,0.1,True,True,-1.830886212359402,False,2.7791631705493036
AEP,2025-12-26,long,0.008413725641970952,0.291803301384,0.2732757182201417,0.1,True,True,-0.867611945618938,False,0.7780784798733009
AEP,2026-03-06,short,0.3853759772701742,0.43056204857874747,0.43868557630518945,0.1,True,False,-2.283554536872482,False,4.709179889072235
AEP,2026-04-06,long,0.01942315418986221,0.14479725548885655,0.29135088582119517,0.1,True,True,0.5415844408282469,False,0.6950726897719584
AEP,2026-04-17,short,0.006514891422817112,0.2643984852631535,0.17073444651762262,0.1,True,True,-0.9353537942219045,False,-2.43153606971227
AEP,2026-04-30,long,0.1554058031042768,0.32363622475146775,0.08233349774753394,0.1,True,True,0.7487980132479626,False,-5.525513901476575
AEP,2026-05-06,short,0.4833649612413111,0.6877001788196275,-0.0074094806265996,0.1,True,True,-0.5987073585172598,False,2.0776151256722497
AEP,2026-05-26,long,0.05319209179860743,0.3236946750841833,0.4782079224555524,0.1,True,True,-0.4953461717338778,True,-2.398764271171583
AEP,2026-05-28,short,0.20943510866009135,0.2726842916919397,0.29142122994373165,0.1,True,True,0.5827578362899013,False,-0.5635519816501899
AEP,2026-06-05,long,0.02110335065120514,0.6160931598608915,0.27965493604837915,0.1,True,True,-0.7705032337907857,True,0.8982577385854285
AEP,2026-06-08,short,0.04118834811412387,0.06352206688384472,0.39812007151143114,0.1,False,False,0.7804441751400323,True,-5.498152627508968
AEP,2026-06-09,long,0.17321006057265262,0.21627846512917082,0.37078031861267885,0.1,True,True,-0.7231723622899912,False,5.6355679535092795
AEP,2026-07-10,short,0.1335389143350291,0.23698328601825044,0.4581715864836833,0.3,True,True,-1.1038602528853487,False,-0.08122857106853676
AEP,2026-08-18,long,0.1946032471919326,0.2538474048078019,0.37278364550258136,0.3,True,True,-1.3476637993090186,True,-2.6830228971809422
AEP,2026-08-21,short,0.14886011759031673,0.5547911310976196,-0.11576601292285202,0.3,True,True,1.3895258231953633,False,-2.9436063227454845
AEP,2026-09-01,long,0.10756189381982922,0.14609534343730793,0.04373847631908004,0.4,True,True,-1.3132553230979014,False,-1.8461261060248924
AMBP,2022-01-12,long,0.47198109803589644,0.5625922419162361,0.15967286410131842,,True,True,-1.6537167136994018,False,-0.4576658451295512
AMBP,2022-02-17,short,0.3732961818031611,0.4713637643129957,0.20678956083145592,,True,True,-0.766259811530566,False,14.144732470867282
AMBP,2022-03-15,long,0.21868460333351675,0.711842674172072,0.6263480367896637,,True,True,-2.548100596743823,False,4.034226989069012
AMBP,2022-04-06,short,0.04758929771926131,0.1985397813044723,0.05589101510656933,,True,True,0.4725730724514843,False,1.8564559598271968
AMBP,2022-04-20,long,0.0945867707290888,0.3245160381779593,0.058730800313916094,,True,True,-0.7664501790363715,True,-12.773717446182985
AMBP,2022-04-22,short,0.07471826458493153,0.09584824272248983,0.14366484068005034,,True,True,0.859264837754793,False,12.198218483829127
AMBP,2022-05-27,long,0.7425350831383579,0.7839444067094956,0.2402368153843841,0.16666666666666666,True,True,-2.3293067185212695,False,-1.8459922727977918
AMBP,2022-07-11,short,0.010670991113274575,0.4298058460525526,0.008911616858805765,0.14285714285714285,True,True,0.25451328176936255,False,-9.29432310872853
AMBP,2022-07-20,long,0.1160835916744376,0.46565183767729323,0.1343375612871861,0.125,True,True,-0.5293327544891414,False,12.581731149789466
AMBP,2022-08-09,short,0.17740860558790808,0.2036560244701795,0.5763500943500268,0.1111111111111111,True,True,-0.6282059105238027,False,-2.808138019678652
AMBP,2022-08-16,long,0.15865659381451275,0.17077591896922364,0.05646444776026332,0.1,True,True,0.6702683061856343,True,-9.333342344598062
AMBP,2022-08-17,short,0.10473613489896184,0.27527549786038435,0.041114490337554106,0.1,False,False,-0.5944242553163951,False,5.529969140948654
AMBP,2022-09-09,long,0.08947879574575895,0.5718545584354632,0.45766441033103894,0.2,True,True,-0.1862736300163207,True,-25.885969600373105
AMBP,2022-09-13,short,0.06932095041620974,0.7198475435942407,0.13385603294080078,0.2,False,False,0.18867966824556612,False,23.333313822336454
AMBP,2022-10-05,long,0.10740356263621266,0.5478558985383517,0.6721790199499111,0.3,True,True,-1.8157342179778893,False,-5.860880454572315
AMBP,2022-10-27,short,0.44956158094101406,0.7113333472732737,0.19892486378136906,0.2,True,True,1.7188526522887424,True,-16.466040105588498
AMBP,2022-11-01,long,0.05499303764519627,0.23656289147431372,0.02726025488210244,0.2,True,True,-1.587464969029413,False,3.255821114388402
AMBP,2022-12-20,short,0.20498853784575832,0.5124428203606612,0.07526155443533152,0.3,True,True,-0.017270035178972954,True,-20.00002390414437
AMBP,2022-12-21,long,0.5344819179535607,0.7413657785316649,0.1968101956933993,0.3,False,True,0.18203000819963477,False,8.091288171960587
AMBP,2023-01-27,short,0.02815208611396934,0.0709800837713549,0.24342898850302067,0.4,True,True,-1.1699464032833518,True,4.684681939035484
AMBP,2023-02-01,long,0.17605468003488992,0.34958283832041925,-0.042078516812923406,0.4,True,True,1.150193439704568,True,-1.7331219713301316
AMBP,2023-02-06,short,0.44278522937328046,0.49936637687593893,0.04258807773113277,0.5,True,True,-1.0328077431873564,False,3.4111343214685452
AMBP,2023-03-28,long,0.3177429738134163,0.33784689739001766,0.25771298138835474,0.5,True,True,-1.7273694097729213,False,-5.412382418101491
AMBP,2023-05-12,short,0.03653959466904783,0.14880417439110455,0.21527376443709215,0.4,True,True,0.3708391668101132,False,-3.63128803180246
AMBP,2023-05-22,long,0.06191725721103644,0.08234322388853572,0.11642227429940184,0.4,True,True,-0.39240128550098824,False,9.722227183282905
AMBP,2023-06-20,short,0.3453692393409181,0.6153200424359393,0.3486842033670304,0.4,True,True,-0.12586704519553035,False,-3.9326050292379566
AMBP,2023-06-30,long,0.26541577387908705,0.7575888645114353,0.45820016989183177,0.3,True,True,-0.13275589276093594,False,-4.787232503393213
AMBP,2023-07-18,short,0.24853835959996198,0.2599794146709109,0.182720763128567,0.3,True,True,-0.09112348269577479,True,-1.6574396940699732
AMBP,2023-07-21,long,0.11547449877736243,0.23891830869826713,-0.03696762345795522,0.3,True,True,0.14178093122435007,False,-5.347586605962373
AMBP,2023-08-01,short,0.12596147150605277,0.4126031217307552,0.2535892367007859,0.3,True,True,-0.21896198701611233,False,5.1630349329661485
AMBP,2023-08-28,long,0.4896442485435657,0.6319856578140053,0.21732072183483378,0.2,True,True,-0.6493751241873629,False,-1.1173241980755644
AMBP,2023-09-07,short,0.26864089334487057,0.6435021253797929,0.3605189918469152,0.1,True,True,0.5727653301878707,True,4.7044789874506225
AMBP,2023-09-12,long,0.10904095533250871,0.5455918138910614,-0.0154464713755416,0.1,False,False,-0.6064642710591006,True,-9.883713674377049
AMBP,2023-09-13,short,0.08539928988338351,0.19837945754804812,0.058921213639616686,0.2,False,True,0.6965010168235696,False,4.804806336097167
AMBP,2023-10-25,long,0.49290122573602546,1.0819272596676628,-0.13309833527564593,0.3,True,True,-2.3774237845795603,False,26.428568813192864
AMBP,2023-12-07,short,0.0933841705106783,0.10583857160546985,0.21231459835178512,0.3,True,True,-1.730877207518956,False,1.0178250811517908
AMBP,2024-01-23,long,0.152589856881927,0.2862058561083978,0.3133518176436086,0.3,True,True,-0.1810772453582635,False,-5.039774340145242
AMBP,2024-02-05,short,0.02132576813126427,0.41863809927502044,0.19241783773098417,0.3,True,True,0.024580880167118884,False,-6.043955430630721
AMBP,2024-02-12,long,0.19423569220163875,0.6995136207565241,-0.012019365077054957,0.2,True,True,-0.07184359747601593,False,-12.953359275031639
AMBP,2024-02-23,short,0.6404089663298344,0.7573604562874078,0.19101548847469774,0.2,True,True,0.07788651171223074,False,1.7045459590498413
AMBP,2024-03-11,long,0.34489295414579074,0.5330961455995379,0.5686623402379211,0.2,True,True,-0.832090817154695,False,-1.1764671212878386
AMBP,2024-04-15,short,0.3002954900820797,0.423123903481256,0.20753954239729683,0.2,True,True,0.021584634620017275,False,-19.519519108810755
AMBP,2024-04-19,long,0.11010791204111618,0.24793038133471373,0.05600587886130656,0.1,True,True,0.0470553726534299,False,12.893981362222707
AMBP,2024-05-14,short,0.04540133655971182,0.13671544816508635,0.24446732000121665,0.0,True,False,-1.9462820117771396,False,4.9627793619704486
AMBP,2024-07-11,long,0.5241851530386634,0.5418461960774422,0.3080190366221251,0.0,True,True,-1.0080946840271565,False,2.5210101441482724
AMBP,2024-08-02,short,0.3121635718133502,0.4300486041787446,0.20059582441864776,0.0,True,True,0.08701050727120656,False,2.3121138208810343
AMBP,2024-08-19,long,0.09248431846033285,0.4021200685397027,0.3483219884598479,0.0,True,True,-0.9015535958520362,False,2.915454836879361
AMBP,2024-09-12,short,0.006225201245832689,0.3070266362329158,0.0970177478539117,0.0,True,True,-0.2254768303027828,True,-10.059159570270925
AMBP,2024-09-13,long,0.4826179728964997,0.4889518894691342,0.18667537846326254,0.0,True,True,0.4026740722720651,False,3.601104989269266
AMBP,2024-10-03,short,0.007818374726199787,0.40810234549193225,0.12384628826585267,0.1,True,True,-1.1991455922030414,False,-12.806525679644732
AMBP,2024-10-15,long,0.4943128633570728,0.6560235966945617,0.11197217284979835,0.1,True,True,1.327977309291563,False,-5.555559185088543
AMBP,2024-10-25,short,0.9020207308309472,1.6804657728378258,0.5467703003759321,0.1,True,True,-1.5638023261824556,False,-0.8086276760130628
AMBP,2024-11-25,long,0.11996716651842773,0.15710177172052578,0.27659950611220985,0.1,True,True,-0.4416194146950125,False,-3.8781090030696186
AMBP,2024-12-05,short,0.026891546818443066,0.46967475806544595,-0.07462104468302455,0.1,True,True,0.34611875717990226,False,12.931029909603575
AMBP,2025-01-15,long,0.1230296421799948,0.44908610125858756,0.16073083020511245,0.1,True,True,-1.827824710941159,False,-1.0563513797669621
AMBP,2025-02-07,short,0.31326838866216417,0.6257516926542394,0.2282089972877767,0.1,True,True,1.1304707875245785,True,-9.960144000900417
AMBP,2025-02-11,long,0.2110383918054105,0.32946773815315145,0.19974012619880177,0.1,True,True,-1.0295668468141612,False,8.178463826059378
AMBP,2025-04-04,short,0.22233767825762593,0.8322852096595764,0.04501834124960668,0.2,True,True,-0.9184571770347031,False,6.6433567752031575
AMBP,2025-04-24,long,2.2871014951656456,2.651911565929217,0.30600560591003195,0.1,True,True,0.5134248366976298,False,3.3880982074036226
AMBP,2025-05-21,short,0.17462560510317987,0.40771028621831207,0.057965889135148385,0.1,True,True,-1.8304889196813323,False,-3.7037031898368378
AMBP,2025-07-02,long,0.029705530232109957,0.15401917525387532,-0.015409573393984962,0.1,True,True,1.4206205193025905,False,2.7088274494009745
AMBP,2025-07-16,short,0.1652219461932446,0.5962429926767506,0.37168529806958456,0.1,True,True,-1.9500046505654784,False,13.47825933288952
AMBP,2025-08-13,long,0.08197989758714626,0.4094567685987128,0.4493797916518643,0.1,True,True,-0.8221244422604276,False,-6.818186069531773
AMBP,2025-08-19,short,0.15546429261993128,0.16034277453728005,0.027636207061040727,0.1,True,True,0.8272094712874862,False,5.645161899445295
AMBP,2025-08-29,long,0.016752492451593017,0.13720750036385768,0.004397599854775244,0.1,False,False,-0.7680372675612266,True,-2.4390237148976257
AMBP,2025-09-02,short,0.008426350312589898,0.02532394575911659,0.0476306779152895,0.1,True,False,0.7669870189221902,False,0.5509749653300977
AMBP,2025-09-11,long,0.07987000625543982,0.2325243646104972,0.014597485898211885,0.1,True,True,-0.7705603920681968,False,7.262576768096585
AMBP,2025-10-07,short,0.2393040562626944,0.5539502370167368,0.3738285326247923,0.1,True,True,-0.24524388431974428,False,-1.3513571354407228
AMBP,2025-10-23,long,0.831082523254044,1.1123811846628264,0.09859760654044708,0.1,True,True,0.09020527932850576,False,-17.41293298408082
AMBP,2025-10-29,short,0.37547393746199154,0.4558374290186721,0.24580193441405987,0.1,True,True,0.0712000864181201,False,3.0054743583122434
AMBP,2025-11-13,long,0.20926990589752972,0.5832551937142313,0.44829720370374754,0.1,True,True,-0.7569334661880721,False,4.166670214345047
AMBP,2025-12-23,short,0.09782023693737078,0.3423885238053553,0.3301054580958373,0.1,True,True,-1.438124479592349,False,-7.673253335643193
AMBP,2026-01-07,long,0.06286079544635986,0.30793826629859183,0.08121808797214082,0.1,True,True,1.2229130472749816,False,1.168223295093207
AMBP,2026-01-20,short,0.46442771660834115,0.8795067065105683,-0.04048296949563174,0.1,True,True,-1.2269871025959256,False,-12.62136548332018
AMBP,2026-01-27,long,0.08013829256324899,0.1538981273917036,0.17448585360303584,0.1,True,True,1.3377488341012584,True,10.58559825771772
AMBP,2026-01-30,short,0.1915822906360804,0.19985352011328483,0.022709136788910244,0.1,True,True,-1.3046493382244837,True,-10.706163065548147
AMBP,2026-02-03,long,0.5423095583096597,0.6948790226709018,-0.04219356525977222,0.1,True,True,1.5521007540282405,False,3.0172564706535177
AMBP,2026-02-18,short,0.07023086299863615,0.6231068824905931,0.5650519123451558,0.2,True,True,-2.2063377605614347,False,1.255243853901833
AMBP,2026-04-02,long,0.18549641672651515,0.2108231127994476,0.14558145590830307,0.2,True,True,-1.101570114676085,True,2.6894728878172014
AMBP,2026-04-07,short,0.05092224354007248,0.25254242378177943,0.059696773600345955,0.2,True,True,1.1634559117756715,True,-0.7672589382918593
AMBP,2026-04-08,long,0.39796424827680593,0.44853243187941433,-0.008428662739280921,0.2,True,True,-0.9997334470974846,False,-7.22891573509864
AMBP,2026-04-22,short,0.20964174063069016,0.5189168703162804,0.15965967019118785,0.4,True,True,0.6588061733695024,False,-3.1168844469040557
AMBP,2026-05-05,long,0.024807300568231626,0.12096981462005792,0.11815127056627905,0.4,True,True,-0.7025192094001609,False,1.0178099921649864
AMBP,2026-06-04,short,0.3001187570397642,0.3803352177240998,0.48260707927960983,0.4,True,True,-0.03007867246225118,False,-11.805862743599382
AMBP,2026-06-11,long,0.6203968951910739,0.7733764935826665,0.19816733181942162,0.4,True,True,0.09994226823246982,False,13.546808512934149
AMBP,2026-07-09,short,0.196221011998129,0.4147027292454315,0.5862921156911403,0.3,True,True,-1.8174925990325936,False,-1.9438362724468083
AMBP,2026-07-27,long,0.024986702925164837,0.28438454508541616,0.21705550790541145,0.2,True,True,1.2061028551938122,False,2.6859413326006276
AMBP,2026-07-31,short,0.035016039376068765,0.6625293612248757,-0.20091620300653404,0.2,True,True,-1.325009288709106,True,-10.570819041503166
AMBP,2026-08-05,long,0.32194635337630956,0.4533707811912911,0.17108210899728582,0.2,True,True,1.3829360434744162,False,2.7504870820569183
AMBP,2026-08-26,short,0.1682757402088299,0.3747435361998383,-0.002532659516529583,0.2,True,True,-1.6076478101907947,False,6.114563805475404
AMZN,2018-06-22,short,0.09861866373218914,0.42244626864862184,0.06897014427956552,,True,True,-1.7057240357797108,False,-1.3609793473122744
AMZN,2018-07-11,long,0.1662914777947285,0.3555290207199021,0.36545324805006124,,True,True,1.0576522021030175,False,6.18859967614851
AMZN,2018-07-27,short,0.2390869347736402,0.40956291380739707,0.17904053289723748,,True,False,-1.8344100654319038,False,-3.7985548035330163
AMZN,2018-08-08,long,0.41280811992101313,0.5549602132533344,0.34259680667508924,,True,True,1.7125374997470766,False,0.974287452813738
AMZN,2018-08-17,short,0.08730345865598495,0.3640574504951063,0.2040240756284354,,True,True,-1.8775005691144047,False,-6.93276873225066
AMZN,2018-08-28,long,0.019652047998599084,0.20454551151112652,0.11271810820632946,0.0,True,True,2.001046831348744,False,2.9583729410656456
AMZN,2018-09-07,short,0.16250669756380098,0.8623970437570595,0.3967100127156767,0.0,True,True,-3.8614872229695334,False,1.898494233525827
AMZN,2018-09-28,long,0.21149008294853017,0.3937891093875253,0.735990682181923,0.0,True,True,2.10969324501946,True,-10.703449971779245
AMZN,2018-10-03,short,0.5082235267627103,0.5567595717897397,0.046594532876123744,0.0,True,True,-1.7021938212977243,False,6.197892606180755
AMZN,2018-11-07,long,0.9059184320529228,1.0079139448691683,0.4133207087366136,0.1111111111111111,True,True,-1.560428123158485,False,-13.600756694239847
AMZN,2018-11-19,short,0.4557323619880796,0.5888444360442991,0.23170179968442522,0.1,True,True,1.4463395621247113,False,-10.322750284937543
AMZN,2018-11-27,long,0.11245604177806337,0.4280583683481963,0.17735203251807585,0.1,True,True,-1.3919240953065435,False,5.192805013202428
AMZN,2018-12-17,short,0.3572762718802568,0.6292268708795407,0.19563684278210397,0.1,True,True,0.4444284396397186,False,-1.197961040331741
AMZN,2019-01-02,long,0.15577016767848445,0.5785352670866196,0.47038002704028464,0.1,True,True,-1.159535766979216,False,9.398174374100442
AMZN,2019-01-29,short,0.19793956912736782,0.38731742806925784,0.15774151886899682,0.1,True,True,-0.4605954669027906,True,-2.768711804681989
AMZN,2019-01-31,long,0.2376564731854603,0.30815134030607333,0.11962090512003007,0.1,True,True,0.6484191034166288,True,-5.5901750988048615
AMZN,2019-02-01,short,0.04955008168411563,0.28747256538502003,-0.015739955842948877,0.1,False,False,-0.5422609948193933,False,1.1240740346310507
AMZN,2019-02-27,long,0.03505056969756684,0.08316568462725293,0.09599132251037272,0.3,True,True,0.0685499278007289,False,3.0296938730253853
AMZN,2019-03-08,short,0.11957859034993629,0.3384319830319157,0.1502035089385668,0.2,True,True,-0.2045306126809042,True,-8.882652400778568
AMZN,2019-03-11,long,0.03739040448148688,0.1632119676549852,0.24014448798893673,0.2,False,False,0.2481156926373132,False,6.203684041073831
AMZN,2019-04-12,short,0.005763228112248801,0.24390673701297608,0.1951039238579052,0.3,True,True,-1.2882876954106344,False,-5.174548075542695
AMZN,2019-04-23,long,0.5364226811182689,0.6170777436470934,0.03032636445277535,0.3,True,True,1.4818337580135525,False,-0.14398436374070123
AMZN,2019-05-02,short,0.6359166347818501,0.6772466655459372,0.315678791128486,0.3,True,True,-1.4453822272722847,False,-0.3551115040650421
AMZN,2019-06-10,long,0.0778403058142099,1.259871452954341,0.5492880830413994,0.3,True,True,-1.0643862388934016,False,2.8630064807392497
AMZN,2019-07-19,short,0.20585585098257572,0.337308389889217,0.2663576114909441,0.3,True,True,-1.5397121748489169,False,7.191574033929227
AMZN,2019-08-21,long,0.19761287866571625,0.29978235651243673,0.2850791445732402,0.2,True,True,-1.1427296760559718,True,0.9421248135682125
AMZN,2019-08-26,short,0.015468266997111811,0.023922531814145644,0.03325973660479358,0.2,True,True,1.1680686363061312,True,-2.9216389334245196
AMZN,2019-08-29,long,0.2063739266949475,0.22020971184657523,-0.0015372577200247037,0.2,True,True,-1.0746581492762564,False,2.9635055786744635
AMZN,2019-09-23,short,0.007589544435995978,0.25225696887069415,0.17191420206338245,0.3,True,True,0.21419653358761356,False,2.9485197701019317
AMZN,2019-10-14,long,0.1744716997020903,0.21635593375099718,0.17374403516142584,0.2,True,True,-0.9038999656194959,False,2.3410025494144504
AMZN,2019-11-13,short,0.34656993434048605,0.37918886851114453,0.21881967836280328,0.2,True,True,-0.1035088799814251,False,-3.730509273854299
AMZN,2019-11-26,long,0.3007168442113958,0.6807967598839623,0.1922755370852804,0.2,True,True,-0.09095712200453131,False,-2.6834542160753982
AMZN,2019-12-05,short,0.32454988285914294,0.5333711050384362,0.3220164961904583,0.2,True,True,0.03657922290696425,False,-2.9761861970593717
AMZN,2019-12-17,long,0.5203755217918228,0.5492061886761531,0.2710441198603199,0.2,True,True,-0.034777469029533666,False,5.994996791296381
AMZN,2020-01-15,short,0.430483049908314,0.5684637319500858,0.5232311669406148,0.2,True,True,-1.6094751424640341,False,-0.465084872211885
AMZN,2020-01-31,long,0.7291364685823488,2.029800637488128,0.11737694936225819,0.2,True,True,1.3108998149564963,False,6.280121604208699
AMZN,2020-02-24,short,1.145077329132333,1.2675177252845433,0.502775011132102,0.1,True,True,-2.1926334475167564,False,10.38575622586826
AMZN,2020-03-23,long,0.4234595410681399,0.45234390605117364,0.4867124517357568,0.0,True,True,-1.2083152103421557,False,4.979949700037367
AMZN,2020-05-01,short,0.255948640315493,0.5253307877660217,0.17682935481738202,0.0,True,False,-2.2162279979890007,False,-5.412850478767828
AMZN,2020-06-09,long,0.2766517687355209,0.39141915190177,0.06697691890393118,0.0,True,False,1.1554622644613017,False,6.288308897227091
AMZN,2020-07-16,short,0.1245071048165476,0.9182817718567002,0.8813414781551532,0.0,True,True,-2.3921737464069226,False,-1.7327238294897462
AMZN,2020-08-19,long,0.09791473056216897,0.14675560819944253,0.27042121442954226,0.0,True,True,1.9894607271295743,False,8.310734774742755
AMZN,2020-09-04,short,0.5979811106349572,1.008099557528972,0.18454924724337282,0.0,True,True,-3.134347505612785,False,10.142295006831814
AMZN,2020-09-29,long,0.02642656300506851,0.36195602045421665,0.49439949085446494,0.0,True,True,-0.7550402016992179,False,9.49956735195232
AMZN,2020-10-21,short,0.25813002876900126,0.36498270227817126,0.4902264750409838,0.0,True,True,-0.44641801093797895,False,-1.7651853688015917
AMZN,2020-11-05,long,0.0014728303376994524,0.6992568153483312,0.08667214918942996,0.0,True,True,-0.1344717503291125,True,-6.170383986815519
AMZN,2020-11-10,short,0.39509766043318945,0.5260278415938879,0.19286477532596008,0.0,True,True,0.2575308000669257,False,-2.7360561736902156
AMZN,2020-11-25,long,0.20669813119558778,0.3746291465819024,0.03974045456153099,0.1,True,True,-0.28354241280992454,False,-2.624118782347562
AMZN,2020-12-09,short,0.0022108513616667606,0.4637910458730855,0.17076931718267163,0.1,True,True,0.055400800134402524,False,-2.6116211192013017
AMZN,2020-12-16,long,0.5711418143537745,0.5836240344434598,0.1047151068292035,0.1,True,True,0.04796418817640256,False,0.4927505499540574
AMZN,2021-01-06,short,0.7287717886641355,0.9021358646135689,0.5155011093306346,0.1,True,True,-0.2940681886790502,False,-5.372514402202144
AMZN,2021-01-21,long,1.1367726751992528,1.331358991665074,0.4937739283424498,0.1,True,True,0.12844408058458462,False,0.7260381613911404
AMZN,2021-02-11,short,0.4286189221284846,0.5268039789055053,0.4127669797782712,0.1,True,True,-1.1051737501285162,False,5.186799045180301
AMZN,2021-03-12,long,0.0434035008114625,0.3849040742173912,0.6613132236875219,0.1,True,True,-1.9873086810633556,False,-1.2124985467185212
AMZN,2021-04-23,short,0.02952489091192434,0.1866842063912791,0.37966494024620706,0.1,True,True,-1.7337364509585707,True,1.4747616693504106
AMZN,2021-04-26,long,0.10130637652477252,0.13090738272452976,0.27216743324594356,0.1,False,False,1.7821083896528591,False,-6.409792624593225
AMZN,2021-05-04,short,0.5608679453479718,0.6082151559732338,0.10286306807080113,0.1,True,True,-1.4639649958630394,False,2.4031784493218744
AMZN,2021-06-08,long,0.10004042802564857,0.3125236867126457,-0.052126671860483524,0.1,True,True,-0.38852517522662966,False,7.39343796969214
AMZN,2021-07-01,short,0.1975331835295523,0.2110564943203427,0.23212337526847163,0.1,True,True,-1.1225550696131734,True,-4.09732961299496
AMZN,2021-07-02,long,0.05021382665769395,0.2483339197897544,0.08059614606478673,0.1,True,True,1.1986087336873836,False,1.099699524867015
AMZN,2021-07-16,short,0.23216179777708162,0.6790707349809205,0.43055898295262096,0.2,True,True,-1.7413221638246252,False,6.884877128413658
AMZN,2021-08-25,long,0.17890145009129435,0.2874347486367003,0.3148468133289992,0.2,True,True,-1.2881075892321154,False,5.606843482595525
AMZN,2021-09-20,short,0.13990063343028838,0.44835420363549977,0.10491128431929893,0.2,True,True,-0.3258349526859201,False,4.9452731051933485
AMZN,2021-10-14,long,0.013056109858119086,0.21518933180594682,0.10482132425126425,0.2,True,True,-0.7403198848087333,False,4.445952508378581
AMZN,2021-11-02,short,0.14840199250263708,0.29124059176495476,0.14372211744881427,0.2,True,True,-0.021903195454452018,True,-6.880994294081022
AMZN,2021-11-04,long,0.4690101294619448,0.4847491883900397,0.17923551814666733,0.2,True,True,0.24670263489187136,False,6.300251530837864
AMZN,2021-11-26,short,0.24063155471580086,0.6835856109253251,0.44090615160343294,0.2,True,True,-1.0776315701306525,False,1.7211811271970356
AMZN,2022-02-02,long,0.4990136689600801,0.6495626770457588,0.9513023379286623,0.2,True,True,-2.30921300145301,True,4.971693040938696
AMZN,2022-02-03,short,0.05839417775714537,0.5666304191436609,0.6004969104930229,0.2,False,False,2.433890528424875,True,-11.384590091257873
AMZN,2022-02-04,long,1.2924635477231459,1.3500876712357988,0.3608084206139464,0.2,True,False,-1.9197917423506579,False,-3.195896026952505
AMZN,2022-02-23,short,0.23517081648678298,0.6569652170166331,0.39271321890382505,0.3,True,True,0.6539568357375365,True,3.8307698499544074
AMZN,2022-02-25,long,0.058154295037936746,0.23687140942748441,0.23968540125958193,0.3,False,False,-0.5562764198879485,False,-5.373608833614474
AMZN,2022-03-03,short,0.1343960533178575,0.2900994376660163,-0.0314072405554779,0.4,True,True,0.5942239566087465,False,-6.315479853035422
AMZN,2022-03-16,long,0.6815991677841772,0.7072590220019292,0.2980528854281175,0.4,True,True,-0.836418461832829,False,8.619624980466067
AMZN,2022-04-06,short,0.13265979980870424,0.5250125702820163,0.22887022253149686,0.4,True,True,-1.1392142441603248,False,6.588722109549061
AMZN,2022-05-20,long,0.0905112912191427,0.1421918784414497,0.22157129922832602,0.3,True,False,-2.4945373175227297,False,15.985534990080952
AMZN,2022-06-14,short,0.2554351237323133,0.38888919415241147,0.48360830727346193,0.3,True,True,0.8760588556507695,False,-6.460757275031659
AMZN,2022-06-23,long,0.20263430345020564,0.24395764849283455,0.12256130052387983,0.3,True,True,-0.8140866467442894,False,2.757024552482168
AMZN,2022-08-18,short,0.010525095031169204,0.2679470046421002,0.2199828648785776,0.2,True,False,-1.2035485788434794,False,10.175687312998072
AMZN,2022-10-05,long,0.24924475495348591,0.3076762849630099,0.2404701516572422,0.1,True,True,-0.6936023962659884,False,-4.861510873732556
AMZN,2022-10-11,short,0.036747009909298266,0.15244241146874316,0.05024465784129595,0.1,True,True,0.7963830072191642,False,-7.47705147322244
AMZN,2022-10-18,long,0.24602256872393638,0.3827039293480457,-0.01827155444254582,0.0,True,True,-0.8599584867419341,False,-16.81849397745985
AMZN,2022-10-28,short,0.27654807455672775,0.8064185571641386,0.2008220871961082,0.0,True,True,0.6791665406331975,False,2.533606666471888
AMZN,2022-11-14,long,0.28669340533560395,0.5280381337112228,0.6442939289907444,0.0,True,True,-1.5314482604651305,False,-6.1630620636424
AMZN,2022-12-20,short,0.1408505927774289,0.14936092067098672,0.23373087173293064,0.0,True,True,0.7944603848855867,False,2.429862232071145
AMZN,2023-01-03,long,0.2999924859229011,0.3011674460954575,0.07914856058763169,0.0,True,True,-0.8973550981884736,False,11.232812192878416
AMZN,2023-02-08,short,0.0473375538224598,0.5624783047553379,0.5680773329100238,0.0,True,True,-1.1736902666890041,False,4.227889283267006
AMZN,2023-03-15,long,0.14316846781750808,0.2895015911117223,0.10427997829280379,0.0,True,True,-0.30546883332097446,False,4.209982515838107
AMZN,2023-04-12,short,0.32187005501981814,0.43917856469190997,0.20742673970718276,0.0,True,True,-0.45299198023058523,True,-7.308597967959218
AMZN,2023-04-17,long,0.012035368951827064,0.07900110559295855,0.021354848944293223,0.0,True,True,0.548995990946695,True,-0.6715931734071368
AMZN,2023-04-18,short,0.006499009320983255,0.01900547474963512,0.12036194469849057,0.1,False,False,-0.5519553236953821,True,-1.3000920449506292
AMZN,2023-04-19,long,0.1870618499414101,0.19369807160569594,0.061546609339120366,0.1,True,True,0.617385913968793,False,-0.623203745791201
AMZN,2023-05-01,short,0.1720748254933472,0.657627590508572,-0.08015500580533634,0.3,True,True,-0.759491656308821,False,-8.966186793589515
AMZN,2023-05-10,long,0.531996433492457,0.7052113670006073,0.2109713913652627,0.3,True,True,0.8483181540180674,False,5.9533509513098215
AMZN,2023-06-15,short,0.06814755297203776,0.11205630510697341,0.02294827016332817,0.3,True,False,-2.5719037854500795,False,-2.5568405195455
AMZN,2023-07-14,long,0.03825377068011521,0.5164064594590541,0.3708613809456783,0.3,True,True,1.6487683884427062,True,-1.8339665104230685
AMZN,2023-07-18,short,0.050873636038890224,0.1586662522000603,0.3997089345533223,0.3,False,False,-1.6393496495988702,True,0.8582393841252811
AMZN,2023-07-19,long,0.217175670349023,0.2684347507421488,0.1481484398741945,0.3,True,True,1.7146666053725133,True,-5.2822058689748435
AMZN,2023-07-20,short,0.6278721593392181,0.8441220900692084,-0.058920337765493234,0.4,True,True,-1.513221624346642,False,0.8079432113831775
AMZN,2023-08-04,long,0.2578375253397531,1.8010824491830997,-0.18757145601976033,0.5,True,True,1.0730549490945844,False,-4.54969246276864
AMZN,2023-08-17,short,0.8473654605635723,0.8601760644604518,0.5070226541034943,0.4,True,True,-1.8045363875937106,False,-3.007910813411474
AMZN,2023-09-01,long,0.0253847141857056,0.4222410506812046,0.42990146035446974,0.3,True,True,0.7713778934794757,True,1.3466555720433204
AMZN,2023-09-06,short,0.08503329608688415,0.2332600677468259,0.30361436341863773,0.3,False,False,-0.7340240378229964,True,0.05171935867543942
AMZN,2023-09-07,long,0.12300337761618599,0.20885362282786837,0.10709640031863625,0.3,True,True,0.8162567807908027,False,-6.180633946481673
AMZN,2023-09-19,short,0.0807083348350723,0.7682127164058848,0.3384680268381995,0.5,True,True,-1.476717653023364,False,9.380224663293312
AMZN,2023-10-11,long,0.44752183168051723,0.5336627214914158,0.41052889217291944,0.5,True,True,-0.9170092069519248,False,-7.919291736630274
AMZN,2023-10-23,short,0.10549430301715615,0.14097676751076782,0.36188890369222887,0.4,True,True,0.6708592913695404,True,-10.414039340091108
AMZN,2023-10-24,long,0.04166992379772577,0.14909587904759558,0.21737935434679453,0.4,False,False,-0.6254533579832376,True,11.006541244545609
AMZN,2023-10-25,short,0.6091695609085805,0.6508195133280223,0.16291570912232242,0.4,True,True,0.8515400909539507,True,-17.04423967825688
AMZN,2023-10-30,long,0.41426373687386864,0.9528276575914246,-0.1658256222074239,0.4,True,True,-0.6541416869346431,False,7.44479626568435
AMZN,2023-11-30,short,0.1294640554970729,0.17744488465087013,0.11849491823713217,0.5,True,True,-1.7579206653258976,False,-0.9103989762437426
AMZN,2023-12-18,long,0.2277574337802388,0.5438409519194924,0.13164341800915405,0.5,True,True,1.3581544104723269,False,-3.6347152835082275
AMZN,2023-12-29,short,0.2412437615004547,0.29443339877599267,0.13219117446421053,0.4,True,True,-1.3418435814946696,False,-0.8029493228247198
AMZN,2024-01-12,long,0.14548009209543944,0.24480761555654248,0.5093696693732637,0.3,True,True,0.8053998995430538,True,4.294398913035757
AMZN,2024-01-17,short,0.06575348985319898,0.20059850650395256,0.1730136904528037,0.3,True,True,-0.744935466941175,True,-2.300435093221842
AMZN,2024-01-19,long,0.20478351916739904,0.22724998211585065,0.05120772629861403,0.4,True,True,0.8291776651391215,False,10.602550282593093
AMZN,2024-02-16,short,0.0825395893872024,0.5128959929287458,0.6471355871849448,0.5,True,True,-2.0066817291501984,False,-4.760785549959601
AMZN,2024-03-01,long,0.15154428916493215,0.32355601341983836,-0.042256259348197746,0.4,True,True,2.140369669547323,True,-2.1321978597968805
AMZN,2024-03-05,short,0.44091846613562125,0.6059981885674665,0.10612683752177553,0.4,True,True,-2.094770704500588,False,-1.0222828102532944
AMZN,2024-04-03,long,0.15406936302980806,0.18834711239544324,0.06987892277679698,0.3,True,False,2.5513053822056304,True,-0.6194862453408279
AMZN,2024-04-04,short,0.15445144560859464,0.3094952853759796,-0.010214334241605201,0.3,False,False,-2.40917246125592,True,0.4333326551649308
AMZN,2024-04-05,long,0.3711712488911667,0.5264714029486857,-0.04875366023088282,0.3,True,False,2.656546989013027,False,-5.64110986558547
AMZN,2024-04-16,short,0.3976593632782712,0.5924652807975458,0.22618115739219197,0.5,True,True,-2.8025531817772635,False,4.538515705764745
AMZN,2024-05-03,long,0.7216267212700201,1.0074060273453531,0.4787025079534626,0.5,True,True,0.48769011915723803,False,-0.8109176258960682
AMZN,2024-05-16,short,0.04260733450130409,0.596260653732223,0.36708418478721727,0.4,True,True,-1.324706810919503,False,3.9154834450909615
AMZN,2024-06-07,long,0.16586407193182617,0.40907049048848876,0.47641104711116194,0.3,True,True,-0.13558888974250222,False,0.689096175491799
AMZN,2024-07-12,short,0.10394510738526651,0.6110177711115754,0.4364153505694993,0.3,True,True,-2.279127959098785,False,6.164844030294148
AMZN,2024-08-15,long,0.43271862930634997,0.7912066282759723,0.4693982422935505,0.3,True,True,-1.807912239962904,False,-3.080129136494636
AMZN,2024-10-01,short,0.28041007582056565,0.3221541291470122,0.34216048291215434,0.2,True,True,-1.0431377714733743,False,-1.382810722775174
AMZN,2024-10-21,long,0.028729530022183765,0.07578827569211906,0.06062921223282376,0.2,True,False,0.4649320004445984,True,3.5489454673642618
AMZN,2024-10-23,short,0.22109334863852972,0.33200478892572904,0.024041662110455057,0.2,True,True,-0.3763786887990369,False,-12.11628434332317
AMZN,2024-10-29,long,0.049497102013689426,0.2374593387613826,0.01546854964452669,0.1,True,True,0.4068064185185822,True,9.47440216819848
AMZN,2024-10-31,short,0.013241005926071437,0.37102051301536976,-0.02205350492635103,0.1,False,False,-0.41162288178351114,True,-13.454937045213944
AMZN,2024-11-01,long,0.7256178923619877,0.7392453926419948,0.06526332785717366,0.1,True,True,0.6572250222083863,False,2.364476384453962
AMZN,2024-11-19,short,0.17116351389762918,0.33227714303602657,0.6616164148025198,0.3,True,True,-1.5682639966051128,False,-6.622356195365886
AMZN,2024-12-03,long,0.3318772749161413,0.47425680496701705,0.33728261057893943,0.3,True,True,1.2340050416473836,False,8.29740969476418
AMZN,2024-12-19,short,0.41618299257480146,0.6041162179982078,0.4835837233693753,0.3,True,True,-1.8482815186387476,False,-1.934707086798526
AMZN,2025-01-22,long,0.5252949676425773,0.5710388995324559,0.345001566890138,0.3,True,True,1.0486661208613288,False,0.4935975870063114
AMZN,2025-02-07,short,0.45864587307022514,0.7461426923660733,0.11493080429004497,0.3,True,True,-1.8214076774291506,False,7.174334549641648
AMZN,2025-03-21,long,0.18930318412302194,0.23433027943151732,0.16714476388784688,0.3,True,False,-1.5611849457225904,False,-12.848481652941846
AMZN,2025-04-03,short,0.32591802405179265,0.7588810817837162,0.13482597927724704,0.2,True,True,1.1712533833897305,False,3.250940492519938
AMZN,2025-04-11,long,0.03811940081075887,0.3733588033706682,0.3178315045298402,0.2,True,True,-1.3139577391701158,True,1.5308064617304495
AMZN,2025-04-16,short,0.015737912076335726,0.21602748105982472,0.04785283225990002,0.2,True,True,1.2901142101374912,False,-9.103421643147414
AMZN,2025-04-23,long,0.22237254218999614,0.546645796529107,-0.10282365274390637,0.1,True,True,-1.2483437713183723,False,4.490587118642253
AMZN,2025-05-30,short,0.027634433587751923,0.10511792142442827,0.05931201711138328,0.1,True,True,-0.8490750850512442,False,-3.458373633800216
AMZN,2025-06-06,long,0.17473410950217366,0.28791418819055886,-0.02390039920101683,0.1,True,True,0.8709832463062044,False,-2.3879786152618987
AMZN,2025-06-18,short,0.21517421817549706,0.23743269161480304,0.10262576087938165,0.1,True,True,-0.8622618959932115,False,-5.124223212270818
AMZN,2025-06-27,long,0.10129932552275844,0.5529852403047146,0.1335363772477572,0.1,True,True,0.7630235068845566,False,1.0703087133834277
AMZN,2025-07-16,short,0.04694497777858187,0.28706970479571614,-0.06773546229249228,0.1,True,True,-0.8201067016415565,True,-3.136341199618786
AMZN,2025-07-21,long,0.04994792322578006,0.2619835130357497,0.02030625403741655,0.1,True,True,0.8094171066068273,True,-7.697343619873143
AMZN,2025-07-22,short,0.005122885120762526,0.05759353208142171,0.001195941865560468,0.2,False,True,-0.7991934748112528,True,6.031565106201087
AMZN,2025-07-24,long,0.3225672997339181,0.34651788836475383,0.07705804426038776,0.2,True,True,0.8413245653830455,False,-3.9185251742427707
AMZN,2025-07-30,short,0.11984113185334015,0.5181654163734581,0.04738278513155447,0.3,True,True,-0.8297201846605521,True,2.4458077340894
AMZN,2025-07-31,long,0.17223912516392356,0.309380381466088,0.19267583705762112,0.3,False,False,0.8548160331906623,True,-1.336980425719636
AMZN,2025-08-01,short,3.894750575022315,4.074021985619898,0.24832995357917695,0.3,True,True,-0.5734255779149563,False,-7.580907464166176
AMZN,2025-08-15,long,0.6540527529416722,0.8191540751698306,0.7692412079579343,0.5,True,True,0.30058554361251066,False,-0.8786732415802523
AMZN,2025-08-21,short,0.51366577434623,0.7470343200281695,0.14288470229725173,0.5,True,True,-0.23152575462703648,True,-4.676731257280919
AMZN,2025-08-25,long,0.04961007727389925,0.13802457283535427,0.3097743698524572,0.5,True,True,0.300419077152431,False,4.518734290355875
AMZN,2025-09-02,short,0.14494781524067712,0.6666286357356832,-0.10241121175113889,0.6,True,True,-0.3632453745276879,True,-3.865273300531502
AMZN,2025-09-04,long,0.6290526146612805,1.152069402783228,0.07429484243825375,0.6,True,True,0.48934812222866186,False,-1.8881521921820354
AMZN,2025-09-12,short,0.4575997925977981,0.7496990378251112,0.34333298445843147,0.5,True,True,-0.6579297258329687,False,3.6686370112221645
AMZN,2025-10-09,long,0.5357480275920055,0.6117057653295814,0.3872700436223837,0.4,True,True,-0.5652115359477107,True,-2.920000436845971
AMZN,2025-10-10,short,0.12041056486785359,0.6556851078626441,0.1434139620978159,0.4,False,True,0.779033792320344,False,-3.623428281926744
AMZN,2025-10-22,long,0.13725074888081598,0.19417406215334837,0.4116079798775388,0.4,True,True,-0.9273502892908135,False,14.796971989707618
AMZN,2025-11-14,short,0.40205396405506283,0.8052291951041719,0.5836672414803131,0.3,True,True,-1.8457640019949546,False,0.34513509317295465
AMZN,2025-12-23,long,0.2786471969470666,0.34512011947091437,0.23861003604502495,0.3,True,True,-0.3637342953894153,False,6.095457023213613
AMZN,2026-01-20,short,0.44753924620604435,0.6451885388960741,0.4265634856032179,0.3,True,True,-0.8593473296474765,False,-3.298699184929643
AMZN,2026-01-27,long,0.002833936288420512,0.5351620026003693,0.14702269920505,0.2,True,True,0.753487092796787,False,-15.416048345193378
AMZN,2026-02-03,short,0.12161863511947867,0.28727350647318073,0.024477053514157524,0.2,True,True,-0.7616268731234588,False,14.177354171196177
AMZN,2026-02-25,long,0.18718599141836642,0.47552558662703776,0.5341909632596996,0.1,True,True,-1.9403959914400801,False,0.954232108175157
AMZN,2026-03-27,short,0.268353117689457,0.45814652083242385,0.008126803593844427,0.1,True,True,0.6753233101457381,True,-20.34213093042483
AMZN,2026-04-01,long,0.16267560872413087,0.3207175513406509,0.010785321456618042,0.1,True,True,-0.5899066704590549,False,18.582888475553048
AMZN,2026-05-11,short,0.25398084355839234,0.3538966173159994,0.19402981470730296,0.1,True,True,-1.9183767331036279,False,1.3755090612216692
AMZN,2026-07-01,long,0.24535475706840726,0.2982191231137519,0.2860817322625015,0.1,True,True,-0.7194187370310658,False,3.388499191069516
AMZN,2026-07-23,short,0.15825481619079884,0.5399948250847014,0.15234174001455372,0.1,True,True,0.0846670415822513,False,-16.519731874751777
AMZN,2026-07-31,long,0.6597352457702671,1.4734435340289638,-0.007870094731891552,0.1,True,True,-0.10105333510310748,False,-3.288163015430834
AMZN,2026-08-17,short,0.15181877857176723,0.3440647568593124,0.4540068243535666,0.1,True,True,-0.9450789808279554,False,0.5893416093184722
ARKK,2018-06-22,short,0.00027100734942426944,0.6563865486075863,0.21838051373787687,,True,True,-2.061799040059287,False,-1.2014644328379287
ARKK,2018-07-12,long,0.2439348515000792,0.3386392109813372,0.3084053362681164,,True,True,0.9764032869473878,False,-2.6178005547900063
ARKK,2018-07-20,short,0.030808364997184107,0.13735218623411377,0.03610772915006895,,False,True,-0.9673078666643585,False,3.807915065833667
ARKK,2018-08-08,long,0.10354740394688934,0.40253656683978245,0.4597319919918376,,True,True,-0.062474020690743495,False,1.6291514008099695
ARKK,2018-08-17,short,0.02073041611222336,0.2787158448967276,0.12628817406539014,,True,True,-0.10326347781387345,True,-8.44426286482407
ARKK,2018-08-20,long,0.013430510305815406,0.03464008144098445,0.23037220826259658,,False,False,0.11381973634709688,False,6.015523841643855
ARKK,2018-09-06,short,0.2013208624451119,0.9271068506752564,0.40830202908566154,0.16666666666666666,True,True,-1.236672858275452,False,-2.7423540557985016
ARKK,2018-10-30,long,0.16845212601867193,0.4424523236340898,0.2273181940243378,0.14285714285714285,True,True,-1.7359495037560297,False,3.829479868236252
ARKK,2018-11-19,short,0.19354420809441925,0.5501470862127362,0.15974613495446185,0.125,True,True,0.2884248661847371,False,-4.064454812900986
ARKK,2018-11-28,long,0.2700268573712611,0.5227189969578695,0.1718585215266231,0.1111111111111111,True,True,-0.3662423233433678,False,-3.485730906123541
ARKK,2018-12-10,short,0.07653193047028228,0.20912820841691956,0.34353880062999625,0.1,True,True,0.1041005550513398,False,16.925270335118537
ARKK,2019-01-04,long,0.3610214829418826,0.671031669751544,0.38121589064182687,0.1,True,True,-1.691146359422452,False,11.371306811895998
ARKK,2019-03-05,short,0.003828339701723828,0.15112857492732396,0.10546486067023753,0.1,True,True,-1.2696448192998322,False,-1.3373744587915404
ARKK,2019-03-21,long,0.09789167264763335,0.28406536860259357,0.01910021268149986,0.1,True,False,1.029572390069819,True,0.12482595985050526
ARKK,2019-03-22,short,0.40480414981907814,0.5079140838600522,0.04682944616059157,0.1,True,True,-0.9016200868270149,False,-6.210646316775237
ARKK,2019-04-03,long,0.6348091279348194,0.8632793789127939,0.5516132837989024,0.1,True,True,0.8502138575387262,False,-3.54652508564709
ARKK,2019-04-15,short,0.25288475708177055,0.5649343023833896,0.2314028366630635,0.1,True,True,-0.9258377771564148,False,1.5224039893831809
ARKK,2019-06-06,long,0.08062468543487852,0.46525983989610503,0.3819829821128982,0.1,True,True,-1.7322633220860022,False,7.59553239207249
ARKK,2019-07-19,short,0.03216077017122614,0.19554645177238925,0.13218419946401194,0.1,True,True,-1.301416174907091,True,4.49368762873511
ARKK,2019-07-24,long,0.039848759251363094,0.1705703004440539,0.013621085215365999,0.1,True,True,1.3233632165538753,True,-9.595354125747013
ARKK,2019-07-25,short,0.24490166143035325,0.28570408318391943,-0.0020731479241823943,0.2,True,True,-1.200749698643222,False,4.910902331673905
ARKK,2019-09-05,long,0.07668728396025563,0.2218937248621145,0.0572358637486132,0.3,True,True,-0.9050645717522859,False,1.8392289333894585
ARKK,2019-09-24,short,0.11049935762276354,0.6530779851007888,0.24166539387889502,0.3,True,True,0.24718140647488207,False,5.622684107828169
ARKK,2019-10-14,long,0.029513445453941876,0.37750430369429333,0.22760273109465998,0.3,True,True,-0.987761189686018,False,5.631792055411378
ARKK,2019-12-04,short,0.07064278725525411,0.29300240976357333,0.3395432748525454,0.2,True,True,-1.7021137455259137,False,-2.744467130819439
ARKK,2019-12-23,long,0.20230684423026304,0.22514612456356564,0.17164948631827942,0.2,True,True,1.3213880478436568,False,1.7321860757709029
ARKK,2019-12-30,short,0.4439812658336609,0.631414013149264,0.006557245979722064,0.2,True,True,-1.158204951394483,False,-7.076786309695593
ARKK,2020-01-09,long,0.11091775312715456,0.32426459476549535,0.2682768396110276,0.2,True,True,1.0450628416671544,False,0.8595984009621249
ARKK,2020-01-24,short,0.1355132435198,0.669736990748762,0.2049492795211285,0.2,True,True,-1.3694085174027852,False,-5.757576729990577
ARKK,2020-02-04,long,0.4054754318281555,1.5981432741291204,0.0646271018890618,0.1,True,True,1.2060694752315164,False,7.191054644450889
ARKK,2020-02-24,short,0.4264333843964073,1.739930619189909,0.3123296808436709,0.0,True,True,-2.1449526942197936,False,14.70903741027466
ARKK,2020-03-26,long,0.7680267214932537,0.8710424037701896,0.7922430822187095,0.0,True,True,-1.9922888183910776,False,2.8714413307070252
ARKK,2020-05-14,short,0.03750883364882482,0.18978008664646484,0.06304693090380156,0.0,True,True,-1.2346407671078232,True,-11.679997657526453
ARKK,2020-05-18,long,0.07050044222951997,0.11261103369757536,0.11948061017810212,0.0,True,True,1.2694970149837501,False,9.55243468440694
ARKK,2020-06-05,short,0.074830654261109,0.19161818184238025,0.04047165997961258,0.1,True,True,-1.352927703224394,False,-5.883267808599668
ARKK,2020-06-22,long,0.440600582569116,0.5359050011980655,0.21038963356839238,0.1,True,True,1.1724893398500296,False,10.590532123267682
ARKK,2020-06-29,short,0.09234610091296151,0.30519093146101767,0.3103507159976099,0.1,True,True,-1.1496712774337754,True,-13.63899030668787
ARKK,2020-06-30,long,0.019020686741837586,0.11952843320004111,0.24991638021380205,0.1,False,False,1.1628458558578703,False,13.490423612410396
ARKK,2020-07-23,short,0.8262417076526196,0.9291069561988621,0.035957641363963164,0.2,True,True,-1.5051053344598517,False,-5.467876564276253
ARKK,2020-08-18,long,0.3581816133479409,0.48254208174671187,0.35130803690506734,0.2,True,True,1.5509993601210623,False,9.742604636315777
ARKK,2020-09-04,short,1.223050085790259,1.5953314474969822,0.2702064481037735,0.2,True,True,-3.91023975719654,False,-4.0551432269446686
ARKK,2020-09-29,long,0.06421518713826714,0.40432401227345105,0.1459925390495348,0.2,True,True,1.1814845227475592,False,12.99989806233488
ARKK,2020-10-21,short,0.5297651044817769,0.8749835941650193,0.5150735638919138,0.2,True,True,-3.0690860867541976,False,0.4492079906291746
ARKK,2020-11-13,long,0.11458732643950319,0.15387992280583554,0.024672542636350013,0.1,True,True,0.49786434139684294,False,13.048277578934142
ARKK,2020-12-29,short,0.44936861637788755,0.7657784772119758,0.2642905253936609,0.1,True,True,-3.215042754982304,False,-13.996134961156814
ARKK,2021-01-08,long,0.5591855805090608,0.8698514246794926,0.368351916746307,0.1,True,True,2.903469459882763,False,2.9407643319730337
ARKK,2021-01-26,short,0.4492834251325805,0.653590961438741,0.25365779708910685,0.1,True,True,-2.7109944493569973,False,-9.236402527153608
ARKK,2021-02-08,long,0.08540644795060665,0.43807601991999734,0.27410842209637787,0.0,True,True,2.154830611673131,False,-9.307938901744773
ARKK,2021-02-17,short,0.02861996981292525,0.4744666701779926,0.009004078242380554,0.0,True,True,-2.343453835939945,False,17.782740037059263
ARKK,2021-03-16,long,0.0156366809117402,0.2323866917949507,0.6565510704170702,0.0,True,True,-1.2912632944645481,False,-9.204883475989833
ARKK,2021-03-24,short,0.14866404494028618,0.38597401800033043,-0.0569952411266233,0.0,True,True,1.154077565725168,False,-8.1547313863344
ARKK,2021-03-31,long,0.0003193812496605917,0.48602242184214195,-0.0369574787008752,0.0,True,True,-1.1540320670041482,False,5.560654008507027
ARKK,2021-05-03,short,0.199221629057391,0.3334076534451831,0.16145833689030084,0.0,True,True,0.15872736478472455,False,11.632880317198435
ARKK,2021-05-21,long,0.03674483730197814,0.3527925620562823,0.426437413995822,0.0,True,True,-1.006982289197333,False,6.472043468826172
ARKK,2021-07-08,short,0.24579996681891278,0.37514729861816065,0.35580837138171184,0.0,True,True,-1.0397018144665098,False,1.2975380072261289
ARKK,2021-08-05,long,0.23264422269996973,0.29226398488513333,0.09923314254161705,0.0,True,True,0.1739708029496337,False,-9.333436119581906
ARKK,2021-08-12,short,0.04768745646173605,0.0592272957320884,0.08307446538336806,0.0,True,True,-0.1430854652094618,False,2.2076292060882796
ARKK,2021-08-25,long,0.059793264165232826,0.319084153743016,0.3512299597704871,0.0,True,True,-0.28151169360024536,False,0.561850283104115
ARKK,2021-09-13,short,0.42168322222671695,0.5290102564789066,0.4150531092715513,0.0,True,True,-0.08157078421645537,False,0.9647059734749885
ARKK,2021-10-13,long,0.49159547857547925,0.5634054778427788,0.3181316177777034,0.0,True,True,-1.1241124301897039,False,4.628412689338557
ARKK,2021-11-10,short,0.5386757224061247,0.7199997254533641,0.34232151119127247,0.0,True,True,-0.7397276094946561,False,7.525319710661549
ARKK,2021-12-20,long,0.1072233037357043,0.1544780366261776,0.21544648772187422,0.0,True,True,-2.359560660722189,False,-1.345720966454167
ARKK,2022-01-06,short,0.3966088032594011,0.416747656562059,0.2659212876635952,0.0,True,True,1.6861540502106502,False,16.429078616338355
ARKK,2022-02-01,long,0.5245600116893084,0.6696806533596054,0.314924289334103,0.0,True,True,-2.2502457189190372,False,-2.335233533832981
ARKK,2022-02-22,short,0.18280297348782987,0.5020919492899658,0.4227211647895491,0.0,True,True,1.5059160866604622,False,7.524847436590665
ARKK,2022-02-28,long,0.5581081792456972,0.5857360328716686,0.05382269762907643,0.0,True,True,-1.3513295596233301,False,-25.798212472171876
ARKK,2022-03-04,short,0.0738764824390887,0.49408853310433093,0.04417755326939633,0.0,True,True,1.3918221296497741,False,-9.198066590051512
ARKK,2022-03-17,long,0.5435792903921631,0.8682494291274827,0.13022645574343353,0.0,True,True,-1.5817399459697987,False,5.339260697249681
ARKK,2022-04-08,short,0.34035307880786597,0.47959485783309164,0.485130296104913,0.0,True,True,0.2164804897391086,False,10.387470203808002
ARKK,2022-05-18,long,0.04208419766389727,0.15431082230513102,0.39397557991476223,0.0,True,True,-2.593685498318628,False,10.833138298294752
ARKK,2022-06-14,short,0.2716119653696284,0.35174556682849173,0.46819369115987697,0.0,True,True,1.1666187346017423,False,-12.219509641078607
ARKK,2022-06-21,long,0.03224877294662628,0.30147779287330057,0.006348935164766143,0.0,True,True,-1.2082592111995505,False,8.543205627265294
ARKK,2022-07-29,short,0.033325381374568884,0.17587866210593991,0.1679507341272083,0.0,True,True,-0.34764424000702826,True,-15.244841132185138
ARKK,2022-08-02,long,0.04787827104163904,0.12818259795384712,0.02834541611741154,0.0,True,True,0.36385107872021577,False,8.164574591526508
ARKK,2022-08-17,short,0.05440734488199442,0.723767299996104,0.04305493090476361,0.1,True,True,-0.7377172433557265,False,12.804486459486808
ARKK,2022-09-12,long,0.41461812307904705,0.5976141379275766,0.4914705402482202,0.1,True,True,-0.468959658623569,False,-18.06042205354347
ARKK,2022-09-21,short,0.20390066252598335,0.3427443221923546,0.21702723068282664,0.1,True,True,0.48545687316970787,False,0.7436810519568904
ARKK,2022-10-04,long,0.07462985332499865,0.6439371646966777,0.05692932196506908,0.1,True,True,-0.8647923238308379,False,-9.365042767564269
ARKK,2022-10-10,short,0.06164243234914131,0.3734880470848171,-0.0794648193736935,0.1,True,True,0.9537791607319583,False,2.3966944162961523
ARKK,2022-10-21,long,0.129431977793138,0.17207782609361924,0.12991762479547567,0.1,False,True,-1.3306677808394103,False,-1.839464129999202
ARKK,2022-11-08,short,0.19786692101493145,0.23788077720582856,0.43176246659948175,0.1,True,True,0.7775168744171346,True,-1.3199438685285614
ARKK,2022-11-11,long,1.319411661368211,1.4070548276615118,-0.013755760370038348,0.1,True,True,-0.44062180616757796,False,-13.391086224310255
ARKK,2022-11-22,short,0.26390266935044054,0.4515695342137569,0.6222099772066301,0.2,True,True,0.3329374947087484,False,2.7187786330059027
ARKK,2022-12-01,long,0.527111165044467,0.5972767539926492,0.07554513129691579,0.1,True,True,-0.24746936674641373,True,-12.348284826528955
ARKK,2022-12-06,short,0.09822047006433471,0.7336440924568466,-0.1866069114695343,0.1,True,True,0.30129905130216195,False,7.076831234473547
ARKK,2023-01-05,long,0.04387237914016779,0.21100589308564507,0.4096231715807344,0.2,True,True,-1.7606758089477328,False,17.666013470724785
ARKK,2023-02-10,short,0.2968283557293314,0.6957586472633389,0.4310931151082135,0.2,True,True,-1.6325155725958571,False,0.8429213636593658
ARKK,2023-03-21,long,0.1645208798667934,0.3572345280593911,0.1873294890041226,0.2,True,True,-0.11473361227567609,True,-2.404565238410261
ARKK,2023-03-23,short,0.03317719520761671,0.13307878319250338,0.049709608981719416,0.2,False,False,0.19343062002294198,False,-2.03703294781048
ARKK,2023-03-30,long,0.008259844855427178,0.11605241897481318,0.01161357078188418,0.3,True,True,-0.243923477644405,False,0.8056182257466071
ARKK,2023-04-12,short,0.10426144426623121,0.26110718307463193,0.057700225888170815,0.3,True,True,0.09302703491932897,True,6.454179880428168
ARKK,2023-04-13,long,0.08547100431345767,0.19360441492345656,0.045383510676910425,0.3,True,True,-0.03375404485423102,False,-8.835542392463191
ARKK,2023-04-20,short,0.2403703739676162,0.46428926936897075,-0.024458484199135825,0.3,True,True,0.07713373039544416,False,4.412943083054288
ARKK,2023-05-08,long,0.5001705680254311,0.7218025597674076,0.4335029520551783,0.3,True,True,-0.5706763468343026,False,7.297733202634671
ARKK,2023-06-22,short,0.36617206990228324,0.5029988860209493,0.38598862961561564,0.2,True,True,-1.474659008357173,False,-2.4841864394205215
ARKK,2023-07-05,long,0.04147022433177525,0.13110268376448567,0.1935229320229186,0.2,True,True,1.4501030887590354,True,12.655697721712112
ARKK,2023-07-06,short,0.37520110119096145,0.41687159699722603,0.176308307793669,0.2,True,True,-1.3159041494553003,True,-10.453276277345891
ARKK,2023-07-11,long,0.4576962577846846,0.6638766014476682,-0.05401388057546104,0.3,True,True,1.6268640860221548,False,0.46759025996285786
ARKK,2023-07-24,short,0.16336077729884002,0.6262202582236096,0.4883264188417972,0.3,True,True,-2.169540783161686,False,4.7669234117523445
ARKK,2023-08-29,long,0.16559548386835596,0.6472445208466204,0.2026499364949983,0.3,True,True,-1.2118294576988562,False,1.1133655915678276
ARKK,2023-09-19,short,0.12568119425342206,0.2980272900921114,0.22808049748031406,0.3,True,True,0.19538340694500247,False,8.528058886944622
ARKK,2023-10-09,long,0.08450427106043706,0.20580855389548888,0.1631853581831887,0.2,True,True,-0.9951023997576942,False,-8.257113693095974
ARKK,2023-10-19,short,0.19251906393223397,0.2846048876077625,0.02557780363516527,0.2,True,True,0.8912826484031966,False,-4.561590115005676
ARKK,2023-11-02,long,0.6373745128559911,1.126730243552308,0.24688974608521028,0.2,True,True,-1.0146858774739833,False,10.266458804855706
ARKK,2023-12-29,short,0.17756959878090284,0.44936738807404086,-0.02093381682538089,0.2,True,True,-1.6964591787163792,False,10.71224121590728
ARKK,2024-02-07,long,0.11702081003491814,0.24424562571486605,0.10205557009741185,0.2,True,True,-0.41180227258439983,False,2.777191910415344
ARKK,2024-03-06,short,0.07384614987828605,0.17147640737589187,0.2233799298659248,0.1,True,True,-0.4528425915802924,False,-1.066825233577262
ARKK,2024-04-29,long,0.34187991146317626,0.7196531675369373,0.5298724778741644,0.0,True,True,-1.0826550990008754,False,-2.1271944968957124
ARKK,2024-05-29,short,0.16549543117713525,0.24895354591730817,0.2698124128964955,0.0,True,True,0.5594111396906358,False,-3.679858108701506
ARKK,2024-06-06,long,0.28196453995842374,0.4448630514138158,0.19553557520832346,0.0,True,True,-0.6553096355061642,False,-3.2171552294635086
ARKK,2024-06-21,short,0.047260423692405844,0.148072819982167,0.16145294443155558,0.0,True,True,0.4116597939716112,False,-5.932593981830703
ARKK,2024-06-27,long,0.12418812494378272,0.22095352158196324,-0.014630638175374976,0.0,True,True,-0.38666442868664214,False,6.316752329058684
ARKK,2024-07-24,short,0.5796427650949834,1.3851512635552046,0.325738310828505,0.0,True,True,-0.9846800800238331,False,11.7199686223866
ARKK,2024-08-15,long,0.17303660774122417,0.8543657645867554,0.5336650583073353,0.0,True,True,-1.396904134375059,False,1.7304238795889715
ARKK,2024-09-04,short,0.19848850478871152,0.3556156728663717,0.29876463894801986,0.0,True,True,0.002844914757674492,False,-7.72102042398044
ARKK,2024-09-12,long,0.13241333546460451,0.3656281010627181,0.15027896122372406,0.0,True,True,-0.12798658226310575,False,5.091153710166285
ARKK,2024-10-02,short,0.11058997714431446,0.359821032646065,0.1849475849966569,0.0,True,True,-1.22330842048792,False,-3.967734330072359
ARKK,2024-10-16,long,0.08026149085112581,0.16558969476936514,0.15042112418704745,0.0,True,True,0.8809490402762797,True,1.132314806201129
ARKK,2024-10-17,short,0.0011526641754742788,0.08722320104314901,0.13286232020827254,0.0,False,True,-0.8442857279437299,True,2.4447310873654815
ARKK,2024-10-18,long,0.2032012980692606,0.20442239860027955,0.0791582378453228,0.0,True,True,0.9405161632806044,True,-2.8940233707596685
ARKK,2024-10-22,short,0.03651642396574545,0.16245206138180454,-0.008603746554972598,0.1,True,True,-0.8593408261542018,False,-2.2057201848853847
ARKK,2024-10-28,long,0.11964715447340576,0.3585584040378173,-0.06697263627024247,0.3,True,True,0.8323702667982321,True,19.52478646759832
ARKK,2024-10-31,short,0.4872688770417337,0.876663859278731,-0.04092178395104737,0.3,True,True,-0.6658345060885222,False,-17.345825213212397
ARKK,2024-11-06,long,1.5619479213183558,2.04850027746212,0.02847812146408913,0.4,True,True,1.174777602720696,False,6.022246694294808
ARKK,2024-12-13,short,0.19044462760015624,0.3114914661657993,0.4159139812885554,0.4,True,True,-2.3384462605292873,False,6.065548849893377
ARKK,2025-01-21,long,0.1593983398987989,0.5645767723566792,0.34118966403993833,0.4,True,True,0.31657317807311824,False,2.634144604690669
ARKK,2025-02-11,short,0.3486779238523864,0.43732388914952064,0.2054804653601213,0.4,True,True,-1.060272512737137,True,7.97065935007506
ARKK,2025-02-13,long,0.07720593624375874,0.43162721625817685,-0.029194529710437192,0.4,True,True,1.192396760719201,False,-14.109292315345801
ARKK,2025-02-21,short,0.7393868964282325,1.1872940644036822,0.11464075649195221,0.4,True,True,-1.1296976892506012,False,12.873753989669524
ARKK,2025-03-21,long,0.46456274365956385,0.48043141131336775,0.34088158761860976,0.3,True,True,-1.5619771375254448,False,-18.563109462701
ARKK,2025-04-03,short,0.20401859887806728,0.4533255917089359,0.18439137704000594,0.2,True,True,1.1632499262974714,False,-0.0
ARKK,2025-04-14,long,0.3373200779788209,0.3383051688202258,0.47235300964979643,0.2,True,True,-1.214055521398287,False,11.392132833931768
ARKK,2025-05-29,short,0.020666292063769683,0.20897023748666918,0.15387036137022578,0.1,True,True,-1.1255734049027895,False,-9.53726885861521
ARKK,2025-06-06,long,0.0449109647356148,0.5070610018783747,-0.05703654403718429,0.1,True,True,1.0135507915551907,False,12.628819354025044
ARKK,2025-07-07,short,0.1345536417928746,0.22034600275803576,0.22474337815683115,0.1,True,False,-1.5243422962829074,False,-9.043150051685789
ARKK,2025-07-17,long,0.07163888861809839,0.28475422317283977,0.02967625002726564,0.1,True,True,1.3981634825952032,False,-1.1935939903105486
ARKK,2025-07-24,short,0.38193274457945886,0.47495310753091885,0.12439294067767862,0.1,True,True,-1.3183397363522888,False,1.912934721977022
ARKK,2025-09-11,long,0.3432507538372647,0.627435676705583,0.19406994873889036,0.0,True,True,0.43822992568217706,False,4.252865992174959
ARKK,2025-10-13,short,0.2628621808586168,0.5569495806009035,0.337562753544755,0.0,True,True,-2.7870385396525217,False,-2.825570755139717
ARKK,2025-11-28,long,0.39377077160562274,0.49906704663156537,0.5667129093672463,0.0,True,True,-1.2696687086441463,False,0.8910631046101347
ARKK,2025-12-18,short,0.008371279275063722,0.13339524679176332,0.30291151074562617,0.0,True,True,0.23486050122560895,True,-3.367637329097306
ARKK,2025-12-19,long,0.07533485208230793,0.08383623825316273,0.22117853214458838,0.0,False,False,-0.19733039177624176,False,1.9427117052389642
ARKK,2025-12-29,short,0.022662177109842602,0.18301502847968182,0.03177712502145872,0.1,True,True,0.1509016505410823,False,-5.851670828654543
ARKK,2026-01-05,long,0.001668909700949512,0.38590228396627274,-0.1201226630547388,0.1,True,True,-0.23153290758441192,False,-2.594041155586002
ARKK,2026-01-21,short,0.05412620317133445,0.15324800847804165,0.2502827445644594,0.1,True,True,-0.15208864909012848,True,12.828500354103111
ARKK,2026-01-22,long,0.08569480860234625,0.1421789266242967,0.22380474380814233,0.1,False,False,0.20183136652157693,True,-19.336009822183996
ARKK,2026-01-23,short,0.02898583038673326,0.11830846990677156,0.16298911721196377,0.1,True,True,-0.1652196959459541,False,12.750921530681602
ARKK,2026-02-19,long,0.15233417058027093,0.5163790636123683,0.406282830607872,0.3,True,False,-1.2800369206403404,False,2.4224806917909403
ARKK,2026-03-13,short,0.03155697957982431,0.36935959684124003,0.29228934508728954,0.3,True,True,0.5443353732927759,True,8.000003909725306
ARKK,2026-03-16,long,0.027171036008268916,0.05909389028270164,0.32027961100091457,0.3,False,False,-0.5358912587757749,True,-11.839003792777813
ARKK,2026-03-19,short,0.007178151103465039,0.12067503222443371,-0.027057418325734477,0.4,True,True,0.5513450159703569,False,3.531732301967727
ARKK,2026-04-06,long,0.017937255856476722,0.3436981582414366,0.462146112893075,0.4,True,True,-1.3930935312444679,False,15.290692116906278
ARKK,2026-04-29,short,0.17460688025628118,0.6433779020524896,0.4847845364727888,0.4,True,True,-1.2078061357267857,True,-6.147156735345405
ARKK,2026-05-04,long,0.024022416860471775,0.21767075942386835,0.09279555559435895,0.4,True,True,1.1956758604579383,True,-4.755210355456818
ARKK,2026-05-05,short,0.10701894925354244,0.13114806901267373,0.050824831305754194,0.5,False,False,-1.1246498701256598,True,3.577964778858145
ARKK,2026-05-06,long,0.22043230947618286,0.3283439337943383,0.05595884344638727,0.5,True,True,1.2460915373367265,False,-4.69968007930428
ARKK,2026-05-13,short,0.0607411289555214,0.2318828740886993,-0.0021578268964200613,0.5,True,True,-1.1525946698687095,False,-3.792439421827787
ARKK,2026-05-28,long,0.27191786131329104,0.70257836236592,0.26597514134527345,0.5,True,True,0.5733513492948782,False,-6.851009635112282
ARKK,2026-06-05,short,0.5754410618768706,0.915061709480111,0.21032570234686043,0.5,True,True,-0.5092904969397767,False,-5.289304006441098
ARKK,2026-06-17,long,0.10079336165832078,0.1846628346222128,0.47711242542967974,0.4,True,True,0.1728355000217783,False,3.516374329657701
ARKK,2026-06-24,short,0.15927567056314654,0.22354653121798115,0.013780735983107379,0.3,True,True,-0.1540636151617011,True,-6.269548334282038
ARKK,2026-06-29,long,0.38706334709692625,0.5805882340644666,-0.0396287689355732,0.3,True,True,0.28572530559920284,False,-1.3766596157294364
ARKK,2026-07-13,short,0.39945808229215024,0.8681561179443762,0.42194614280135434,0.4,True,True,-0.6789039883392506,False,7.298056288824073
ARKK,2026-08-05,long,0.4871447440474322,0.5924172109840934,0.5965209639209919,0.3,True,True,-1.007243610203777,False,9.359408276260606
ARKK,2026-09-02,short,0.17567909867109913,0.33458482586668364,0.3986796540748501,0.2,True,True,-1.8333339000322437,True,-4.23312004453027
ARKK,2026-09-03,long,0.048977628422463795,0.22491840173056063,0.24794647532151334,0.2,False,False,1.9496024145188398,True,1.2508652454898295
ASTH,2018-07-06,short,0.09778702622792881,0.5635897176298376,0.48046934230063654,,True,True,-2.2254398811929312,False,-9.09819030461465
ASTH,2018-09-10,long,0.13513932647939886,0.4339675248698529,0.1912810598941503,,True,True,-1.3993841383864616,False,18.949906140488594
ASTH,2018-10-11,short,0.01812320467976899,0.14230974888010156,0.0855756510951567,,True,True,-0.1747108517231514,False,1.7148965564895091
ASTH,2018-10-29,long,0.12755961233742205,0.3521744799912165,0.0532709856924445,,True,True,0.0019681450783592394,False,-8.612916236828717
ASTH,2018-11-12,short,0.39321082771142235,0.49767530642783114,0.1606494851080319,,True,True,-0.1774041206814914,True,5.8630120264340775
ASTH,2018-11-15,long,0.15679636912478778,0.9687236745169938,-0.23463272915974148,,True,True,0.22366555902399968,True,-20.70796560257151
ASTH,2018-11-19,short,0.025701376825725413,0.5701800544966866,0.08791955445341798,0.2,False,False,-0.22582432316255482,False,4.940923924962737
ASTH,2018-12-10,long,0.0394990141015454,0.19859432950805242,0.05816211333498362,0.2857142857142857,True,True,-0.3563775535206431,False,0.4942348001798269
ASTH,2018-12-17,short,0.47649632251489143,0.5174594681571879,0.10292169831916746,0.25,True,True,0.43039925529814343,False,-17.618763999027863
ASTH,2018-12-24,long,0.4192353667464051,0.4817427695953736,0.11905598043764043,0.2222222222222222,True,True,-0.34192089715943713,False,5.081969092612715
ASTH,2019-01-11,short,0.25390056991230614,0.45512744090818896,0.3168803183487882,0.2,True,True,-0.1725351627174978,False,-4.6383220556478255
ASTH,2019-01-18,long,0.14164052731891885,0.423959503332004,0.1062183340520568,0.2,True,True,0.18567975455932711,True,-0.1532210764167874
ASTH,2019-01-22,short,0.30348075656651347,0.4476086592762604,0.14831552635547962,0.2,False,False,-0.09790980514664496,False,-7.785752622262021
ASTH,2019-01-31,long,0.336549226840173,0.3468360737246633,0.05562517660024071,0.3,True,True,0.23915518449378134,False,-2.2529468437678335
ASTH,2019-02-14,short,0.36154471797864257,0.5478353682321616,0.2822170340794624,0.3,True,True,-0.6893695148455267,True,-0.8381343432855903
ASTH,2019-02-15,long,0.3951568637308981,0.7596439497891044,0.10220298273581115,0.3,False,False,0.9549507800742495,True,-4.392384717343312
ASTH,2019-02-21,short,0.29596453131040723,0.37398157392944364,0.09752264322507301,0.3,True,True,-0.8044160772532,True,0.7198009846037245
ASTH,2019-02-25,long,0.01169394353675207,0.12037538419118478,0.11203043840244795,0.3,True,True,0.8921147270300782,True,-3.9460584288897205
ASTH,2019-02-26,short,0.622133623192192,0.6339640482078761,0.02269382541831879,0.3,True,True,-0.6882148268757794,False,0.46875077610213367
ASTH,2019-03-15,long,0.48161757793346816,1.2944592003864406,0.14312128034877414,0.5,True,True,0.2576170741074244,True,-10.371823795703927
ASTH,2019-03-18,short,0.13261402156383453,0.6539807042771579,0.28881425857375975,0.5,False,False,-0.10883668583233569,False,0.41906717164279517
ASTH,2019-04-02,long,0.4841336557006054,1.6120074430891211,0.49377590056483067,0.6,True,True,-0.6224167245335135,False,-4.365485162667781
ASTH,2019-04-15,short,0.04315806618526237,0.46697562353572636,0.42184586468420016,0.5,True,True,0.01127901252408616,False,-2.652519840219836
ASTH,2019-04-23,long,0.10015555448607298,0.4566702059003112,0.0092997969343267,0.5,True,True,-0.05641711817858103,False,1.907220858293135
ASTH,2019-05-15,short,0.4517866235114309,0.5566239649443232,0.41897543029803413,0.5,True,True,-0.81501363311184,False,4.491485810734897
ASTH,2019-06-17,long,0.036956783044296095,1.0415022961989646,0.9471848312341083,0.4,True,True,-2.7411687415740693,False,-2.6927817010328092
ASTH,2019-07-10,short,0.023082566472894826,0.2265408589407559,0.2715621818674414,0.3,True,True,1.163330614765514,True,-1.416048814749371
ASTH,2019-07-12,long,0.025992368472832247,0.05507174144462377,0.17357656119046452,0.3,False,False,-1.1554099109936693,True,-2.638519937706696
ASTH,2019-07-15,short,0.04506212575946039,0.07108242715153458,0.059618184057606785,0.3,True,False,1.1914498936863795,True,-1.886790634044333
ASTH,2019-07-16,long,0.09053449529746282,0.13578370045804375,-0.0073031439190911415,0.3,True,True,-1.1364091181253109,False,0.6578972547668815
ASTH,2019-09-13,short,0.3166209013669962,0.6153062158147785,0.39339097593030603,0.3,True,False,-1.7245462687752287,False,9.296350949025989
ASTH,2019-10-28,long,0.16140436703760364,0.1848527648441089,0.09188581655646647,0.3,True,True,-1.151873137487357,False,-1.2700506677728263
ASTH,2019-12-10,short,0.19662825865088415,0.32623081145289196,0.24388249352495522,0.3,True,True,-0.7747690907521012,False,-11.401972213959022
ASTH,2019-12-19,long,0.0036164388874443685,0.14493244863358445,0.04400098563314608,0.3,True,True,0.7569014382461223,False,-4.610497088185306
ASTH,2019-12-27,short,0.12286636347417935,0.20203382714884868,-0.019621918674471706,0.3,True,True,-0.7384948796894549,False,6.112597388558427
ASTH,2020-01-17,long,0.1684846819795268,0.3567570640717725,0.3741695409446387,0.3,True,True,0.152496901208002,False,-2.765949848497673
ASTH,2020-01-27,short,0.07114926575503322,0.2115464267768451,0.029141016925839817,0.3,True,True,-0.16303753413404248,False,-3.2777786254882812
ASTH,2020-02-07,long,0.12446218386673542,0.21578458470513734,0.0751745849468179,0.2,True,True,0.14751581966242136,False,-8.18084210982325
ASTH,2020-02-13,short,0.8028364998707099,0.8281107037644793,0.04670391361156625,0.1,True,True,-0.036448098788539975,False,0.05720954887712404
ASTH,2020-03-26,long,0.6085390070074985,0.9975142454095218,0.7402487499420741,0.0,True,True,-2.217744759691539,False,16.383314590266785
ASTH,2020-06-05,short,0.4856326948596848,0.5102703579722664,0.3404145612415127,0.0,True,True,-1.095755554380257,False,0.3527305416522464
ASTH,2020-07-14,long,0.023064110105956354,0.31746575589765597,0.03114108882363535,0.0,True,True,-0.096640621869328,False,0.29975561238468895
ASTH,2020-08-17,short,0.013239905258894994,0.49337905392779696,0.13542822651957837,0.0,True,True,-0.45568051157720585,False,-11.64302189404005
ASTH,2020-08-24,long,1.0138208354938458,1.6451039804647114,-0.07502061460297885,0.0,True,True,0.7110822967902498,False,-7.769552364835064
ASTH,2020-09-08,short,0.5470669918268798,1.9102631031176966,0.09421354066980037,0.0,True,True,-1.4305928841838615,False,3.3237816524218533
ASTH,2020-09-30,long,0.3433636830669055,0.7116624449554291,0.5746329440864955,0.0,True,True,-0.3930038145283627,False,0.5574157106622346
ASTH,2020-10-22,short,0.06399540047128117,0.06986490195005249,0.23759641350124908,0.0,True,True,-0.6252367845365518,False,1.7708893205785503
ASTH,2020-11-11,long,0.15637710283349907,0.384690120036204,0.06330230816681753,0.0,True,True,-0.015671610626064893,False,-0.10989262046844361
ASTH,2020-11-27,short,0.04505437699273528,0.19392933647345148,0.20595173560170343,0.0,True,True,-0.845799846320461,False,4.209953084857299
ASTH,2020-12-30,long,0.12485918192992553,0.39515765301846634,0.11307682494193308,0.0,True,True,-0.5324273187882105,False,21.761072223045332
ASTH,2021-01-27,short,0.10528856104365657,0.8088612657858351,0.2731643192919852,0.0,True,True,-2.6995587293318524,False,-15.632292738048314
ASTH,2021-02-02,long,0.2085349486039462,0.22401632433134122,0.03123591740882224,0.0,True,True,2.5356296897173594,False,3.0901340956179357
ASTH,2021-02-17,short,0.33542583379936863,0.4013599417007204,0.23457154958299462,0.0,True,True,-2.233956329827828,False,-3.0807650167174794
ASTH,2021-03-11,long,0.31062119942243765,1.1080032922774925,0.04857561700031609,0.0,True,True,1.6057074691273192,False,-4.354244607253344
ASTH,2021-03-23,short,0.06067512562646056,0.6699642571503244,0.22523466118597354,0.0,True,True,-1.9815870525879216,False,-0.45472088673281785
ASTH,2021-04-05,long,0.14675914136360854,0.469311462969901,0.3776534088901968,0.0,True,True,1.6959103809995175,True,-4.425409531978042
ASTH,2021-04-06,short,0.07244301658199284,0.22429791438638555,0.42694377324146743,0.0,False,False,-1.66424560206439,False,3.6091861469332964
ASTH,2021-04-27,long,0.4897072739006449,0.643693537047148,0.39170136129615574,0.1,True,True,0.9666255203231545,False,20.852420256835668
ASTH,2021-05-17,short,0.31195151953615813,0.7457092231079352,1.022443693180716,0.1,True,True,-3.373994049638389,False,-12.256617473955679
ASTH,2021-05-24,long,0.39180535450800724,0.5274315651777931,0.0165424838333106,0.1,True,True,3.901141520836942,False,18.49943653466415
ASTH,2021-07-16,short,0.005045041065420225,0.9202606547735669,0.7863008025417835,0.1,True,True,-3.226557590892782,True,-14.1436383836405
ASTH,2021-07-21,long,1.052305984945934,1.4861169361968902,0.15965726348986575,0.1,True,True,3.2498004716553566,False,-10.356272256124866
ASTH,2021-07-30,short,1.0979189454550882,1.302523761377117,0.8104366200425049,0.2,True,True,-2.650318897024854,False,13.386897661392517
ASTH,2021-09-01,long,0.01207149050525117,0.24174890492999024,0.25293486332880366,0.2,True,True,-0.500867085833744,False,23.809527590991397
ASTH,2021-09-30,short,0.019029468241625852,0.25378413584195963,0.028321546824498663,0.2,True,True,-0.8627318420756974,False,22.06480317838637
ASTH,2021-11-01,long,0.07056167969955762,0.12269203691644041,0.07796784556551038,0.2,True,True,-0.7439378400506246,False,68.55809513651188
ASTH,2021-11-24,short,0.16938157207131696,0.5662486296352349,0.6650793776179479,0.1,True,True,-1.3558241399321826,False,19.877925034487486
ASTH,2021-12-29,long,0.1595840121429395,0.19569206358759414,0.15550665924829535,0.1,True,True,-1.0972054616418847,False,-13.264069289026093
ASTH,2022-01-05,short,0.13253996117471115,0.21978419776388788,0.060820647771793857,0.1,True,True,1.130193696492028,False,12.336700427609449
ASTH,2022-01-12,long,0.0651084327120562,0.09652980250932999,0.05469765716368786,0.1,True,True,-1.0795828550143312,True,-27.893591545852093
ASTH,2022-01-18,short,0.12005328480864684,0.14890012508489506,0.0009825204365080768,0.1,True,True,1.1552760868059695,False,4.324225384211511
ASTH,2022-02-01,long,0.18046029357643484,0.3079574545522657,0.10073168436250099,0.1,True,True,-1.2208861606844887,False,11.724660812606968
ASTH,2022-03-01,short,0.4541921800400987,0.49269491194978465,0.2824436415092085,0.1,True,False,0.4961870944935002,False,13.069048181097331
ASTH,2022-03-17,long,0.9212646428119204,0.9661009805776171,0.2654457669996813,0.1,True,True,-0.6780185526386004,False,-2.4748481355226115
ASTH,2022-04-08,short,0.18269639649497277,0.24803421946264745,0.23512460000515867,0.1,True,True,0.1358068960573104,False,7.787812240080694
ASTH,2022-05-17,long,0.07953734189482954,0.1567930264688953,0.3660515976614099,0.1,True,True,-1.4268553017534495,False,8.421981268528867
ASTH,2022-08-08,short,0.2508066872952347,0.5642219173316397,0.24252910164789238,0.1,True,True,-1.672538863813176,False,14.80642122686282
ASTH,2022-09-14,long,0.07640534354306712,0.1755957304111509,0.22086616508173926,0.1,True,True,-0.7318588741842079,True,-7.402235504993648
ASTH,2022-09-16,short,0.16993194730813166,0.19288798222648373,0.06476936690405877,0.1,True,True,0.8208604423085542,False,0.6116250463834683
ASTH,2022-09-22,long,0.07964063428534868,0.09930360008126383,0.05533192047483584,0.2,True,True,-0.7950793184130479,False,-3.548551937975164
ASTH,2022-10-07,short,0.15381692865453017,0.4965686813059879,-0.0640906773627736,0.1,True,True,0.7629763493947308,False,9.70381485859525
ASTH,2022-10-25,long,0.16666762776269858,0.3879607464065562,0.13389721055876794,0.1,True,False,-1.1599647685646393,False,10.395010960315808
ASTH,2022-11-16,short,0.5248436307330814,0.9920238514572132,0.47537128054210803,0.1,True,True,0.35080977875604574,False,7.4183020570754765
ASTH,2022-12-06,long,0.24388505749757822,0.356870623281574,0.28111894338126,0.1,True,True,-0.846028946570732,False,-2.4653881612206052
ASTH,2023-01-05,short,0.022086908918968612,0.2054104037937931,0.1298522725197565,0.1,True,False,0.7017619603192045,True,-22.19827683658009
ASTH,2023-01-09,long,0.2850891698045316,0.329195120015874,0.07752753873650634,0.1,True,True,-0.605313720619255,False,10.351688769298129
ASTH,2023-02-08,short,0.2094216029510362,0.41717656887691346,0.23785182693655624,0.2,True,True,-0.9744354525404343,False,5.608553391590087
ASTH,2023-03-01,long,0.02781293882774548,0.4943908918795308,0.3818775253546026,0.2,True,True,0.3511513958082079,False,-2.6294142114667185
ASTH,2023-03-10,short,0.22579048312630404,0.5018774417356492,0.17875297637684834,0.1,True,True,-0.4922802297980947,False,-9.207884740076988
ASTH,2023-03-20,long,0.021327879643477664,0.034781658922323794,0.15953746434863508,0.1,True,True,0.510344549400974,False,2.69681749702233
ASTH,2023-03-30,short,0.7804147703167028,1.0331971791340933,0.2699794471695127,0.1,True,True,-0.6703106646303818,False,-9.167140038842113
ASTH,2023-04-11,long,0.4857672794065349,0.5496564494398142,0.1685330987530593,0.1,True,True,0.7468003552612904,False,-8.502632255997867
ASTH,2023-04-20,short,0.9497695712421195,1.6274489815469377,-0.06576795312348654,0.1,True,True,-0.6602106128205639,False,6.795845811266599
ASTH,2023-06-01,long,0.22003678313624372,0.4677382174747678,0.17592952404224482,0.1,True,True,-1.4377318407591773,False,-0.8054471231887295
ASTH,2023-06-20,short,0.0015518021586132115,0.09820292302498505,0.4003068593034231,0.1,True,True,0.6652074291785298,False,3.25846462118764
ASTH,2023-06-28,long,0.09174660870992282,0.6216630424558166,0.02784787168718872,0.0,True,True,-0.8688942509212859,False,1.3325078992130202
ASTH,2023-07-06,short,0.004374284483691821,0.31084716246604677,0.08228245829269633,0.0,True,True,0.7941512917176613,True,-16.247907267969453
ASTH,2023-07-07,long,0.06687344767572197,0.07137691543798394,0.21182446944577446,0.0,False,False,-0.7731745827378554,False,12.1340321319374
ASTH,2023-08-17,short,0.2783195722155281,0.5369867762488116,0.352245237848753,0.1,True,True,-1.5208021356483452,False,-0.6647168198428366
ASTH,2023-09-29,long,0.1610239113192053,0.16749883846351138,0.24643539589637767,0.1,True,True,-1.3489001687048434,False,0.48622242034190855
ASTH,2023-10-25,short,0.018128860082764375,0.20637317749432046,0.1519787735932316,0.1,True,True,0.39340482051747483,False,-4.70281023706749
ASTH,2023-11-03,long,0.25415513938488576,0.3438922263163647,0.09838671565061151,0.1,True,True,-0.40101734517328946,True,9.88427220090915
ASTH,2023-11-06,short,0.09617698943858041,0.35549543428498265,-0.032632158256939485,0.1,False,False,0.5221379030645192,True,-16.155424859630465
ASTH,2023-11-08,long,0.21055466616251434,0.5082287435256272,-0.06778637899919192,0.1,True,True,-0.43295990104044507,False,4.335618621671178
ASTH,2023-12-06,short,0.14276545952919117,0.3452573358652583,-0.0017888010792203263,0.3,True,True,-0.6375734934410964,False,-7.853081879983859
ASTH,2023-12-14,long,0.8584567882472204,0.9058546044605157,0.18782970645952898,0.3,True,True,0.7534691857341475,False,3.6816477014382842
ASTH,2024-01-04,short,0.1884444665989393,0.7441552059754707,0.6146759007787114,0.3,True,True,-1.41042609898752,False,5.699751978319211
ASTH,2024-02-08,long,0.19981802965316628,0.2914893875877538,0.18986654498392497,0.2,True,True,-0.0791781783006816,False,11.195861380693906
ASTH,2024-03-11,short,0.021331182337204435,0.7399815530550544,0.1812884497703281,0.2,True,True,-2.430249541972314,False,6.917787804500241
ASTH,2024-04-03,long,0.11064515379955375,0.14384378658223546,0.3547827627202759,0.2,True,True,0.4618023390206766,False,-11.140139659605763
ASTH,2024-04-11,short,0.1130500185986669,0.15485378137648634,0.010518623655866555,0.2,True,True,-0.4379878948496267,False,11.305190949561595
ASTH,2024-05-06,long,0.3079996570167685,0.31003086400236596,0.15668191390308694,0.2,True,True,-0.9636175324118075,False,1.9311108673279787
ASTH,2024-05-23,short,0.11221826498052383,0.4046014845661768,0.47206413534565206,0.1,True,True,0.015619388034380458,True,-7.641287272624964
ASTH,2024-05-24,long,0.13684017370777754,0.2527491494116307,0.3708363343096345,0.1,False,False,0.08486411937515284,False,-1.4761074169852395
ASTH,2024-06-11,short,0.3593427350647499,0.36032912011366575,0.49251837348175576,0.1,True,True,-0.5070438893020297,False,-0.7297360054899338
ASTH,2024-06-21,long,0.08472149902031914,0.22029754746977231,0.2608879774911347,0.1,True,True,0.391834714767357,True,-3.852677816699135
ASTH,2024-06-25,short,0.30552114279575443,0.3491647048376919,0.04561396174102566,0.1,True,True,-0.2566599923533471,False,3.3889734991424114
ASTH,2024-07-11,long,0.9494973694068,2.468099524820378,-0.2779347480706513,0.2,True,True,0.22899389621323082,False,16.622221204969613
ASTH,2024-08-02,short,0.4574502773126513,0.9129011379240447,0.409639779194069,0.2,True,True,-2.425877857681215,False,2.1306803227878035
ASTH,2024-09-11,long,0.004272551947483275,0.2281148980929153,0.04072238959170229,0.2,True,True,0.12513915956595642,False,13.528930607021849
ASTH,2024-10-09,short,0.13157293852882318,0.2961852264839212,0.09906440823225708,0.2,True,True,-2.1748433836117345,False,6.2917913053942005
ASTH,2024-10-16,long,0.12873878110193865,0.4646116777024587,0.08662111219874212,0.2,True,True,2.0362155456092137,True,-11.080908544494772
ASTH,2024-10-21,short,0.2494227375688114,0.262089760355858,0.12346366683840687,0.2,True,True,-1.910127154631948,False,9.66561522924103
ASTH,2024-11-07,long,0.0537698032527484,0.5357293834121784,0.5008493474901691,0.2,True,True,0.13470406921407974,True,-28.723765563228287
ASTH,2024-11-08,short,1.5735238118586943,1.6259708274677618,0.5866845219176594,0.2,True,True,0.5974227675869492,False,10.327935623245676
ASTH,2024-11-27,long,0.010984563610605387,0.3446863778596167,0.41599412950158027,0.3,True,True,-1.8456368900215403,False,-11.945867613096073
ASTH,2024-12-12,short,0.06101139099514218,0.1798103081906937,0.22591112377635195,0.2,True,True,1.3221703066825963,False,13.301537452309963
ASTH,2025-01-03,long,0.13049346388491115,0.1499538626851265,0.06438788850775469,0.2,True,True,-1.4383649503393672,False,15.413297195261055
ASTH,2025-02-21,short,0.144587623389118,0.5730310937124071,0.16330941595256207,0.2,True,True,-0.23397099659895412,False,17.656953729048297
ASTH,2025-03-17,long,0.2619225441631642,0.34660169268273366,0.3187164966839248,0.2,True,True,-1.044022808417969,False,1.339868765689256
ASTH,2025-04-22,short,0.1045556272419769,0.2341415670320816,0.3873070478915285,0.2,True,True,0.003700686232854232,False,-5.4294227016040475
ASTH,2025-05-02,long,0.20650626064049907,0.23980457449847292,0.07190764920916921,0.2,True,True,0.020633126593455123,False,-16.34349368719883
ASTH,2025-05-09,short,0.007149729112946654,0.5676461524507148,-0.07151283550052656,0.1,True,True,-0.06559906465877938,False,18.243010218663947
ASTH,2025-06-04,long,0.03709172899860981,0.2926251572273507,0.3377116693069237,0.1,True,True,-1.5546456038553174,False,-3.1923354114503533
ASTH,2025-07-18,short,0.220198785881972,0.6253708922948064,0.057780634432564155,0.0,True,True,0.6035190005655083,False,4.7682116639970795
ASTH,2025-07-30,long,0.2021599228805863,0.34582468529752264,0.22400672918299883,0.0,True,True,-0.7952745439103104,True,23.048169662146623
ASTH,2025-08-01,short,0.29209588303717726,0.6901968786160624,-0.020545193053815976,0.0,True,True,0.9925555547263503,False,-35.97589401331271
ASTH,2025-08-08,long,1.9593641517354534,2.8831930799092245,-0.07243707179590328,0.1,True,True,-0.5940530004933772,False,9.25926064292728
ASTH,2025-09-05,short,0.5664256979887006,0.5696882767987818,0.32977003423767953,0.1,True,True,-1.4844218651884917,False,6.4983173589143295
ASTH,2025-10-07,long,0.18373218307462047,0.4013588925420842,0.10372109364347558,0.1,True,True,0.04043087622800551,False,9.363660574952725
ASTH,2025-10-31,short,0.362897118643021,0.5691077651444386,0.2997392383048819,0.1,True,True,-1.0442017716651988,False,31.01569587242654
ASTH,2025-11-28,long,0.17296183131367204,0.29243851053879993,0.48143509951618135,0.1,True,True,-1.7964642027416018,False,1.866312416408622
ASTH,2026-01-20,short,0.1358874299631608,0.20626424568312257,0.2339461519693573,0.1,True,True,-0.6237849090948959,False,18.809609195094477
ASTH,2026-02-23,long,0.15105308872994555,0.19233174534156283,0.2897989730256535,0.1,True,True,-1.2357520876335744,False,24.72250097869506
ASTH,2026-03-24,short,0.057925759093138254,0.08913528540877098,0.15838657494489547,0.1,True,True,-0.44390905918152934,False,-14.113236157548581
ASTH,2026-04-06,long,0.1917893607780553,0.2183889833625324,0.04049390390655851,0.1,True,True,0.4972938931660888,False,20.961541395920968
ASTH,2026-05-19,short,0.13679354608093794,0.18335312580560878,0.3460293767221046,0.0,True,True,-2.0080026622047744,False,6.615772327214842
ASTH,2026-06-23,long,0.10755525668098843,0.47370614153725116,0.1043759057057046,0.0,True,True,0.7034948636771314,False,12.330092044384177
ASTH,2026-07-15,short,0.10797643442617544,0.46132792517428906,0.1536580856807745,0.0,True,False,-2.205329539050992,False,22.385209160398446
ASTH,2026-08-14,long,0.6413716244104235,0.6776678722380974,0.24713337595397464,0.0,True,True,-0.9668857805325922,False,-6.983587828751226
AWK,2018-06-18,long,0.41203903284874993,0.6355332485152758,0.35401897609877286,,True,True,-0.6634179526318632,False,5.320347590713692
AWK,2018-07-20,short,0.02944991110846881,0.20150050843945747,0.06104964463395258,,False,True,-1.8316454409069614,False,-0.5711077939440701
AWK,2018-08-17,long,0.17119448448869026,0.288516449792231,0.14686990663351898,,True,True,1.077923175954095,True,-2.19019037951409
AWK,2018-08-22,short,0.051611202327513435,0.2837052219416326,-0.035118601896737794,,True,True,-1.0434156621657538,False,-0.9403624580831105
AWK,2018-09-14,long,0.09731634372098062,0.18916974721084834,0.06953277408665008,,True,True,0.5582110240140581,True,-1.4231134316327276
AWK,2018-09-19,short,0.7182054639772449,1.130292922820946,-0.10092712352350051,,True,True,-0.43719452036350603,False,-0.09134968807373856
AWK,2018-10-05,long,0.35609555910226165,0.8695619389865561,0.34820265920902227,0.3333333333333333,True,True,-0.06582809394365478,False,3.2570137468696636
AWK,2018-10-15,short,0.17874651262293473,0.44508464287224503,0.6921069840109433,0.2857142857142857,True,True,-0.18468801704691923,True,-1.715856291861928
AWK,2018-10-16,long,0.6948668171274378,0.8763966804548435,0.8745108160899764,0.2857142857142857,False,False,0.3765280638042848,False,0.14437899386756659
AWK,2018-10-26,short,0.36519934872606946,1.508443667355175,0.4879624703935617,0.3333333333333333,True,True,-0.8219354781498236,False,-2.079655262602742
AWK,2018-11-12,long,0.9798141903378279,1.0996925267919453,0.5495257214285021,0.3,True,True,0.617770236567234,False,0.909270656847494
AWK,2018-12-17,short,0.6159482674937379,1.398765911961851,0.2855968705408787,0.3,True,True,-2.996919033471152,False,5.140005472675013
AWK,2019-01-11,long,0.024090779175819844,0.28349825886330726,0.30968328608267653,0.3,True,True,-1.1503655708407095,False,2.6257592867476864
AWK,2019-03-06,short,0.10198392964729622,0.21237376547715667,0.15138263032901705,0.2,True,True,-2.1322735552068917,True,-3.5919498253997206
AWK,2019-03-11,long,0.12933707356830293,0.2756132058633859,-0.005874149085139222,0.2,True,True,2.151158236546875,False,2.556970458125929
AWK,2019-03-20,short,0.19239636642954092,0.27367117723740947,0.2002560819863159,0.2,True,True,-2.10798891524589,True,0.6304460238431897
AWK,2019-03-22,long,0.09444948456383427,0.15409043148143048,0.1608353566801942,0.2,True,True,2.1476172746274016,True,-1.741863781331554
AWK,2019-03-27,short,0.2757991382812917,0.39965888408293754,-0.021328530661220514,0.3,True,True,-2.012893434643738,False,1.7379743329640984
AWK,2019-04-25,long,0.4225000961600638,0.476424401698663,0.4289735927216128,0.3,True,True,0.5305963993074108,False,-0.23469041866802653
AWK,2019-05-08,short,0.0458798293424644,0.55728410747347,0.1465966179018792,0.3,True,True,-0.826696573835817,True,-7.078432837970827
AWK,2019-05-10,long,0.2596319113455131,0.5747072582728645,0.1454236409772551,0.3,False,False,0.8958818840538043,False,5.006019864904099
AWK,2019-06-18,short,0.18112790755647393,0.4727652520730082,0.02459170259542382,0.4,True,True,-3.2575149259528837,False,-0.5486882051610298
AWK,2019-08-02,long,0.3255950730332176,0.5473471857483286,0.3823371225437035,0.4,True,True,-0.012172927759583623,False,6.357411154970016
AWK,2019-09-06,short,0.09787683639923411,0.5464092940920448,0.09073275396958017,0.4,True,True,-2.749920210554445,False,2.283187387637775
AWK,2019-09-26,long,0.12044959534660325,0.2511997482162087,0.32416226100069007,0.3,True,True,0.5195060141784547,False,-0.06394531607736287
AWK,2019-10-02,short,0.10345918564075883,0.16789308197982322,0.02146202446216704,0.3,True,True,-0.4346319244045198,True,1.2342745528123755
AWK,2019-10-04,long,0.1733077420897488,0.3046211714599814,0.005414201607302219,0.3,True,True,0.5589833068779816,False,-2.6792703925767936
AWK,2019-10-11,short,0.08001440386135392,0.21139515943871795,0.010932754227599496,0.2,True,True,-0.47704064995165624,False,2.0858606646350975
AWK,2019-11-01,long,0.13450167086871598,0.37211429364795434,0.27542005029543476,0.2,True,True,-0.42645118663493903,True,-3.2884160697459808
AWK,2019-11-04,short,0.20271550258519622,0.33929555520522675,0.36765513012230033,0.2,False,False,0.5430919951786348,False,0.721077973146711
AWK,2019-11-19,long,0.3612351288742777,0.4462945454148194,0.5134379839423947,0.2,True,True,-0.9754920672780375,False,2.8204410355335607
AWK,2019-12-12,short,0.1441158210545548,1.0367031314153146,0.3662714525534275,0.2,True,True,-0.2933407508312705,False,-3.825043264495398
AWK,2019-12-20,long,0.35198448211835065,0.3681365545552702,0.14979224278461303,0.2,True,True,0.338132779596237,False,-2.216433877781454
AWK,2020-01-02,short,0.0863251132667684,0.7479397884041518,-0.13920954326059004,0.2,True,True,-0.37311895513136895,False,-6.963402662165619
AWK,2020-01-13,long,0.5055826724850074,0.6060801889091195,0.2940395184925352,0.2,True,True,0.35669200361516096,False,9.746244399629877
AWK,2020-02-06,short,0.23490519683749272,0.3140590663120096,0.506871184782873,0.2,True,False,-2.542558481474689,False,-2.0518830904359353
AWK,2020-03-06,long,0.6379592155385395,0.7508997285554766,0.97364537356114,0.1,True,True,0.8123892732580591,True,-28.58866312686811
AWK,2020-03-11,short,0.4981756202976864,1.0458971910867312,-0.1457954809819388,0.1,True,True,-0.4866552102526442,False,14.822239925409775
AWK,2020-03-30,long,0.3021688108201833,1.1516000499100352,1.0182965398678785,0.2,True,True,-1.8828547777862839,False,5.437176912338404
AWK,2020-04-29,short,0.015989073485470417,0.08026554930905534,0.12636188110360838,0.1,True,False,-0.28112131734718765,False,6.891926571660001
AWK,2020-05-19,long,0.05217733869804279,0.13882372206943072,0.20178466269686532,0.1,True,True,-0.5157139021385766,False,10.135671129524892
AWK,2020-06-17,short,0.03935526123272139,0.05187021461602024,0.1919242964504652,0.1,True,True,-0.763581419565498,False,-0.5852175557672368
AWK,2020-07-02,long,0.22975992119632005,0.43349118610799237,0.48183465265983083,0.1,True,True,0.3191465943701979,False,7.752181758689347
AWK,2020-08-06,short,0.05991787055173847,0.24262496544747306,0.2268931765771376,0.1,True,True,-1.6002185271713523,False,1.466887617198953
AWK,2020-09-25,long,0.03616094927321824,0.5432324835535759,0.04102268764926022,0.1,True,True,-0.21890840858891517,False,7.987261420558389
AWK,2020-10-20,short,0.006275762842711618,0.44573326579129624,0.35136346697384335,0.1,True,True,-1.9864293190809577,False,-2.5791991650751633
AWK,2020-11-06,long,0.4417001150946697,0.5342707343818865,0.3408017005120632,0.1,True,True,1.3744739309209408,False,-1.7872764633969251
AWK,2020-11-18,short,0.4870647013867039,0.8635676730732365,0.277292663061865,0.0,True,True,-1.6469226016639906,False,2.3753299359613234
AWK,2020-12-18,long,0.011359868629121887,0.05123592411610944,0.3645229119059586,0.0,True,True,-0.7271994771116604,True,0.5657504838655347
AWK,2020-12-21,short,0.04669634531732004,0.05854328219547626,0.1757061862776618,0.0,True,True,0.7550628241487422,False,-2.1796154374813748
AWK,2020-12-28,long,0.02749258297412123,0.1860072740686238,-0.03500554691810542,0.1,True,True,-0.7954932288951769,False,4.396951710699293
AWK,2021-01-29,short,0.11886124298951951,0.165556109436431,0.3587949133476915,0.1,True,True,-1.1067232496809385,True,-2.021139414346873
AWK,2021-02-01,long,0.0039062313697870773,0.12354037703549742,0.20066934277133278,0.1,True,True,1.152416855319411,False,0.3675152784800684
AWK,2021-02-12,short,0.15683252148077118,0.4731805791165809,0.03517913332741497,0.2,True,True,-1.3460428430827802,False,10.934482332851092
AWK,2021-03-16,long,0.40771194937057215,0.4213031795629831,0.4914465764138441,0.2,True,True,-1.8332627134329111,False,4.030926060631623
AWK,2021-04-27,short,0.11968674312420563,0.32426397590819106,0.18981703502465067,0.2,True,True,-1.1154420109915515,False,0.5099209435419638
AWK,2021-05-24,long,0.021045164914350555,0.12929597417649258,0.2066224495078395,0.2,True,True,0.06412521620182345,False,1.2722824556928192
AWK,2021-06-23,short,0.3450313448065267,0.5491035805110147,0.22452165163801155,0.2,True,True,-0.4876988620039493,False,-3.331843866178308
AWK,2021-07-07,long,0.488715588512498,0.9135877237489329,0.37371324323313365,0.2,True,True,0.2715773596246972,False,0.06730784487127828
AWK,2021-08-24,short,0.16000047084087865,0.5036158262637089,0.04521269785845607,0.1,True,True,-2.942495899652046,False,-4.51272079305276
AWK,2021-09-09,long,0.0362226574237853,0.059660253485527136,0.08728200789134925,0.1,True,False,2.4095711171075678,True,-5.1775735543014285
AWK,2021-09-10,short,0.44096252464536967,0.4781340058940683,0.08793614608983254,0.1,True,True,-2.2585653112790935,False,4.3292277832080455
AWK,2021-10-15,long,0.13178075907326314,0.24948734371289427,0.16103611337059637,0.1,True,True,-1.0225611188479948,False,1.6100537362114808
AWK,2021-11-04,short,0.2833815893007381,0.4064005985227022,0.2564436558007206,0.1,True,True,0.30954432117614333,False,-1.9754976257974954
AWK,2021-11-15,long,0.23301814950959768,0.24994381340367516,0.16305255979503674,0.1,True,True,-0.2653584369989491,False,-2.380112188279526
AWK,2021-11-30,short,0.0608374880553215,0.4711624891888597,0.10401568292674873,0.1,True,True,0.08428095005647365,False,-6.365274726334613
AWK,2021-12-06,long,0.23575976712882987,0.4410203006130138,-0.04454315936257343,0.1,True,True,-0.06656028437854995,False,5.002332683401933
AWK,2022-01-04,short,0.5764465220693381,1.2047666789113676,0.2194317431479816,0.1,True,True,-1.215144265147331,False,10.25523494665823
AWK,2022-02-02,long,0.015777103817336033,0.37287218328443755,0.3839008996162642,0.1,True,True,-2.019043306889024,False,-8.680858431037164
AWK,2022-02-10,short,0.018614544358905426,0.2708708972866996,-0.0776680617592038,0.1,True,True,1.925659167759054,False,-1.5158666315525426
AWK,2022-02-23,long,0.06868440569129691,0.07040337456410624,0.17680072223609541,0.1,True,True,-1.8968616506163496,False,4.811547059886712
AWK,2022-04-14,short,0.11322600206074224,0.3990382675002817,0.34209955516876034,0.0,True,True,-1.0075061428270577,False,7.270090441073595
AWK,2022-05-23,long,0.31936708446021156,0.33467633904250527,0.1424450812829873,0.0,True,False,-1.1395805279702513,False,5.72256181986599
AWK,2022-06-13,short,0.35589494405992134,0.7643543067755667,0.362703729837776,0.0,True,True,0.2936928733901758,False,-3.1565102187397054
AWK,2022-06-24,long,0.21611763483004093,0.7738520374566055,0.47963835052324627,0.0,True,True,-1.0763949326395787,False,1.2336652999407116
AWK,2022-07-18,short,0.09548143815358906,0.2630056926789916,0.19719858938257792,0.0,True,True,-0.12747010922939722,False,-7.968517772171224
AWK,2022-07-25,long,0.016215331623962742,0.22662187419228078,-0.008886023042349206,0.0,True,True,0.07474479807368678,False,3.988331624539465
AWK,2022-08-22,short,0.3304545366396903,0.37595123143319215,0.13197196575241987,0.0,True,True,-0.8682229620975476,False,4.356217520945838
AWK,2022-09-12,long,0.33819543696485727,0.4606374325181428,0.5227432183370953,0.0,True,True,0.038706615960641594,True,-12.456174020219335
AWK,2022-09-15,short,0.4583424179765134,0.6367117822718935,-0.012415815094392125,0.0,True,True,0.1845337524934776,False,9.914784774828478
AWK,2022-10-17,long,0.25644500019628086,0.5539575774625316,0.2751766557558588,0.1,True,True,-2.0324902941200973,False,10.591990865291434
AWK,2022-12-16,short,0.3715327937731036,0.5215389348464575,0.06312338447908249,0.1,True,True,-1.1359989169836708,False,-1.11553164295779
AWK,2023-01-09,long,0.16547401404089426,0.192884012741259,0.22656395764206877,0.1,True,True,0.6181478662507052,False,-2.4615023189070273
AWK,2023-01-18,short,0.712910582238188,0.821176667131431,0.25728413031723757,0.1,True,True,-0.5441360696714718,False,-3.8836810128437094
AWK,2023-02-01,long,0.16241599419885713,0.4092355096181658,0.20931064646379074,0.1,True,True,0.24754467867863003,False,-5.512044715626329
AWK,2023-02-08,short,0.8453131392248018,0.873512452456823,0.23289875922788392,0.1,True,True,-0.11572874185627237,False,4.5324661823778145
AWK,2023-03-15,long,0.4176413135008631,0.7015600336338182,0.22068495683706477,0.1,True,True,-1.4921923060965054,False,2.4958737267255504
AWK,2023-04-26,short,0.10896361718629324,0.2613095606765122,-0.037615374903624314,0.1,True,True,-0.7499666545369429,False,-0.9444499620803182
AWK,2023-05-12,long,0.01773259853410179,0.126220726651133,0.19126201879232876,0.1,True,True,0.3330123867837515,True,-4.213125049087873
AWK,2023-05-15,short,0.13462380809069377,0.15283725160612624,0.1812354323708809,0.1,False,False,-0.27768203946293823,False,2.9547022355394303
AWK,2023-06-02,long,0.13780467842030966,0.3242861195508077,0.1755075731364061,0.1,True,True,-0.4199840026190052,False,2.188117866247574
AWK,2023-06-26,short,0.8726785487424992,1.348989521058982,0.24066969458262913,0.1,True,True,0.00604108390780689,False,-1.640193457508854
AWK,2023-07-12,long,0.013546107890805728,0.6878855027585502,-0.006349450688527249,0.1,True,True,-0.4508999043431483,False,1.6088997160958796
AWK,2023-08-02,short,0.035629985278469965,0.25872323686961185,0.43021497103600165,0.1,True,True,-0.36885728437967263,False,3.3968504316904347
AWK,2023-08-28,long,0.15669322235242936,0.28450526470428134,0.31171543502091004,0.1,True,True,-1.1294656693233265,False,-1.834018558721251
AWK,2023-09-05,short,0.2573530836009822,0.3598353551131049,0.09041786101119842,0.1,True,True,1.253180681406556,False,-0.8725948558496288
AWK,2023-09-11,long,0.11823278694466592,0.27246843063725884,0.04360451722434025,0.1,True,True,-1.3252011572000506,False,-3.993623523012446
AWK,2023-09-21,short,0.5044037879340448,0.9158238754640114,0.2536024397768033,0.1,True,True,1.4322013851071669,False,11.09698855402974
AWK,2023-10-16,long,0.15688781755358305,0.4027880921239706,0.2631819422798152,0.1,True,False,-2.9105283874740375,False,-2.7254597388901125
AWK,2023-12-07,short,0.035403180765296846,0.07609992843187861,0.10277189109512387,0.0,True,True,-1.010113925808053,False,0.7921523574511702
AWK,2024-02-12,long,0.2793042008433077,0.4762536404694042,0.2163523638893293,0.0,True,True,-0.7317669899329741,True,-4.537370996855216
AWK,2024-02-13,short,0.07673347993293873,0.35984739688867823,0.12228147807508918,0.0,False,False,0.7854051129179641,True,1.5611971085776166
AWK,2024-02-15,long,0.5957975200123485,0.7204383583842388,0.026044201343351704,0.0,True,True,-0.6727305366347271,False,-3.685818788330064
AWK,2024-02-23,short,0.0455459229482336,0.3237151965510951,0.17073177995593394,0.2,True,True,0.6908086938464894,False,0.4371163023735303
AWK,2024-03-01,long,0.0006779528870768595,0.4019177112918787,0.030158325661239112,0.2,True,True,-0.8185681599587225,False,-2.1223261862146847
AWK,2024-04-12,short,0.6511582060705657,0.8415919967595974,0.32985362246080224,0.2,True,True,0.26979759557188876,False,-3.6115584068021622
AWK,2024-04-22,long,0.3020393541930624,0.8927303957543754,0.5745989108557648,0.2,True,True,-0.4358363659946744,False,9.215152202078713
AWK,2024-05-23,short,0.8971329104095939,0.9676293424452009,0.33435607613153406,0.2,True,False,-1.7371964862820604,False,0.27216621041096234
AWK,2024-06-24,long,0.07505447299339559,0.23989335572706544,0.16031245255684312,0.2,True,True,0.3592429836885544,True,-1.1045475816685357
AWK,2024-06-25,short,0.07116001134547269,0.14641963751231518,0.11443853819509046,0.2,False,False,-0.3039266155359362,False,-2.2107242799385807
AWK,2024-07-10,long,0.26482629607870045,0.27053550388197395,0.1775407800689541,0.3,True,True,0.23090710426478825,False,7.691123092795937
AWK,2024-08-06,short,0.034151314851504196,0.2513333487910326,0.026826847960000424,0.2,True,True,-1.889144456681427,False,1.0918059271872393
AWK,2024-09-04,long,0.07961938889327642,0.2554100953390935,0.2754936728896079,0.1,True,True,0.695046055512772,False,3.322934584745907
AWK,2024-09-24,short,0.5764606782649262,0.5816971990544215,0.3114390532804367,0.1,True,True,-1.3702415639186054,False,5.274414742623524
AWK,2024-10-18,long,0.11080908973752444,0.30664550324595286,0.4736271404828187,0.1,True,True,-0.8037486420966796,False,-4.198398805435055
AWK,2024-10-25,short,0.14211346434286257,0.4112327813430199,-0.017597533727595753,0.1,True,True,0.7573035048539316,False,1.1404884776562763
AWK,2024-11-18,long,0.5943488157363904,0.6904093712316448,0.15144081244862836,0.1,True,True,-0.9502489914552811,False,-1.8804485034724538
AWK,2024-12-04,short,0.4768603681283437,0.7464932160996378,0.37673143825698824,0.1,True,True,0.41911336053435005,False,5.022509930314234
AWK,2025-01-14,long,0.10145200680702277,0.37129704673910485,0.07206632894337109,0.1,True,True,-1.7730737872082059,False,1.412020404844605
AWK,2025-03-19,short,0.15653339060234886,0.5083187342141394,0.17371922859696712,0.0,True,True,-1.8982003317722895,False,-2.914445867200066
AWK,2025-04-03,long,0.47171358392074536,0.5544824081923138,0.21029946714182157,0.0,True,True,1.4030906714718092,True,-2.3427255819972737
AWK,2025-04-07,short,0.44416678907994517,0.704005384084986,-0.06035499476678168,0.0,True,True,-1.1510460599944992,False,-4.846851329099167
AWK,2025-04-22,long,0.046650584960397784,0.1863424466352423,0.07522347996693245,0.1,True,True,0.861325924851153,True,-0.04018525167261977
AWK,2025-04-23,short,0.09066742840626016,0.13743079674132724,0.09578839537480416,0.1,True,True,-0.8203972602807651,False,-0.6183436193037961
AWK,2025-05-23,long,0.16189285804516923,0.29618647258223585,0.3548879082963806,0.2,True,True,-0.17473563615556714,True,-2.6460648779606966
AWK,2025-05-28,short,0.001719462722669131,0.2872582450558189,-0.04318320119824067,0.2,False,False,0.19757593092955716,True,0.18455065591526099
AWK,2025-05-30,long,0.13091506552588295,0.1986806832424322,0.0335753077012651,0.3,False,False,-0.17412819454398226,True,-1.0701657487196203
AWK,2025-06-04,short,0.4379271244706546,0.552653350087876,-0.014034862479628998,0.4,True,True,0.29762621258344374,False,-1.627786380160945
AWK,2025-06-12,long,0.002287081233299345,0.2386481424035428,0.1411905174582471,0.5,True,True,-0.34476654758621,False,-2.4059084997767766
AWK,2025-06-26,short,0.2278300638667977,0.7706590040264328,-0.03738427975625024,0.5,True,True,0.2450000929950418,True,-2.795833879059484
AWK,2025-07-01,long,0.054319682957433064,0.8825063019194744,-0.09451514144805938,0.5,True,True,-0.26164391569179973,False,-0.5892097277882424
AWK,2025-07-25,short,0.4723080699190168,0.6281714668820872,0.32214792423499733,0.5,True,True,-0.07796134043627664,False,-3.5917829174489935
AWK,2025-08-01,long,0.7733058692500959,2.5672791133279156,0.04492187867716173,0.5,True,True,0.06718666471027965,False,-0.6701964610675515
AWK,2025-08-28,short,0.7367571478500105,0.7702077771770168,0.4883205122055284,0.4,True,True,-0.8351517081769231,False,2.553688175715174
AWK,2025-09-30,long,0.7042284436953845,0.7526623210689112,0.3035628132762686,0.4,True,True,-1.7111325674549733,False,1.7026911245279663
AWK,2025-10-27,short,0.4666610695233504,0.8575403668442347,0.3896848762482105,0.3,True,True,-0.802434240152029,False,6.558445593300499
AWK,2025-11-14,long,0.3367052146470657,0.3433902407061244,0.3477134228347046,0.2,True,True,-1.870775075790863,False,-0.4710736809221072
AWK,2025-12-31,short,0.017394449700865275,0.09385456303898161,0.08429151594627433,0.1,True,False,0.06730056692368949,False,-2.1839207216703516
AWK,2026-01-13,long,0.08596080430849723,0.39708269312794026,0.18113464508485855,0.1,True,True,-0.3802799418129927,False,-3.2073735037373208
AWK,2026-01-28,short,0.8649727077760966,0.8813198255468537,0.27960672343166043,0.1,True,True,0.2296990739163037,False,1.9845531787138992
AWK,2026-02-13,long,1.7721129124052233,1.931145233528445,0.7123068496452013,0.0,True,True,-0.527270653878781,False,1.4531871142236863
AWK,2026-03-11,short,0.048060399445903464,0.36673221487385493,0.2831953692409004,0.0,True,True,-1.3158803068500633,True,-0.18609336704971113
AWK,2026-03-12,long,0.27220711647890505,0.32011808489405336,0.3863668469999027,0.0,False,False,1.4226858147551225,False,-0.535273200263453
AWK,2026-03-19,short,0.11143946135707006,0.2450717770299015,0.1644106028980519,0.1,True,True,-1.3811448034116847,False,-0.7585682236351143
AWK,2026-05-14,long,0.03375241177039529,0.13365321025947566,0.5359467513537826,0.1,True,True,-1.5417518019778833,True,-2.1511346802904674
AWK,2026-05-15,short,0.1306176803155127,0.16520257516267026,0.45787343387976465,0.1,False,False,1.5772899579514585,False,2.5424426854976145
AWK,2026-05-22,long,0.16934343717746078,0.41980452945565055,-0.05446799957412844,0.2,True,True,-1.450150530709026,False,-2.1645363678645557
AWK,2026-06-01,short,0.09622044732707986,0.3045444019021956,0.00862478425721572,0.2,True,True,1.408196292180393,True,-4.738716664963216
AWK,2026-06-02,long,0.2645769622418148,0.3615313170498905,0.06855516102794794,0.2,False,False,-1.2999354953256683,False,3.8729015989884097
AWK,2026-07-13,short,0.15049396213655827,0.2283044899446079,0.638002240749864,0.3,True,True,-1.05208854381456,False,-2.3036571441784393
AWK,2026-07-17,long,0.11375001636961599,0.45238328564519076,-0.05834313888539159,0.3,True,True,1.0173837763501201,True,-0.695731794523502
AWK,2026-07-21,short,0.32238752311009267,0.4360630679835128,0.275948818687841,0.3,True,True,-0.9021372458244583,True,-1.8854972788136193
AWK,2026-07-24,long,0.06174147575882482,0.11304258627488198,0.023718956780529415,0.4,True,True,0.9802256915071587,False,0.4826980077599963
AWK,2026-08-03,short,0.8241610398940397,1.0035162974155285,0.16319035616105648,0.4,True,True,-0.9023942042757892,False,-3.0035380127255262
AWK,2026-08-13,long,0.018830450964723418,0.2453352729301351,0.15166681803825144,0.4,True,True,0.8726126581679039,True,0.1685444205065334
AWK,2026-08-17,short,0.22308142456225832,0.3184331939658232,0.041739425215154086,0.4,True,True,-0.8064489370128142,True,-2.887971304619019
AWK,2026-08-19,long,0.3898268198155962,0.49323912489732485,-0.027993787353619994,0.4,True,True,0.970266115255158,True,0.5623233664070693
AWK,2026-08-21,short,0.021097732922507547,0.41318683367502584,-0.051120430020909234,0.5,False,True,-0.8900729666878067,True,-3.9220013165903955
AWK,2026-08-24,long,0.5566430508804356,0.578173878669112,0.029747843955706104,0.5,True,True,1.048265066361938,True,0.3359311045679103
AWK,2026-08-27,short,0.10128353627319336,0.3558399957004667,-0.07679879353960273,0.6,True,True,-0.9271330463912602,False,-0.7315823996920878
AWK,2026-09-02,long,0.051248171692528724,0.3218562861358472,-0.05193685472185632,0.7,True,True,0.9360156411076141,False,-0.8961215504871833
BAC,2018-06-15,short,0.2341448526758483,0.3892812720699084,0.11185112372204661,,True,True,0.4374921549183339,False,3.7226778148639394
BAC,2018-07-10,long,0.5277838851641447,0.5641411615297189,0.48728063016971523,,True,True,-1.2998959407961443,False,6.937227145452396
BAC,2018-08-13,short,0.6583736251077678,0.7418625367179422,0.23837308230761767,,True,True,-1.404915092414344,False,-2.7230846344123094
BAC,2018-09-21,long,0.17242144943479507,0.17779243875286713,0.2994200049549852,,True,True,0.13029920002689557,True,-2.5781533262643874
BAC,2018-09-26,short,0.342479630898732,0.3761659809675759,-0.009314531360248044,,True,True,0.08709187301786274,False,2.953851257116258
BAC,2018-11-01,long,0.42461445429273986,0.9608588757406802,0.6743342160729766,0.2,True,True,-1.9319618691862306,False,0.3236376019479126
BAC,2018-11-23,short,0.11500894782022075,0.2859958933123096,0.185849624295886,0.16666666666666666,True,False,0.7551661830996106,True,7.681247773789623
BAC,2018-11-26,long,0.05340265368778851,0.17033072912652444,0.18124648139902985,0.16666666666666666,False,False,-0.7052161408705657,False,-10.314362530984667
BAC,2018-12-06,short,0.29611391462489467,0.7802246082885876,0.12365548332301866,0.25,True,True,0.48503303436972384,False,8.257224735217928
BAC,2018-12-28,long,0.1743917071547693,0.4258771794169365,0.30619531836598024,0.2222222222222222,True,True,-2.074084321586975,False,8.118076281992682
BAC,2019-02-04,short,0.07719354397668109,0.1470432815672927,0.4311024658456586,0.2,True,True,-1.576997146462722,False,-0.8656385630000596
BAC,2019-03-18,long,0.06720627008537322,0.2070252064044108,0.13492775039846874,0.2,True,True,0.46170802307602404,True,-4.292380870143663
BAC,2019-03-20,short,0.2301743712115356,0.35705536288218603,0.02455508552957527,0.2,True,True,-0.37285173490252727,False,-0.6983054600955052
BAC,2019-04-03,long,0.3599776998277651,0.4509121302543981,0.6383393441538615,0.3,True,True,-0.22967916765185784,False,4.1262211298723095
BAC,2019-05-07,short,0.35129677161829825,0.4939202689321522,0.10755102073263917,0.2,True,True,-0.7143573256443398,False,4.110997772200598
BAC,2019-06-06,long,0.020537255932182134,0.39950905553715743,0.3601482896134069,0.2,True,True,-1.1573746372584772,False,1.3988429063478858
BAC,2019-08-02,short,0.6707462326778558,0.6905377212613741,0.3624105023116538,0.2,True,True,-1.1361227018050293,False,7.998642386485311
BAC,2019-08-29,long,0.1490733147653736,0.4523257179682647,0.2021989163704001,0.1,True,True,-1.4746162350050844,False,11.119120294037987
BAC,2019-09-26,short,0.15781491331950567,0.20456009304179307,0.33824989702310354,0.1,True,True,-1.0467684704291784,False,2.3343489337126155
BAC,2019-10-15,long,0.28660048142249234,0.3913580208853839,0.3131107140896599,0.1,True,True,0.19520137320190198,False,7.870864839920588
BAC,2019-11-14,short,0.1313898381153852,0.2635012533805379,0.19876749241934474,0.1,True,True,-1.9015270330184073,False,-1.895982323008294
BAC,2019-12-12,long,0.22445890430239002,0.5367921497871907,0.08241180905969994,0.1,True,True,1.1591105420171732,False,1.9319580378786672
BAC,2019-12-31,short,0.1682191640431063,0.21671594891673537,0.15543827766568868,0.0,True,False,-1.38692902413321,False,1.5616263972384692
BAC,2020-02-06,long,0.5132570573309554,0.6909240608980407,0.6339598481971943,0.0,True,True,-0.40983420275269034,False,-0.8941111829049886
BAC,2020-02-24,short,0.7238257994065759,1.1184408722508081,0.14190269117771687,0.0,True,True,0.05467382573532146,False,32.5697181432332
BAC,2020-03-26,long,0.7132340381747889,0.7194977909054379,0.33141473678882855,0.0,True,False,-2.1220844697229855,False,9.419026912796102
BAC,2020-05-12,short,0.06059243329507959,0.18003243891900694,0.025046971638026553,0.0,True,True,0.10351986255274932,False,-18.79286500982833
BAC,2020-05-20,long,0.06962217561364635,0.17616573742011785,0.10046679273283268,0.0,True,True,-0.1733903520092624,False,17.70739629783391
BAC,2020-06-12,short,0.15158592917636365,0.47749420680500476,0.5102184287835551,0.0,True,True,-0.7403644937105083,False,6.577891233254574
BAC,2020-07-14,long,0.051001130323881566,0.2423875019954085,0.28783879194596346,0.0,True,True,-0.19555459596743574,False,0.9113209206204509
BAC,2020-08-19,short,0.2601116702209104,0.3356009880127863,0.3673371034349211,0.0,True,True,-0.6183817472089753,False,-2.0392158021260487
BAC,2020-09-04,long,0.0422039105762359,0.40513756217724284,-0.005556196039169101,0.0,True,True,0.6526597692554436,True,-7.799556517784156
BAC,2020-09-08,short,0.2446074001793629,0.2888917449920666,0.13625651709729322,0.0,False,True,-0.5583574041208332,False,6.043979530691934
BAC,2020-10-05,long,0.07970846366823264,0.49736479102669867,0.39165385855751444,0.1,True,True,-0.8101403068352059,False,-3.6555733663556023
BAC,2020-10-19,short,0.39132866084598683,0.4007493808795962,0.5214449062201593,0.1,True,True,0.4382643115721147,True,-1.5176918097702385
BAC,2020-10-22,long,0.15548354580924134,0.5710884785865337,-0.1350088281271699,0.1,True,True,-0.3359502088821465,False,-1.045454247862354
BAC,2020-10-28,short,0.517792793136231,0.5737826717128238,0.03655189704895236,0.2,True,True,0.4911782153726055,False,-16.48914627460305
BAC,2020-11-03,long,0.21834185995300526,0.7065454486506408,0.018698520298897438,0.2,True,True,-0.5143879865081202,True,11.583634620318662
BAC,2020-11-04,short,0.07539579691670281,0.29822274692825657,0.20740496028323446,0.2,False,False,0.6176138484603895,True,-13.935822001957643
BAC,2020-11-05,long,0.4649150884809391,0.5413658478210988,0.260352513976486,0.2,True,True,-0.4466472309508355,False,9.630215351867278
BAC,2020-12-09,short,0.06289143280868377,0.35169575914273005,0.17833107677199134,0.4,True,True,-2.296087752953476,False,-4.340304339127465
BAC,2020-12-28,long,0.12909235860156223,0.1547353325599601,0.22292286557571311,0.4,True,True,1.6451090511318298,False,11.7159218180372
BAC,2021-01-04,short,0.09167198368424688,0.16715747891898883,0.018497551395139752,0.3,True,True,-1.5666096109123162,True,-9.124198518051196
BAC,2021-01-06,long,0.7964057296213967,0.9201622333932096,-0.03662717712438674,0.3,True,True,1.840610911924472,False,-1.1819560928854833
BAC,2021-01-21,short,0.7176209253778925,0.7214825455182435,0.6072945355134584,0.4,True,True,-1.9910171890662947,False,-2.2977668706420262
BAC,2021-02-08,long,0.39007933450488563,0.6201066905264119,0.716214194922489,0.3,True,True,0.7188784133338733,False,7.343591038149033
BAC,2021-03-22,short,0.1438133136245389,0.4370866091962184,-0.02184676881148578,0.3,True,True,-2.8643958557423406,False,-5.390342369217671
BAC,2021-04-05,long,0.1416176798598647,0.24853359006200162,0.207267258539313,0.3,True,True,3.2726019066022287,False,-1.5829261910871972
BAC,2021-04-13,short,0.4587991048750672,0.5034071769562612,0.11229962247860933,0.2,True,True,-3.1943387201699425,False,-1.4242161570612089
BAC,2021-04-29,long,0.26334526339103076,0.8048043590342124,0.46578825565221516,0.1,True,True,1.7559678720021457,False,1.775702834074444
BAC,2021-05-20,short,0.40629528434941614,0.41682050003885984,0.18061078356365062,0.1,True,True,-2.4396606723791767,False,-3.778711490998843
BAC,2021-06-04,long,0.13857789713175728,0.1885751711984834,0.28428444010290377,0.1,True,True,2.2431140519644264,True,-10.376715443063734
BAC,2021-06-08,short,0.21381122382704498,0.29632920090226955,0.12874380508062275,0.1,True,True,-2.173983391068364,False,6.786374294761965
BAC,2021-06-30,long,0.08429213078455286,0.24423578560247827,0.558306952119836,0.1,True,True,-0.3813368364609378,True,-5.820979874475219
BAC,2021-07-06,short,0.15468911971429117,0.5914507281347774,-0.08609646325526692,0.1,True,True,0.3803804203190658,False,5.939613646736152
BAC,2021-07-29,long,0.3337137206152996,0.5189668259096415,0.3351294535440761,0.2,True,True,-1.0711879273078948,False,8.971042854084278
BAC,2021-09-02,short,0.21157980180161423,0.27350579574997747,0.3109895910885096,0.2,True,True,-0.8584303789185874,False,1.2676859586306155
BAC,2021-09-24,long,0.41025307886181417,0.6804764491017253,0.3242895415614283,0.2,True,True,0.1539879344241241,False,5.220699741087498
BAC,2021-11-04,short,0.44646509344632634,0.4905069879458495,0.1516605396364283,0.2,True,False,-1.9165149742395478,False,2.133947935310476
BAC,2021-12-22,long,0.03076770183002124,0.2002970520913213,-0.01648178358333152,0.2,True,True,-0.7616220860328679,False,8.694693269008734
BAC,2022-01-19,short,0.23903994721941965,0.5270981548875951,0.5618863501506168,0.2,True,True,-1.1407350182654727,False,-0.9689604113258588
BAC,2022-02-04,long,0.4048903677669289,0.5325058249772244,0.2476349431482734,0.2,True,True,0.3622223914962818,False,-4.805301614793079
BAC,2022-02-17,short,0.6454913649523363,0.6465358373817781,0.3319162440733564,0.1,True,True,-0.5276398924041676,False,10.678899109911677
BAC,2022-03-16,long,0.31204266765756794,0.5698083410086398,0.3867045438651889,0.1,True,True,-1.583385058458905,False,0.46726766884244153
BAC,2022-04-04,short,0.22384242811175348,0.261559033490426,0.3848514510437442,0.0,True,True,0.7612922380632103,False,3.0859560585441037
BAC,2022-05-04,long,0.37088021400529136,0.5996032100229278,0.12487976473036407,0.0,True,True,-1.5941223284864305,False,-9.684078433106869
BAC,2022-05-12,short,0.11830812897522265,0.20608457747080094,0.21699696058781665,0.0,True,True,1.561278047629019,True,-4.562302312682509
BAC,2022-05-17,long,0.07316148997404423,0.357579046055415,-0.06110297000760587,0.0,True,True,-1.5085032683824893,True,1.8893981004936
BAC,2022-05-19,short,0.10569825688348589,0.12669402514215178,0.06877525784236717,0.1,True,True,1.5463219995741548,True,-5.655850302421173
BAC,2022-05-23,long,0.31624287635477255,0.6611137807231462,-0.08493013943246168,0.2,True,True,-1.4403642448996155,False,1.9218119056535699
BAC,2022-06-10,short,0.6224852610342562,1.042846869573103,0.43493816091222715,0.3,True,True,0.7973764670152105,False,2.4721153156354037
BAC,2022-06-29,long,0.004216519624469777,0.04833612733939349,0.28348346881430314,0.3,True,False,-1.7582042443776118,True,-5.4300098681297815
BAC,2022-06-30,short,0.19513950497657967,0.19940061437299778,0.1930095274246148,0.3,True,True,1.8481855159043383,False,-3.597832012026414
BAC,2022-07-07,long,0.30298241348133664,0.403150445485171,0.03274343267912051,0.4,True,True,-1.9311615374058773,False,5.618351163504531
BAC,2022-08-23,short,0.3542023818144611,0.5476672530247657,0.4678404606701649,0.4,True,True,-0.951931987499225,False,1.7983549127450815
BAC,2022-09-12,long,0.2121015909406384,0.40806187067448957,0.4094844417267263,0.4,True,True,0.17800524039612448,True,-12.021559097291279
BAC,2022-09-14,short,0.11956627093067058,0.1574265848090952,0.20848496863512475,0.4,True,True,-0.07830094902075481,True,8.266916531566682
BAC,2022-09-19,long,0.08336339934199519,0.1505875746257231,-0.00962730208692381,0.5,True,True,0.13728143261127554,True,-10.37760383421541
BAC,2022-09-20,short,0.002294392173412851,0.08652995523745922,0.012706538196490645,0.5,False,True,-0.11375792302521191,False,5.238507796175118
BAC,2022-10-14,long,0.4441822783328945,0.4898548375756524,0.11057912033233487,0.4,True,True,-1.131308206080076,False,14.132490115716244
BAC,2022-11-17,short,0.13885381412004097,0.30097296900716985,0.24247552854646046,0.4,True,True,-1.5538879162219732,False,2.364956062658663
BAC,2022-12-27,long,0.017726604125964492,0.16483561720030937,0.24450331361038635,0.4,True,True,-1.2292074794151333,False,5.687069238933162
BAC,2023-02-13,short,0.09202283089529471,0.17880498956305746,0.23680528678204135,0.3,True,True,-0.7096204551511021,False,3.786808887073878
BAC,2023-03-29,long,0.32766697533442285,0.4803063014221206,0.42757142807027104,0.3,True,False,-1.781424489440475,False,-0.3836794794508269
BAC,2023-05-02,short,0.012848618324567483,0.24913583731674926,0.06894319940235732,0.3,True,True,0.30773498117181375,False,2.8409111083494643
BAC,2023-05-17,long,0.1705613033486486,0.37699613693560907,0.08216180211367254,0.3,True,True,-0.6447675115805268,False,-1.9892158423903683
BAC,2023-06-21,short,0.043989714691551905,0.31483628066654706,0.1751553643686469,0.2,True,True,-0.3395191834325192,False,1.0150565504019604
BAC,2023-07-03,long,0.021036297090650666,0.4660312390910465,0.22342384977888124,0.1,True,True,0.07175736396806323,True,5.136974861284105
BAC,2023-07-06,short,0.05799572854552283,0.3338165693464393,0.18057691379662727,0.1,False,False,-0.06867928582355731,True,-12.058006412841227
BAC,2023-07-11,long,0.17061350340514034,0.257165200523917,0.07023747939687053,0.1,True,True,0.10692074951401119,False,10.785642813911856
BAC,2023-08-02,short,0.11983729005656858,0.6317678144953077,0.4797606702241924,0.2,True,True,-1.1040532393618818,False,6.091704101270667
BAC,2023-09-12,long,0.2778336774591152,0.2971388339376263,0.040839807592629875,0.2,True,True,-0.8870210292440884,False,-6.213337781826322
BAC,2023-09-22,short,0.18035090981345375,0.3063644795341907,0.14790760547664675,0.2,True,True,0.7490470805915584,False,5.680175254886755
BAC,2023-10-11,long,0.17266091138396664,0.4319025692658558,0.34814382309019026,0.2,True,True,-1.363827584407684,False,-5.440417789425178
BAC,2023-10-24,short,0.3366096886043485,0.409509975725176,0.3931655711422499,0.2,True,True,1.058624825178934,False,-10.56144997092714
BAC,2023-10-31,long,0.05176079653501214,0.5711471217059939,0.041402369254597234,0.2,True,True,-1.048491854324663,False,10.933943858512274
BAC,2023-12-12,short,0.0456307010081823,0.19812328483084113,0.1218643012390924,0.2,True,True,-1.4287919708821957,True,-10.084587335863704
BAC,2023-12-13,long,0.35523214298549227,0.4016121772917677,0.1009416902346691,0.2,True,True,1.5502198138045429,False,5.742824832368942
BAC,2023-12-29,short,0.04153060281388338,0.28207680972321275,0.11929837951142745,0.2,True,False,-1.8562187635722593,False,4.603496003497698
BAC,2024-01-30,long,0.4427787291588707,0.6488642946401328,0.3584909803095916,0.1,True,True,0.5691802707716818,False,-5.863760786183025
BAC,2024-02-05,short,0.2644254170818895,0.38912681864404886,0.12859715201811497,0.1,True,True,-0.45713892435920217,False,-2.9402748145953117
BAC,2024-02-16,long,0.17617289004466466,0.33854266692754215,0.10484179965076888,0.1,True,True,0.3401173733099289,False,3.8357766447469688
BAC,2024-04-04,short,0.7101126319093488,0.7405089839402301,0.44436844189070823,0.1,True,True,-2.2139744577743743,False,3.1148220181391073
BAC,2024-04-23,long,0.4719086264284643,1.143123165626443,0.9143791004787852,0.1,True,True,0.7708527144181755,False,-1.3813017267245042
BAC,2024-05-01,short,0.17603003995775332,0.4201105256593025,0.3050997631355502,0.1,True,True,-0.9025804252220883,False,-5.304465588555951
BAC,2024-05-08,long,0.025540142104656355,0.044643785319083654,0.15768006302097207,0.1,True,True,0.8701607472444084,False,5.436216708509423
BAC,2024-05-29,short,0.2051665287204522,0.6588193636535602,0.2654639133750317,0.1,True,True,-2.2042602408061183,False,-2.401078107858967
BAC,2024-06-05,long,0.0374860286572329,0.10156656904452828,0.23141113829348897,0.0,True,True,2.4114853959276115,True,0.6837497319549968
BAC,2024-06-06,short,0.12367478975357662,0.16162294013719486,0.0663260432811081,0.0,False,False,-2.3400596472026116,False,-0.07601201097591215
BAC,2024-07-02,long,0.5199966105280601,1.2770078197647674,0.2920835711154927,0.1,True,True,1.5812751944648684,False,7.451743971563474
BAC,2024-07-24,short,0.22893196522572973,0.7455745595987876,0.8422855128837321,0.1,True,True,-3.6151176858498655,False,11.590436427265304
BAC,2024-08-16,long,0.13335849705671587,0.47026995210887196,0.5332288037176004,0.1,True,True,-1.3356630989645824,False,3.584135885311568
BAC,2024-09-11,short,0.07359905370392371,0.18844419786015632,0.2720690747108298,0.1,True,True,0.0025645582643569077,False,-0.6410171203063753
BAC,2024-09-18,long,0.022664510967030187,0.15291705903121927,0.0419833850867528,0.1,True,True,-0.08197808084873162,False,-0.9843532709130964
BAC,2024-09-27,short,0.0708552976630866,0.08256789129888809,0.17676423250525916,0.1,True,True,-0.08981318926471525,False,-6.472061682579167
BAC,2024-10-04,long,0.027538986000313185,0.29080904985175665,-0.077833470588371,0.1,True,True,0.06418366990948533,False,5.5098316458281005
BAC,2024-10-31,short,0.48477190301801143,0.5074390395550932,0.16886785601646234,0.1,True,False,-1.2865215200184696,False,-9.756097328405321
BAC,2024-11-06,long,0.6892611932967344,2.0560123346463977,-0.28789523418953045,0.1,True,True,1.385153878473172,False,1.4314084930658666
BAC,2024-12-02,short,0.19632205355379137,0.5326064064776143,0.1215782668798079,0.0,True,True,-2.087584882324828,False,2.7998739602761225
BAC,2025-01-06,long,0.04496629927557871,0.44424643254183854,0.24369237915386907,0.0,True,True,-0.31808770848547113,False,0.8590146178270253
BAC,2025-02-03,short,0.11690710468498185,0.21844948472402587,0.170914938327627,0.0,True,True,-0.7145969596977317,True,-0.6924890515878745
BAC,2025-02-05,long,0.03796875329785952,0.13884831148349594,0.09162112265127481,0.0,True,True,0.7712641738182441,False,-3.842080590069341
BAC,2025-02-11,short,0.09206523364242696,0.16165917838940017,-0.010238598011348644,0.1,True,True,-0.8034494601354631,False,6.09103760871813
BAC,2025-03-19,long,0.4342974029004562,0.7049907485790633,0.7544702744476728,0.1,True,True,-1.5098417924982945,False,-0.8528901299678537
BAC,2025-04-03,short,0.8876591356731071,1.4816593860473284,0.170785438184128,0.1,True,True,1.0303551106454971,False,-0.5104575398682476
BAC,2025-04-17,long,0.2607653752792869,0.3128974218593445,0.5318239512345507,0.1,True,True,-1.7331037824373743,False,9.783503169469277
BAC,2025-05-28,short,0.04697455819080383,0.0761314649447052,0.2232999546094815,0.1,True,True,-1.2486144873092886,False,-2.1189099651538035
BAC,2025-06-23,long,0.038253604302194974,0.3005179364820644,0.08776489962292197,0.1,True,True,0.8362342826997416,False,1.8358697715128436
BAC,2025-07-09,short,0.20381045585448437,0.5003007757434487,0.21033651841747003,0.1,True,True,-1.101621507366317,False,-2.775397765081644
BAC,2025-07-25,long,0.05152530112194442,0.18583044154477485,0.32951739925226536,0.1,True,True,0.6474702190223848,True,-5.036132827266481
BAC,2025-07-29,short,0.14121729095532068,0.1869987823155985,0.1568226613694998,0.1,False,False,-0.6188481450964124,False,0.9384787565254404
BAC,2025-08-14,long,0.22359375413275157,0.5572793590276328,0.6609826655143989,0.1,True,True,0.04466392445905872,False,5.826867708080741
BAC,2025-09-15,short,0.008913331742503687,0.07816527443447915,0.0268618550916921,0.1,False,False,-1.6598036936072496,True,-3.617306235457818
BAC,2025-09-17,long,0.12129057096063638,0.20071807193586477,0.014910434957941993,0.1,True,True,1.9041338159399295,False,-1.400775154606837
BAC,2025-09-30,short,0.38349647432166417,0.43511355452162953,0.04149689308049353,0.2,True,True,-2.3391116457457084,False,2.9075388757180076
BAC,2025-10-20,long,0.46911690333638806,0.6008779272382667,0.6587170340243786,0.2,True,True,0.5044181746819301,False,2.9208253314379373
BAC,2025-11-13,short,0.12607342966175736,0.5981641216222329,-0.025293938991079373,0.2,True,True,-1.6793288031164064,False,-1.475325877339384
BAC,2025-12-01,long,0.222341595616353,0.22429380193107173,0.557247644393259,0.2,True,True,0.6170979239161661,False,4.465704196730114
BAC,2025-12-31,short,0.446139276003721,0.4710766646452517,0.35336192190550164,0.2,True,True,-2.0922237271084545,True,4.381818226662948
BAC,2026-01-05,long,0.1765820651053176,0.4996344976235148,0.05318363468822207,0.2,True,True,2.42019912472452,True,-8.419752368119438
BAC,2026-01-08,short,0.17563283633157142,0.17858938152813908,0.11288532140324638,0.3,True,True,-2.411465899157199,False,7.938764025448275
BAC,2026-02-02,long,0.22374778475529622,0.6714287865661585,0.48147005966504364,0.3,True,True,-1.005189816263401,False,-2.387551364416518
BAC,2026-02-13,short,0.3720214596198968,0.6101156156343475,0.6790966868272571,0.3,True,True,0.044755869510699015,False,5.214073381752582
BAC,2026-03-23,long,0.0727928556811829,0.28666448563361757,0.17962698550038508,0.2,True,True,-1.8582850543251306,False,5.808073230143651
BAC,2026-04-24,short,0.03478206538475104,0.41639662278291645,0.39621544657806845,0.2,True,True,-1.1806560896996314,False,1.4217081274768728
BAC,2026-05-26,long,0.11230992086990407,0.277856990923215,0.3065128578588714,0.2,True,True,-0.13858039957224713,True,4.794543860961276
BAC,2026-05-28,short,0.06076702866914777,0.11165007735568346,0.1378448249998745,0.2,False,False,0.20632426813996058,True,-9.211338180806749
BAC,2026-05-29,long,0.06067376345165622,0.12209374069796015,0.03696895810209813,0.2,False,False,-0.1573404968053933,False,9.129975462347861
BAC,2026-07-10,short,0.0001368886144359758,0.011420765078627541,0.177678762206175,0.4,True,True,-1.566981741075373,True,-3.9886061121666705
BAC,2026-07-14,long,0.07158704355570454,0.19220969502212054,0.00028186721866145677,0.4,True,True,1.5523275823559097,False,3.299237222243967
BAC,2026-07-21,short,0.07613270938640464,0.08514058503871196,0.13616716596782596,0.3,True,True,-1.5314619670080711,False,-2.7442052168752396
BAC,2026-08-12,long,0.26968751768199395,0.3227782546355872,0.1119085589202171,0.3,True,False,1.6437889446902125,True,-3.980865286148094
BAC,2026-08-17,short,0.2896016024979372,0.35744574767586546,-0.0038936911551478567,0.3,True,True,-1.6831203330579283,False,3.0521211745864973
BLV,2018-06-12,short,0.13144487313952857,0.14123223982904015,0.2160496922040836,,True,True,0.01922997451874256,True,-0.3761295647408014
BLV,2018-06-14,long,0.06048019343242783,0.282365580950236,0.017469459263490524,,True,True,0.029609858252300513,False,0.5320894055576231
BLV,2018-06-21,short,0.14650655919833833,0.18037472669603014,0.07703753422993431,,True,True,-0.027274204209237703,False,-2.279946339280059
BLV,2018-06-27,long,0.3542788084720713,0.4836480566130266,0.007131034506641591,,True,True,0.14289722775868477,False,1.2420189379131363
BLV,2018-07-20,short,0.49561864513978565,0.7502547104981266,0.37589211381470783,,True,True,-1.0888769736637354,False,0.06452809711248175
BLV,2018-08-10,long,0.05962695681414809,0.44380203779634597,0.0848239856371355,0.2,True,True,0.0776532131057941,False,1.183382363054264
BLV,2018-08-29,short,0.014968065193080408,0.3925101831181722,0.3474910543699243,0.16666666666666666,True,True,-0.9296450169910421,False,0.662020313685785
BLV,2018-10-02,long,0.17106441127298153,0.23108445320696522,0.2472852710958431,0.14285714285714285,True,True,-1.0921549905384342,True,-1.7556470178541894
BLV,2018-10-03,short,0.4153329564472157,0.5909717277041342,0.033713213821494184,0.14285714285714285,True,True,1.33912086914809,False,1.126822406012895
BLV,2018-10-24,long,0.2102317103957322,0.41338665633348004,-0.022474120254828454,0.2222222222222222,True,True,-1.8334631953087135,False,-0.6566659338314129
BLV,2018-11-02,short,0.2656757617555,0.5004811762587642,0.20544467999505697,0.2,True,True,1.6571629035184208,True,-0.6225665774383549
BLV,2018-11-07,long,0.3697551215534084,0.47953951030736786,0.045264889447298715,0.2,True,True,-1.4752880258346006,False,0.05929463842182514
BLV,2019-01-10,short,0.34503521666330794,0.4746114620963412,0.20413683372828104,0.2,True,True,-1.4818924097902162,False,-0.6184163184375313
BLV,2019-01-31,long,0.5291728130296235,0.5490237490439308,0.14205026059255443,0.2,True,False,1.0286015189787658,False,-0.09568534229852377
BLV,2019-02-14,short,0.15837664787642985,0.1800499782209649,0.22437424722301347,0.2,True,True,-1.0639086657641192,False,1.1923860381179874
BLV,2019-03-12,long,0.515221751432761,0.6174372072935633,0.5624458061064598,0.2,True,True,0.5389615570737377,False,2.3199416072756662
BLV,2019-04-04,short,0.03731437589400597,0.5575945403084999,0.8546458100451355,0.2,True,True,-2.1857793739884843,False,0.11019764898485551
BLV,2019-05-07,long,0.1961361783133242,0.2878984645132752,0.006981153825956696,0.2,True,False,1.8300016821210845,True,0.1199864389130223
BLV,2019-05-10,short,0.0207833205906267,0.05409796071228187,0.021512492159299592,0.2,True,True,-1.7133563995914236,True,-1.6957891959318516
BLV,2019-05-13,long,0.17593046483957656,0.1974553869835566,0.06503033074266211,0.2,True,True,1.8225200907587031,False,1.819160934815578
BLV,2019-07-08,short,0.49859008758946244,0.7363574543773979,0.00446590126316465,0.3,True,True,-3.370594666463923,False,0.1752714564192015
BLV,2019-08-01,long,0.6592369972552355,1.011992340557064,0.13403628574718351,0.2,True,False,1.7891467147163829,False,6.098381306932832
BLV,2019-08-30,short,0.12083947075836371,0.29686159058293254,-0.009596013208858351,0.2,True,True,-3.5174794015917925,False,4.683668069801305
BLV,2019-09-27,long,0.057146070664473116,0.1213257754537447,0.23943226735881926,0.2,True,False,0.15743849812848543,False,-0.9990454733487364
BLV,2019-10-11,short,0.39645977474078553,0.4461131242871761,0.23076886340869168,0.2,True,True,-0.38200690394820075,False,0.17797252418869647
BLV,2019-11-01,long,0.32510974849973673,0.35627476639145716,0.2240712892181264,0.2,True,True,-0.2366163808959116,True,-1.4329385782249293
BLV,2019-11-05,short,0.09418139099308906,0.3209120101462276,0.10593336345715154,0.2,True,True,0.35245317488511574,False,-1.2413026031098617
BLV,2019-11-15,long,0.13098665357835967,0.2936922529251193,0.23931506946138176,0.3,True,True,-0.5308750514666918,False,0.6514760103266681
BLV,2019-12-10,short,0.011974933203802506,0.14003000939535795,0.30548447436735837,0.2,True,True,-0.3600443727227312,True,0.13601649593396603
BLV,2019-12-11,long,0.12297644711609312,0.1350638595424898,0.246238565687463,0.2,True,True,0.39201089676321427,True,-0.5957130015319723
BLV,2019-12-12,short,0.23451772297055581,0.3587861626940927,0.07675504289046743,0.2,True,True,-0.3120493491026054,False,-0.6173653800490619
BLV,2020-01-03,long,0.3248135218660532,0.6823831407241989,-0.03928267209543603,0.3,True,True,0.17180915923137688,True,0.0
BLV,2020-01-08,short,0.16732540258642378,0.4166925978994921,0.04365593036606189,0.3,True,True,-0.12501258788152655,True,-2.8339404553486602
BLV,2020-01-10,long,0.26183762763307494,0.44746866247201567,0.0983820183931718,0.4,True,True,0.20154636599701134,False,3.2055593619033207
BLV,2020-02-12,short,0.33837402726048055,0.40519416949455833,0.07214678167534912,0.5,True,True,-2.222594699572045,False,-2.711952450436317
BLV,2020-02-20,long,0.21527414932941435,0.39498560401832594,0.15799925003587348,0.5,True,True,2.144672199569718,False,4.557404380860275
BLV,2020-03-11,short,0.3473983053869894,2.8402949117032033,-0.11623007548571795,0.4,True,True,-2.670176285113721,False,1.8770480429771585
BLV,2020-03-27,long,0.9042781627910544,0.9799645378722248,1.301153035879387,0.4,True,True,-0.9975491492034493,False,3.224357065481187
BLV,2020-04-28,short,0.008779192299458099,0.13305742881443344,0.18222914794380277,0.4,True,True,-1.6950589376795153,False,2.9086303132970004
BLV,2020-05-22,long,0.08597015224323169,0.10449375854633296,0.11936009119452377,0.3,True,False,0.3120503798075988,False,-0.9176835852981902
BLV,2020-06-04,short,0.2254052973346746,0.24778227105635248,0.06974432220794895,0.2,True,True,-0.256237248887835,False,-2.5783351045040925
BLV,2020-06-11,long,0.13416564766728373,0.17429181787057826,0.12640440712116635,0.2,True,True,0.298042876329493,False,1.0831933400358151
BLV,2020-08-03,short,0.08506608095674968,0.35330611906078013,0.13219856394688742,0.1,True,True,-1.5503894069977275,True,3.2009160743391996
BLV,2020-08-04,long,0.07092521696972783,0.15660200146850953,0.12128135437041851,0.1,False,False,1.5658958696405672,True,-3.3636763050223784
BLV,2020-08-05,short,0.3141652897920447,0.38519267326589446,0.10716553038105554,0.1,True,False,-1.5028347048499162,False,3.27161938086743
BLV,2020-09-03,long,0.09103141780022662,0.4563245746935967,0.4821282224891121,0.2,True,True,-0.5364015988335546,True,-1.0107509743412901
BLV,2020-09-04,short,0.17531903377346245,0.2667493490335952,0.503521666231228,0.2,False,False,0.6334628229457951,False,-0.94831951806289
BLV,2020-09-11,long,0.10566339591007327,0.16872041300779012,0.03934014132800834,0.3,True,True,-0.5651745590758814,False,-0.4610651673297883
BLV,2020-09-30,short,0.09951657003967818,0.17491688584176132,-0.0030037783293481966,0.3,True,True,0.4093157835907,False,-0.40244740225299225
BLV,2020-10-13,long,0.21806811377240667,0.42046942441691615,0.2282308399346369,0.3,True,True,-0.5380292362501501,False,-0.4108214664763299
BLV,2020-10-21,short,0.20050130698181212,0.33609145920179856,0.18720650501990058,0.3,True,True,0.4828613715186662,False,-1.7949490138569058
BLV,2020-10-27,long,0.07075174983219952,0.61002192295036,-0.09447946148682686,0.3,True,True,-0.515590100486073,True,-1.5393378443136152
BLV,2020-10-30,short,0.5536937171843899,0.6070577687401415,0.21767266569166063,0.3,True,True,0.6082768421823589,True,-1.7056089168641098
BLV,2020-11-04,long,1.0602532748644415,1.7552641136703195,-0.2104786279134897,0.4,True,True,-0.40288936257323404,False,0.2143081029132743
BLV,2020-11-11,short,0.03836774579146539,0.5703570859567001,0.9337711350151999,0.3,True,True,0.3159184930521801,True,-2.4205967994732847
BLV,2020-11-12,long,0.6707805276660276,0.7095605835638078,1.2010725813187115,0.3,False,False,-0.23625596516712985,False,2.1351230650883846
BLV,2020-12-04,short,0.8105628830383413,0.9426341061459,0.6621835682275333,0.3,True,True,-0.5169803649890445,False,-0.6930335844716584
BLV,2020-12-29,long,0.05772347484464909,0.16189419509110786,0.080958664298734,0.3,True,True,0.5139063822774805,False,-2.1276548609634793
BLV,2021-01-05,short,0.6298865545292555,0.7096522269532521,-0.006853525300608688,0.3,True,True,-0.42125884379236506,False,1.1991517033783317
BLV,2021-01-25,long,0.03686279421749227,0.538051971606993,0.20182146423703393,0.3,True,True,-1.5523511383778612,False,-1.7837982371603833
BLV,2021-02-03,short,0.2979991516396078,0.4219169463790267,0.2156308257979322,0.3,True,True,1.4254152225018315,False,1.9270741148561865
BLV,2021-03-22,long,0.27887215803866927,0.5763755263091139,0.022296372145423772,0.3,True,True,-2.303355727165322,False,1.9726957791804
BLV,2021-04-30,short,0.05302632241860825,0.06359358460877955,0.26726597845946326,0.2,True,True,-0.26611412011494945,True,0.5407490217134603
BLV,2021-05-04,long,0.015039983370925075,0.07615701849812787,0.06818045816628235,0.2,True,True,0.28540300888054393,False,-1.5167241076221472
BLV,2021-05-10,short,0.08383131612095208,0.32542800694863383,-0.07482193126060607,0.2,True,True,-0.2947761547837769,False,-0.3538875906079042
BLV,2021-05-24,long,0.07909903189325916,0.3246849365144926,0.2027679748291629,0.1,True,True,-0.13689602066875292,False,1.5531222103126963
BLV,2021-07-13,short,0.14115155805548785,0.8251744898372282,0.21231382364250548,0.1,True,True,-1.1046066926755862,True,-2.4498915815013733
BLV,2021-07-15,long,0.12619840948906508,0.26091407905242525,0.3445111400636409,0.1,False,False,1.1317870371159549,False,0.4855409132521915
BLV,2021-07-23,short,0.15284532516469038,0.33900941112662814,0.2104504317752508,0.2,True,True,-1.1859346104768467,False,0.5163497006144158
BLV,2021-08-23,long,0.09984162662119869,0.25965062451484705,0.43951677264953315,0.2,True,True,0.7279903810845438,True,-1.5634084761402711
BLV,2021-08-24,short,0.09067137793528997,0.19481108035087943,0.35931211419657544,0.2,False,False,-0.6989724430257821,False,0.40137020950958835
BLV,2021-09-14,long,0.7494380655585712,0.7646365079498821,0.4061744117427107,0.3,True,True,0.6372133568834433,False,-3.6685196247458696
BLV,2021-09-24,short,0.9716875785104668,1.0951503086466248,0.17483468775907574,0.3,True,True,-0.47665994677241347,False,3.319264273026379
BLV,2021-10-14,long,0.13460658677783177,0.8243929244848368,0.49339895838969255,0.2,True,True,-1.2578573096955252,False,0.5522517751539446
BLV,2021-10-21,short,0.06263771310479664,0.29583849242447124,0.12131887236370661,0.2,True,True,1.0832508957726001,True,-2.8345748605592025
BLV,2021-10-22,long,0.20494470152824773,0.27106689551163515,0.3133092635750502,0.2,False,False,-0.9971434753264059,False,3.2640691066421423
BLV,2021-11-15,short,0.24825972605877683,0.8082643437469871,0.5062203521726863,0.3,True,True,-0.4340136987194152,False,-2.425179578799952
BLV,2021-11-29,long,0.08697606963082097,0.3582958780118299,0.0962128043629087,0.2,True,True,0.08355822581833129,False,1.012175928557335
BLV,2021-12-10,short,0.12778313174252648,0.30199182770601357,0.48619792743138796,0.2,True,True,-0.8060989839029461,False,-0.05249987827100622
BLV,2022-01-28,long,0.03750231122831098,0.30876047545952234,0.08355612378258657,0.2,True,True,-1.9820173774430856,False,-3.304594629595481
BLV,2022-02-04,short,0.24398817193925784,0.5845298608380772,-0.03907614583541548,0.1,True,True,1.8974924767004813,False,1.579740361334414
BLV,2022-02-24,long,0.03779513108424923,0.1537605742471831,0.340771484885597,0.1,True,True,-2.1917524433133213,False,-2.1771170545272778
BLV,2022-03-10,short,0.2702966003823204,0.714429577988387,0.38079004049098747,0.1,True,True,1.55245972595147,False,1.0699922017638475
BLV,2022-03-29,long,0.6834848270109829,0.6985857020111037,0.14024690482179114,0.1,True,True,-1.6732078886358905,False,-5.61928897626508
BLV,2022-04-07,short,0.12100752100677147,0.8692520345965259,0.5390214859318063,0.1,True,True,1.4372763896634377,False,5.485023753637441
BLV,2022-04-28,long,0.1531909761167926,0.28276987334566456,0.5241962630579553,0.0,True,True,-2.703220963175933,True,-2.3430271750194076
BLV,2022-04-29,short,0.017120471373043636,0.17423575327368793,0.2899177151858224,0.0,True,True,2.7939779543511714,True,2.006934484445455
BLV,2022-05-04,long,0.252620444818175,0.4959761886253736,-0.02805025227487827,0.1,True,True,-2.8869953864803577,True,-2.158228663910511
BLV,2022-05-05,short,0.12593268069182292,0.3784385256132644,-0.07838851112009426,0.2,True,True,3.0425133477174136,False,-0.742770780301294
BLV,2022-05-11,long,0.31056176277569303,0.7168475640449682,-0.0923547695924672,0.3,True,True,-3.228531827794128,False,2.215680096324135
BLV,2022-06-09,short,0.002486531939936254,0.22888848344305587,0.32650259716366387,0.3,True,True,1.1413228166113343,False,1.6519520543619715
BLV,2022-06-24,long,0.2449949475200971,0.28001403453702317,0.30705211299211943,0.3,True,True,-2.017097921244395,False,1.2000708451364694
BLV,2022-08-09,short,0.02264254829429444,0.25276419713339465,0.26439582626228164,0.3,True,True,-0.8151915137485826,False,3.5388595535439937
BLV,2022-10-05,long,0.06093083563254578,0.128083701109148,0.36820557183053637,0.3,True,True,-2.0434947042488054,True,-4.93910264042573
BLV,2022-10-10,short,0.3476300836593813,0.37979922282814105,0.013099784174946928,0.3,True,True,2.1842068350341504,False,4.649796805899575
BLV,2022-10-26,long,0.2032153374561009,0.6745094488220714,0.04604070899611969,0.4,True,True,-2.113665848820084,False,-0.9428805133553708
BLV,2022-12-16,short,0.022591856522577336,0.27199057123870385,0.11912016352108439,0.3,True,True,-1.3788721883943234,False,4.541182834263269
BLV,2023-01-09,long,0.0697488901967054,0.3664144215174992,0.3764521028982391,0.2,True,True,0.18285950445586177,False,1.9656864724865164
BLV,2023-01-30,short,0.0957007407543775,0.1737940855707981,0.10536644932399318,0.1,True,True,-0.6294128940948036,True,1.8574571182467747
BLV,2023-02-01,long,0.050204532600738094,0.17017743303699304,0.040013138007415475,0.1,True,True,0.6645783115425518,True,-4.703006626803097
BLV,2023-02-03,short,0.0314917288175131,0.20538364202803844,-0.020850986963513406,0.2,False,True,-0.6518342997452462,False,4.105841125110654
BLV,2023-03-08,long,0.08496262347800679,0.14768794860788537,0.27980081998803613,0.3,True,True,-0.6562705918697621,False,3.8728462395750007
BLV,2023-04-14,short,0.21607800055750467,0.3446435229439693,0.237393796700836,0.3,True,True,-0.7739076854954461,False,-1.1178000311013347
BLV,2023-05-31,long,0.01177083638221301,0.6239400055992759,0.32516720920204706,0.3,True,True,-1.004908245787687,False,-0.09981068526538905
BLV,2023-07-05,short,0.2313493721240824,0.5515378012608804,0.2221171484729287,0.2,True,True,-0.16277329975968569,False,-2.2019980949929074
BLV,2023-07-14,long,0.13378708231458,0.2365878904709242,0.5392485014949433,0.2,True,True,-0.24988029354226113,False,-0.5944925505954823
BLV,2023-07-27,short,0.3017534157743593,0.7363899980280793,0.15776059997158284,0.2,True,True,-0.023607953769996224,False,2.336852666122713
BLV,2023-08-24,long,0.22212116327843778,0.5086715463818493,0.39407126694112005,0.2,True,True,-1.9948126387335683,False,0.15116974411930606
BLV,2023-09-21,short,0.5736940513908965,0.61133474370844,0.03167786023225794,0.2,True,False,1.4364021522622858,False,4.334267527980029
BLV,2023-10-11,long,0.25658766393941923,0.7697536738807643,0.39742018145544294,0.1,True,True,-2.741140462873753,False,-4.665767709421676
BLV,2023-10-18,short,0.04014908567265543,0.4051739795184132,-0.015420517893460037,0.0,True,True,2.545978229687927,False,-1.323317327065232
BLV,2023-10-24,long,0.03477007241306767,0.5805273300417273,-0.16772607212934793,0.0,True,True,-2.549294780790979,False,3.532005334194177
BLV,2023-12-29,short,0.2698727859661796,0.2859520732669135,0.09826285247454426,0.0,True,False,-1.6359572213038998,False,2.7621438818953736
BLV,2024-02-01,long,0.390395394923637,0.4834949964746813,0.32229920156194797,0.0,True,True,0.21631475257936353,True,-4.153249229772871
BLV,2024-02-06,short,0.02070523026891385,0.07571747546349625,0.015272280077657852,0.0,True,True,-0.13882046191776762,False,2.5340624536193124
BLV,2024-02-29,long,0.12856797202425502,0.18019152373326566,0.09584583516614412,0.1,True,True,-0.29628946112399085,False,-0.11782479128240597
BLV,2024-03-15,short,0.1181661082202025,0.3197848483629506,0.3297155109741279,0.1,True,True,-0.07990601690353212,False,0.06110575864221035
BLV,2024-03-27,long,0.25782476219961076,0.3525634968022231,0.15253716911759968,0.1,True,True,0.04022725906022976,True,-3.98018275025408
BLV,2024-04-02,short,0.3697884073500523,0.42832998378284737,0.017644264602734553,0.1,True,True,0.06935053001238958,False,3.680600875597362
BLV,2024-04-30,long,0.01748744729323366,0.10631624805291652,0.2649039451915096,0.2,True,True,-0.8949551777331449,False,2.88616506566568
BLV,2024-05-29,short,0.4109146347496956,0.6480456984956521,0.373977472150785,0.2,True,True,-0.46592387818901665,True,-3.5830708892604424
BLV,2024-06-03,long,0.06441694373122579,0.45772730019859115,-0.05064500423873099,0.2,True,True,0.6257147587399584,False,1.53367859439566
BLV,2024-06-26,short,0.14828422638225927,0.4681372951428098,0.13686646280828885,0.3,True,True,-1.4001027272076931,False,-1.1311262136107558
BLV,2024-07-11,long,0.049479706954728385,0.4026076409769527,0.2596597708544795,0.3,True,True,0.623518990262594,False,-1.172825924660592
BLV,2024-07-22,short,0.17227724735492295,0.36325886668005597,0.15795849684927835,0.2,True,True,-0.7831422488645527,False,-4.831610268436237
BLV,2024-07-31,long,0.4814337112821105,0.6560785876466335,0.38988373540217947,0.2,True,True,0.6884010052481188,False,2.9348493999816094
BLV,2024-08-28,short,0.30330852381294354,0.42560006240333187,0.23359945711656427,0.2,True,True,-1.6759053376362654,False,-2.2084766818977863
BLV,2024-09-06,long,0.0399516509622727,0.2771693272999491,0.3696024099792576,0.2,True,True,1.5467201621281084,False,0.4248610457864732
BLV,2024-09-19,short,0.3768495550126343,0.6033338533283518,0.1455545975287232,0.1,True,True,-2.152486998376042,False,1.4185286568600408
BLV,2024-11-05,long,0.26989661100299117,0.5012781638395215,0.151442439661136,0.1,True,True,-1.3420188743781174,False,-1.383208814321213
BLV,2024-12-13,short,0.5559583673487527,0.6114595101192015,0.4884471316844022,0.1,True,True,-0.1422730613432738,False,1.980851295841879
BLV,2025-01-16,long,0.23828142983254136,0.5086316242028069,0.20060135101625728,0.0,True,True,-1.2580885953691197,False,0.8504562441421282
BLV,2025-03-07,short,0.07943091960705374,0.41916398603042904,0.39248340626090555,0.0,True,True,-1.1344710009690786,False,-0.5568162050279657
BLV,2025-04-02,long,0.20544050877097858,0.33865067795745357,0.3812029610465921,0.0,True,True,0.38205537090425334,False,-3.014427448327861
BLV,2025-04-08,short,1.2430233774058936,1.2757953747405222,0.06305179149917012,0.0,True,True,0.0046924517640452015,False,-0.029465273804341052
BLV,2025-04-25,long,0.4298905229468069,0.7918157033659535,0.4462817854765036,0.0,True,True,-0.8897401401696883,False,-1.5543779100989696
BLV,2025-05-09,short,0.12374473720895061,0.17724302926881177,0.16432873917128377,0.0,True,True,0.4761956439554406,False,1.8136356840759094
BLV,2025-05-29,long,0.4656573880635115,0.5222676489564232,0.3541707875311169,0.0,True,True,-0.82371505387241,False,1.8156738901593528
BLV,2025-07-08,short,0.4444872885845778,0.5984430273830024,0.4498536315517169,0.0,True,True,-0.9770402182274857,False,-0.6757728730099277
BLV,2025-07-25,long,0.04006303454785986,0.27564466648382707,0.2880065973805326,0.0,True,True,0.2064178791675249,True,1.2869687939008667
BLV,2025-07-28,short,0.013154304788331139,0.054068623128005644,0.1774590246805538,0.0,False,False,-0.19259161667741023,True,-1.9391285982918394
BLV,2025-07-29,long,0.5564651222937278,0.5696986052900898,0.10718488932531411,0.0,True,False,0.43359547528812187,False,0.3066117696700621
BLV,2025-08-15,short,0.23373130727930772,0.4050772648820995,0.182481925234169,0.2,True,True,-1.1395978080522815,False,-0.05804218205964773
BLV,2025-09-05,long,0.8949684398948227,0.9995197669113357,0.16120451558753346,0.2,True,True,0.8942600989990549,False,0.7111512896644134
BLV,2025-09-22,short,0.22596916774355466,0.6083499050352751,0.5702914690461846,0.2,True,True,-2.021013321667612,False,-0.2900856437931143
BLV,2025-10-14,long,0.32167068395652454,0.37534681631626704,0.25642664135568866,0.2,True,True,1.491918022835666,False,1.1851640266212549
BLV,2025-10-29,short,0.10988371084135731,0.5671874354949308,0.1263284992545637,0.2,True,True,-2.6002197810204835,False,0.9141858902992461
BLV,2025-11-25,long,0.4228141291803698,0.5023385317112299,0.40004864855151095,0.2,True,True,-0.2344670327266581,False,-1.1297404593691107
BLV,2025-12-05,short,0.3051048387979361,0.3074855914065511,0.19849996347208856,0.2,True,True,0.2356270983652707,False,0.40052600067747024
BLV,2025-12-24,long,0.2908079989436084,0.378037153307538,0.09603498902819946,0.2,True,True,-0.552220484230855,False,0.05720004753528851
BLV,2026-01-21,short,0.04296272838908128,0.07844943140327461,0.3896464553482145,0.1,True,True,0.06764381762980964,True,0.42123095292219137
BLV,2026-01-22,long,0.17900825305366616,0.22486093579474595,0.464484086748551,0.1,False,False,-0.014149893400654746,False,0.026388393699972035
BLV,2026-01-30,short,0.2670407942901295,0.48761404859096924,0.25571449450405354,0.1,True,True,-0.01372413449439797,False,-2.4609669263478295
BLV,2026-02-06,long,0.10801801966476418,0.6151184969131385,0.12613557602963577,0.1,True,True,-0.05764826928573528,False,1.9492623956539612
BLV,2026-03-04,short,0.4830488709288027,0.5830688692622537,0.4681071557717466,0.1,True,True,-1.4736700398148925,False,2.506376154759249
BLV,2026-04-01,long,0.1455715708029674,0.3984817710714258,0.3077828638090152,0.1,True,True,-1.7635449151769904,False,0.5546545808482017
BLV,2026-04-28,short,0.045895245299584116,0.13338883801083953,0.17162193179285953,0.1,True,True,-0.09767048234508866,False,0.7784350555871566
BLV,2026-05-08,long,0.08662892903009917,0.27509853812852403,0.2116466400039145,0.1,True,True,-0.27267653037045825,True,-1.265074761749474
BLV,2026-05-12,short,0.16293050919146373,0.22858076662002966,0.06685003477700374,0.1,True,True,0.40590737953993594,False,-0.45549173846375357
BLV,2026-05-26,long,0.13281275576578835,0.5816588532079314,0.4260864583673924,0.2,True,True,-1.0468556658831387,False,0.3235505473384359
BLV,2026-07-01,short,0.07112512327134166,0.7786127908607635,0.23824998445496456,0.2,True,True,-1.0834027965774866,False,1.4191755425648545
BLV,2026-08-05,long,0.23053945288399352,0.4004086095541729,0.19315026045988617,0.1,True,True,-1.6284206599946645,False,-0.04509171604378803
BLV,2026-08-17,short,0.00968277710467497,0.3748835091159413,-0.06693846519505695,0.1,True,True,1.529811961387469,True,-1.1919276006020496
BLV,2026-08-19,long,0.6117736246190439,0.6914464535354393,0.12797272094084133,0.1,True,True,-1.278235521477041,False,-0.8572903781141505
C,2018-06-21,long,0.260571529928689,0.2700174413125101,0.1641569477578052,,True,True,-0.9265738204667369,True,-0.7245104541766523
C,2018-06-25,short,0.016777195634752638,0.3675069276394318,-0.013914041470061913,,True,True,1.0649226305608694,True,-3.7718682327560593
C,2018-06-28,long,0.012036951253861566,0.334211761831425,0.020030089094561773,,False,False,-1.1782188192740892,False,0.1794105916707478
C,2018-08-10,short,0.4476198626215794,0.9028138844139505,0.2036351682521921,,True,True,-1.2378424730991437,False,-0.5835184415166284
C,2018-08-27,long,0.03041687566776207,0.5586523598336233,0.16895453060308382,,True,True,0.5675222005718401,False,-4.088961327640838
C,2018-09-04,short,0.050866638675586065,0.13480068020065875,0.09162651683335747,0.4,True,True,-0.6835177667071114,False,0.05599738487951367
C,2018-09-19,long,0.7788005276620116,0.8633516640095154,0.2734851593857961,0.3333333333333333,True,True,0.43048947093173145,False,-1.8448328990757878
C,2018-10-01,short,0.19388519746969168,0.3462124102968616,0.4763600104277197,0.2857142857142857,True,True,-0.8537466168058216,False,3.7814564972342146
C,2018-11-05,long,0.6263770509578923,0.7927714601005543,0.6093045065711565,0.25,True,True,-1.692741971797188,False,-3.982177463489278
C,2018-11-14,short,0.025198299427957038,0.43768444721331445,0.41435449043348077,0.2222222222222222,True,True,1.3077424026224058,True,-2.204751335224908
C,2018-11-16,long,0.10526766782128529,0.12196707876647911,0.22280230608259613,0.2222222222222222,False,False,-1.2445670647129732,True,0.32333414168774777
C,2018-11-20,short,0.3132221138841519,0.4519759665173444,-0.037368582082019514,0.3,True,False,1.382951944799704,False,3.9501200723008223
C,2018-11-28,long,0.5220292311087005,0.6995411916833937,0.09616638141743683,0.2,True,True,-1.1657799236268755,False,-14.958821786953635
C,2018-12-06,short,0.42744445479204135,0.9599010937682715,0.1066467320062732,0.2,True,True,1.1983001604967958,False,12.970357819837798
C,2019-01-02,long,0.5675052814322564,0.6192465944641056,0.4815656939643431,0.2,True,True,-2.3646330464740544,False,16.177832941503922
C,2019-02-08,short,0.2551974598450601,0.26214239476304974,0.18119019900974653,0.2,True,True,-1.0201758953314333,False,-4.06386513429895
C,2019-03-18,long,0.24937737025528214,0.2649089092939639,0.23501835499252868,0.2,True,True,0.3438336612041344,False,-2.3813278768556434
C,2019-03-22,short,0.4673543114426528,0.5425441554417144,0.06713779174863868,0.2,True,True,-0.15559381275451215,False,-7.494258591907421
C,2019-04-02,long,0.11984231513615436,0.43411531024241934,0.38686981260646736,0.2,True,True,-0.011946120699309656,False,7.590796772389696
C,2019-05-07,short,0.5410966423544525,0.711448121307735,0.09327521568091877,0.2,True,True,-0.8539686113919845,False,3.051640819333812
C,2019-06-05,long,0.11770405381728324,0.4717195277065752,0.22450451531455815,0.1,True,True,-0.8469255773057027,False,2.7516028505621293
C,2019-07-17,short,0.021713610912218836,0.2720387680162267,0.15185202115085436,0.0,True,True,-1.6592591493914755,False,-0.48008526997835865
C,2019-08-29,long,0.21209349233363836,0.49035950276470774,0.11259052452776225,0.0,True,True,-1.4030126147462578,False,10.15646865309523
C,2019-09-30,short,0.06685907148477484,0.11494468426086744,0.0952694256818485,0.0,False,True,-0.9010150589106997,False,-1.6792135887473858
C,2019-10-14,long,0.17778855854922257,0.2633902579979641,0.24069474563660959,0.0,True,True,0.44231166901231206,False,4.769344192988845
C,2019-11-13,short,0.0168039413706729,0.4678829365489192,0.13535247542294565,0.0,True,True,-1.5508235666897268,False,-2.448945441432415
C,2019-12-12,long,0.13129202476586332,0.4739033906107108,0.1467719119953708,0.0,True,True,0.752294713160594,False,3.4003594143109606
C,2020-01-07,short,0.3791516044315118,0.607807502831563,0.22128253762003472,0.0,True,True,-1.2758194630393593,False,-1.7013500694385453
C,2020-01-14,long,0.05460536822658345,0.630217304872184,0.031000882041191533,0.0,True,True,1.4628806268113546,True,-6.629231492537702
C,2020-01-17,short,0.08101892178854671,0.10158446758928415,0.20240561271336419,0.0,True,True,-1.6521236998396336,False,6.770076975304862
C,2020-02-07,long,0.06363321154476843,0.5086251447380808,0.9337927381896938,0.1,True,True,-0.20198475035532118,False,-7.828192732288919
C,2020-02-21,short,0.5711858702077985,0.6496808387339562,0.26559982730904713,0.1,True,True,0.07387793474485829,False,19.83254246916487
C,2020-03-26,long,0.40258903022583653,0.8875738441431633,0.5441947606223484,0.1,True,True,-2.5185918475793243,False,3.020428328063396
C,2020-05-13,short,0.13996533519089174,0.20313461364240057,0.07358213691397926,0.1,True,False,0.21617478679020619,True,-21.083747438178115
C,2020-05-18,long,0.025699461912377063,0.22481304319866385,-0.04428167306211275,0.1,True,True,-0.19034023575202358,False,11.32034320379589
C,2020-06-15,short,0.16738303502588578,0.19599447797058736,0.6007443848000625,0.2,True,True,-0.709909613906584,False,5.077360710688417
C,2020-07-23,long,0.05870207391298,0.13528834141935955,0.07729784201685128,0.2,True,True,0.028183585254059416,False,-1.295391046217531
C,2020-07-31,short,0.13707460301771782,0.1471071886150509,0.00984495776003771,0.2,True,True,-0.00790064809603733,False,-5.83883967308616
C,2020-08-07,long,0.17591879433090904,0.23706451981770574,0.04221676940717438,0.2,True,True,0.036399367507725634,False,-5.410587324334626
C,2020-08-18,short,0.17240724401993882,0.5586044110738071,0.22777475647757806,0.1,True,True,-0.14602807743001409,False,-1.7083896906356477
C,2020-08-28,long,0.10721252059883195,0.3495401256445335,0.26752562405590063,0.1,True,True,0.052835846794463646,True,-7.899765538561166
C,2020-09-01,short,0.027971296679266334,0.04321292441367539,0.19204452354673363,0.1,True,True,-0.03357091692331597,True,10.117195402256762
C,2020-09-02,long,0.16363451153207476,0.19278392431614427,0.08116404936643268,0.1,True,True,0.07487841902275726,False,-12.35802378362969
C,2020-09-10,short,0.21126721661776451,0.2694634913923459,0.04591754249326844,0.3,True,True,-0.053507050834064526,False,17.19333755674539
C,2020-10-05,long,0.6901346899116713,0.7509289733606829,0.5884278069928414,0.2,True,True,-1.4461592575464566,False,-4.475581631610548
C,2020-10-28,short,0.11371157300313603,0.3820833481912585,0.11830932247043247,0.2,True,True,0.8102572216931009,True,-20.43862110018544
C,2020-11-02,long,0.09946075640783397,0.2578673835340126,0.04074029132606277,0.2,True,True,-0.8882845578320195,False,19.40299129494829
C,2020-12-14,short,0.04768464592092722,0.29548856676989543,0.11648506793039981,0.3,True,True,-2.011869947232827,False,-3.6942464127116326
C,2021-01-07,long,0.2878981937669943,0.45913270172348825,0.1687027288009285,0.3,True,True,1.3507056727981652,False,-7.103917825714667
C,2021-01-19,short,0.4309319182944186,0.5639233254323818,0.1571774013882343,0.3,True,True,-1.2828606931473006,False,5.655721916660184
C,2021-02-08,long,0.08699907304957466,0.46872751895681974,0.544283475831671,0.3,True,True,0.1716506352517208,False,4.854674411979998
C,2021-03-19,short,0.07438355833079584,0.3448472185406325,0.2907142718892676,0.2,True,True,-1.9794195068762133,False,0.3561393677724567
C,2021-04-29,long,0.1885369821186641,0.3297340954109593,0.3404014376083539,0.1,True,True,0.3605746270386185,True,2.6728372663374023
C,2021-04-30,short,0.012036766735157205,0.20275440902933853,0.20611729182483052,0.1,False,False,-0.29452136882601554,True,-7.4677311214951025
C,2021-05-04,long,0.025262653607371056,0.08547152480919884,0.029136795771361603,0.1,False,False,0.3074402390747842,False,5.931151159376413
C,2021-06-08,short,0.06847836610442248,0.30152776962102773,0.2097362581956996,0.3,True,True,-1.9784930355815715,False,12.797185205612616
C,2021-07-14,long,0.012312856629908773,0.07429694404293727,0.24058405365348554,0.2,True,True,-1.2167814080749197,True,-0.10269190955997098
C,2021-07-16,short,0.005958652540665139,0.15415534329835062,0.006268496312644925,0.2,True,True,1.177915528705606,True,-1.8309958292674011
C,2021-07-21,long,0.022406121286455777,0.3775286942061356,-0.06721385202878351,0.3,True,True,-1.1707542613755764,False,1.6816070029066044
C,2021-08-20,short,0.10520182272345195,0.2612811308864002,0.42223712074611197,0.4,True,True,-0.5255919283496873,True,-1.3096328292734993
C,2021-08-25,long,0.1599100656059191,0.24034112462861218,0.02912072987701042,0.4,True,True,0.6158422197322445,False,-3.7168783203140765
C,2021-08-31,short,0.06077129959944862,0.12992925208764,0.04619366257248809,0.5,True,True,-0.5849826007355351,False,2.0303064147476735
C,2021-09-24,long,0.008357705479940879,0.5966110409104565,0.2164473261155965,0.5,True,True,-0.29930453704824866,False,1.6437188440399764
C,2021-10-13,short,0.13977013386138792,0.36815158356171973,0.23600165700158532,0.4,True,True,-0.21090710555660205,True,-0.07116814809673411
C,2021-10-15,long,0.01234087242132873,0.2808630739549925,0.1402920690986887,0.4,False,False,0.2394718781123846,False,-3.6364173510869846
C,2021-10-21,short,0.3011370347404982,0.39034494728319913,-0.02451352260239747,0.4,True,True,-0.18028066271239868,False,4.289364814031571
C,2021-11-15,long,0.04525764817109348,0.17913788260477173,0.41544330264292534,0.4,True,True,-0.6076372208458969,True,-7.331967427913222
C,2021-11-16,short,0.15014329021727624,0.19624611297449088,0.34960798381616354,0.4,False,False,0.66933198518033,False,7.705928258441297
C,2021-12-23,long,0.14439757366850206,0.608217246576971,0.1506033804322764,0.3,True,True,-2.2331566029584664,False,9.250958251030994
C,2022-01-21,short,0.006768569326648035,0.5810420514852218,0.6298302079471869,0.3,True,True,-0.6909777897660941,False,-5.263932542052596
C,2022-02-01,long,0.1745374258863435,0.36364709675614787,0.06895463877912524,0.2,True,True,0.554198924596842,False,1.4539013003603385
C,2022-02-17,short,0.35394606767814596,0.5767600615767284,0.18179764445013305,0.2,True,True,-0.7666743596492367,False,12.548269356232256
C,2022-03-17,long,0.05604398867652765,0.48307348623426777,0.3746840153062677,0.2,True,True,-2.0212911105539484,False,-6.790023087415076
C,2022-04-01,short,0.22683298111709072,0.4309381196398283,0.22621755882117367,0.2,True,True,1.4596049561338313,False,0.03822530015761272
C,2022-04-18,long,0.28393570996659717,0.4611755360335163,0.17640657800465898,0.1,True,True,-1.6352938835015438,False,-5.922850284843928
C,2022-05-02,short,0.01436997128400676,0.028075302457931783,0.17731944099833874,0.1,True,True,1.2684737233176568,True,2.566193316436771
C,2022-05-03,long,0.2312762274620349,0.24577057341952563,0.09800243062527109,0.1,True,True,-1.1704152054874444,False,1.8961862298652488
C,2022-05-12,short,0.35627746570485164,0.4818870396922625,0.3785085840393038,0.1,True,True,1.0516650057010217,True,-16.172710773080578
C,2022-05-17,long,0.3862564525978445,0.8677059561780018,-0.11143793308806386,0.1,True,True,-0.904104523842055,False,2.6248838546967024
C,2022-06-09,short,0.4415216021566727,0.5530878881155182,0.28535278382350776,0.2,True,True,-0.1459859209862156,False,4.22253879391249
C,2022-07-07,long,0.13001350834281425,0.2033546441393893,0.06840616281393323,0.2,True,True,-1.0162735118566841,False,12.060518425865151
C,2022-07-14,short,0.33130322458327816,0.3795409532440381,0.07089976404972488,0.2,True,True,1.2779309854593004,True,-18.328063842363427
C,2022-07-15,long,0.846604342828789,1.1744783180442813,-0.0391236258523173,0.2,True,True,-0.8325767460439205,False,4.865510030212272
C,2022-08-19,short,0.20070831793874816,0.40904144264974185,0.1661888812728346,0.3,True,True,-1.063350461843368,False,7.165962006387316
C,2022-10-13,long,0.1257970038169207,0.6033287206967276,-0.10103520047311465,0.3,True,True,-1.7786667282369648,False,5.797448302945596
C,2022-11-28,short,0.2657437734195923,0.3748510274062036,0.2017886058611834,0.3,True,True,-0.8903600659300569,False,3.0912626358958306
C,2022-12-30,long,0.1647929426329682,0.17664191644215987,0.18502259907924307,0.2,True,True,-0.465937147235247,False,11.231489268416016
C,2023-02-03,short,0.052772509321008076,0.3300011087558622,0.16609888579098153,0.2,True,True,-1.3082001336069777,False,-0.9224662519869975
C,2023-03-06,long,0.14899760879581384,0.17052694064106208,0.2977285211872269,0.1,True,True,0.6066979067481716,True,-15.504016880017613
C,2023-03-07,short,0.05021679830143002,0.20206260977641746,0.1474660244689858,0.1,False,False,-0.5651469961982089,False,11.765863180499858
C,2023-03-29,long,0.0009282981837898627,0.563052973850907,0.4159720919230755,0.2,True,True,-1.613176621463514,False,2.9379774584471274
C,2023-04-27,short,0.20494416518003006,0.3012898531849476,0.4064007774873973,0.2,True,True,-0.2981291012904008,False,1.053284927594167
C,2023-05-18,long,0.012916607315270608,0.08358395321127186,0.11741859564518295,0.1,True,True,-0.2576247910519839,True,-0.1509000202792654
C,2023-05-19,short,0.05740299247509823,0.0704901437928681,0.10728741181848586,0.1,False,False,0.29115773350656127,False,-1.1594738827337192
C,2023-06-02,long,0.0957024237336765,0.5494492376176876,0.07953037443196213,0.2,True,True,-0.4878199343635546,False,4.037116740477331
C,2023-06-22,short,0.09125623593730127,0.4849944801384789,0.3565217126040434,0.2,True,True,-0.5236866982732841,False,1.9086411138573234
C,2023-07-13,long,0.43150952600402503,0.4834800670873711,0.32649984298206275,0.2,True,True,0.007877587085529408,True,0.41946172523761316
C,2023-07-17,short,0.06440150608163529,0.07754248499080092,0.2186648457608622,0.2,True,True,0.13424284405885997,True,-3.0263627968611484
C,2023-07-18,long,0.19184568760009943,0.25859978997550803,-0.003395102891977108,0.2,True,True,-0.05523388885384806,False,0.10634414191408315
C,2023-08-02,short,0.25730686941206066,0.5308213429918937,0.16748147240581213,0.3,True,True,-0.21179802079649473,False,6.856560934867084
C,2023-09-01,long,0.0829088077152084,0.34302773726043595,0.35820598497930667,0.3,True,True,-2.2674517336271784,False,2.5246546618042265
C,2023-09-26,short,0.1094046835306087,0.4912034370384366,0.4427081076101989,0.3,True,True,0.9850567240295043,False,-3.0333133095418408
C,2023-10-09,long,0.0356674491731951,0.30070914515008773,0.05124108824453303,0.3,True,True,-1.1253062213738982,False,-4.540981831412882
C,2023-10-20,short,0.1943515743112887,0.3681169346111704,0.2504355764949293,0.2,True,True,0.7084853471565887,False,-7.884824139391466
C,2023-11-02,long,1.0679469872674712,1.185807891904313,0.4347133528346753,0.2,True,True,-0.8326740316351655,False,9.431652808728908
C,2023-12-29,short,0.11360632156458637,0.16287663899652263,0.04332174420944201,0.2,True,True,-1.6715115691277938,True,-0.8359245745968025
C,2024-01-02,long,0.19264111414678736,0.3061210486371649,0.024948876794881742,0.2,True,True,1.720972801472764,False,-3.167426237664639
C,2024-01-10,short,0.23217619489255747,0.46606863535851806,0.12331259393657859,0.2,True,True,-1.649373615828125,False,-1.3391005639625364
C,2024-01-30,long,0.7378242709526294,1.0955550868818802,0.2675344815494516,0.1,True,True,1.239420615411244,False,-6.702467863230954
C,2024-02-07,short,0.31661235811947774,0.3527768220183359,0.4336712646118631,0.1,True,True,-1.2831596961693121,False,-2.4935782351746427
C,2024-02-23,long,0.07287397126601462,0.1760496129779617,0.31312661866407066,0.1,True,True,1.0068911754050385,True,2.8249515245415635
C,2024-02-26,short,0.11387820134606362,0.18751490511995578,0.18948963054494217,0.1,False,False,-0.981918446125164,False,-3.7030340416781993
C,2024-03-06,long,0.3433319638162088,0.5227253975986065,0.12201514757331093,0.2,True,True,1.097101975159564,False,4.957234151584666
C,2024-04-04,short,0.07250477756055229,1.1703177202589132,0.5264741764550701,0.2,True,True,-3.970751557267853,False,4.252171616619361
C,2024-04-24,long,0.25214804177209066,0.702275096715321,0.9034052542774041,0.2,True,True,1.0001962758720553,False,1.3208115626941908
C,2024-05-23,short,0.32076799107513243,0.4432918287006258,0.18124307678471369,0.2,True,True,-2.064569691722279,False,1.9676473717381127
C,2024-06-25,long,0.20602127138122525,0.3733626616339942,0.2698162838679128,0.1,True,True,-0.5869717599118369,False,8.76906540017881
C,2024-07-22,short,0.25491262824775257,0.4803411770541923,0.3320175995587926,0.1,True,True,-1.551511077446976,False,12.014184931143967
C,2024-08-16,long,0.3443956300542663,0.6006428353671396,0.5370572866018903,0.1,True,True,-1.187687786531882,False,2.019540774662887
C,2024-09-06,short,0.13500998571967854,0.42120569146428316,0.23121346217701924,0.1,True,True,0.1931981495692483,False,-5.161614323596098
C,2024-09-19,long,0.6956503695283006,0.8313405124844088,0.33040241210944366,0.1,True,True,-0.4001240038930965,False,-2.7134267158171355
C,2024-10-18,short,0.02586166477259564,0.42090688832766515,0.35078009110911795,0.0,True,True,-1.1365199097695626,False,-1.3683365660134283
C,2024-10-30,long,0.0034307439352546927,0.2000594506900518,0.1651278630206972,0.0,True,True,0.763752633214146,True,7.753336163982083
C,2024-11-01,short,0.10508452428844337,0.13120297757829144,0.20473523094794915,0.0,False,False,-0.7199620295528177,True,-8.883616600662236
C,2024-11-06,long,1.3598898466182943,1.6343540808478882,-0.08221560843350756,0.1,True,True,1.218571127466196,False,-1.0864808901609346
C,2024-12-11,short,0.2686791396094313,0.2902022162126305,0.10987576934369438,0.2,True,True,-1.7594250513953085,False,0.847702187186461
C,2025-01-07,long,0.6709050381932189,0.7161869814450913,0.3102897372283475,0.2,True,True,0.8691925644295733,False,11.264919700875708
C,2025-02-03,short,0.042935347373239174,0.6217070224694736,0.3574739252202874,0.2,True,False,-2.844500849689701,False,-6.30574140782636
C,2025-02-18,long,0.20475684836639507,0.30252238507126994,0.21455507138712618,0.2,True,True,2.815760826459639,True,-14.510211014462326
C,2025-02-20,short,0.46799937943453146,0.6393822396437657,0.16495180981511604,0.2,True,True,-2.557916871255805,False,13.22842010035542
C,2025-03-20,long,0.09774843309988931,0.4203023408857198,0.5114298504008267,0.3,True,True,-1.5602277639763793,False,-12.211085413794242
C,2025-04-03,short,0.45221200253521077,0.9639077010415114,0.07446659398583505,0.3,True,True,1.026596914586388,False,-0.31721142304643735
C,2025-04-17,long,0.18862681699041867,0.23408088958733053,0.3291255719212657,0.3,True,True,-1.4171074328656288,False,11.604740469866549
C,2025-05-23,short,0.07794757599890718,0.28292478548825944,0.3308134825152889,0.2,True,True,-0.9322627153949111,False,-6.950342419639566
C,2025-06-06,long,0.0668780470084066,0.1582872280872493,0.021503486745586293,0.1,True,False,0.896002710395128,False,1.4055632524005546
C,2025-06-13,short,0.25060521040352013,0.29548495556557874,0.028334653972738266,0.1,True,True,-0.8202928876260176,False,-11.471991333917764
C,2025-06-24,long,0.1066559772567511,0.3150541166237915,0.07132001821467183,0.1,True,True,0.8559963880917641,False,5.730829669321236
C,2025-07-14,short,0.013005523337744343,0.1019818889358513,0.28995832518969694,0.1,True,True,-1.3785329708788734,True,-9.199992758444653
C,2025-07-15,long,0.39170700327916,0.40525756077002956,0.1707589678782405,0.1,True,True,1.4626703544794457,False,4.144606632947312
C,2025-07-31,short,0.890805446185733,0.9391855128367639,0.5368958188179269,0.1,True,True,-1.479962489168232,False,-2.548367426225062
C,2025-08-28,long,0.025508057034928627,0.18114423078575617,0.27109360558665346,0.1,True,True,0.8135363996947403,True,2.706057514917126
C,2025-09-02,short,0.30964394016614155,0.36074027657904484,0.15555912140954006,0.1,True,True,-0.7913831408905413,False,-6.182748611437727
C,2025-09-11,long,0.17455847687955356,0.3707583791041845,0.10378558756842486,0.2,True,True,1.0941949994345364,False,3.3292828883296766
C,2025-09-30,short,0.27169381299373824,0.5374300727686172,0.18297242352518026,0.2,True,True,-2.7878678655583897,False,1.6354602532138496
C,2025-10-27,long,0.5038568854362288,0.7038415413003427,0.03209900909300115,0.2,True,True,0.04347222809789506,False,1.0942827891979867
C,2025-11-17,short,0.5862132437703581,0.6174670651875719,0.1549584936899761,0.2,True,True,-0.49979313596637553,False,-5.092162036710213
C,2025-11-26,long,0.14145791919686776,0.532469382972252,0.24671009668886199,0.2,True,True,0.33428382687092634,False,9.01463543634302
C,2026-01-02,short,0.06512802681931146,0.1853849513142035,0.6484421648996391,0.2,True,True,-3.1557686705847363,True,0.5560269165544085
C,2026-01-05,long,0.43440554615499616,0.4995260549015419,0.4596516197921396,0.2,True,True,3.286291829424123,True,-8.515811799416062
C,2026-01-08,short,0.08511597593331248,0.3680130914127351,-0.0725356041721184,0.2,True,True,-2.987510893888263,False,5.8126105983852705
C,2026-02-06,long,0.6358763230050469,0.7164193896043941,0.1776152496585136,0.3,True,True,0.7582356978892401,False,-9.73184921794955
C,2026-02-12,short,0.386960460875219,1.0369098011741749,-0.013941939100350497,0.2,True,True,-0.6076784925964385,False,0.8636894627348402
C,2026-03-19,long,0.26833015948423855,0.3750188265257527,0.28614343585762536,0.2,True,True,-0.9556092372264015,False,4.915794868262902
C,2026-04-27,short,0.12345421385772645,0.2604341181795204,0.513864773678297,0.2,True,True,-2.009333478045796,False,2.0866348779734922
C,2026-06-01,long,0.12886026157391653,0.3132863612570109,0.06447901522020531,0.2,True,False,0.29797226897728446,False,9.388806102517844
C,2026-06-29,short,0.03504758994342217,0.3142583605345809,0.3497602119049496,0.2,True,True,-1.9311582215828085,False,6.47062577958617
C,2026-08-04,long,0.444993074164559,0.4961045506697282,0.3046373136287738,0.2,True,True,-0.38047382393739443,False,0.5698829598328237
C,2026-08-20,short,0.34087361995955956,0.5939103866856338,0.24867433557306975,0.2,True,True,-0.05065559213423401,False,-6.531966792864208
C,2026-09-03,long,0.3688690560511835,0.5261755427507356,0.09285214071841891,0.1,True,True,-0.041547692509892827,False,-4.611260420828433
CLX,2018-07-10,short,0.1544601788077177,0.3635702603678636,0.20926658762126313,,True,True,-1.3994413156913035,False,2.1512995671811974
CLX,2018-07-31,long,0.04176480039541771,0.5418181647718038,0.3911200225646215,,True,True,0.6246096718272615,False,4.934548680525985
CLX,2018-08-24,short,0.07463307656041822,0.32534252806835484,0.4029460885379214,,True,True,-1.7232100558608558,False,-3.356878463706403
CLX,2018-09-07,long,0.07717901740163015,0.35864346374899353,0.3072637248166914,,True,True,1.381810560648089,False,1.147695043680197
CLX,2018-09-19,short,0.3192106614082142,0.3200149189132903,0.06042700979222473,,True,True,-1.517647786438062,False,2.289958929326452
CLX,2018-10-19,long,0.35711502642567194,0.8356178089073696,0.5481006079576094,0.0,True,True,0.27503884473898504,False,1.720388326379707
CLX,2018-12-04,short,0.21345886886639104,0.4510134297857903,0.13601181294872447,0.0,True,True,-2.699220068321502,False,5.365805546756219
CLX,2019-01-11,long,0.11711252959981752,0.21549497794221853,0.07229160706351338,0.0,True,True,-0.9683226547682996,False,-3.711620806686977
CLX,2019-01-25,short,0.06400848491136243,0.3288633138073827,0.10755990209777666,0.0,True,True,0.7894524425070112,False,-5.396441510780958
CLX,2019-02-04,long,1.332244000462525,1.3334838060539622,0.20667411271679692,0.0,True,True,-0.44482233140167754,False,-1.4964226153516003
CLX,2019-03-05,short,0.04336584997870738,0.2205824614492003,0.10287339492714222,0.0,True,True,-0.715584220760261,False,-0.07018361624699931
CLX,2019-03-13,long,0.1964026461765352,0.20764779707734712,0.1286584620275052,0.0,True,True,0.7191307814505036,False,0.12487227875788154
CLX,2019-03-19,short,0.4358842202544956,0.6553455340807757,0.002346583715481485,0.0,True,True,-0.6187158183696275,False,-0.4908238733513537
CLX,2019-03-28,long,0.21029569237253262,0.3532268442890485,0.24992571160877083,0.0,True,True,0.5459201495006237,True,-3.7071173700651605
CLX,2019-04-01,short,0.1219224746500116,0.36726699067282537,0.06975833693936702,0.0,True,True,-0.4889339140434694,False,2.5797517363216227
CLX,2019-04-25,long,0.33696331652780487,0.43958490700547864,0.3842112090580181,0.1,True,True,-0.457877237002651,False,-5.242118222564917
CLX,2019-05-02,short,0.9850966234918906,1.170748204066734,0.34401685602873133,0.1,True,True,0.5896934398626987,False,0.013436653721299319
CLX,2019-05-22,long,0.6726112457535904,0.7333738954591359,0.1056083183498131,0.1,True,True,-1.1430286788185273,False,5.551108638667768
CLX,2019-06-19,short,0.09545504831472512,0.45457190915185886,0.41746489557749056,0.1,True,True,-0.9180151007883959,False,-2.5281094033508644
CLX,2019-07-05,long,0.008524101706071874,0.19299836175990526,0.2735932825278363,0.1,True,True,0.5033375327633998,False,3.909568187096024
CLX,2019-07-11,short,0.036270045768247855,0.03844665572458449,0.002310072527862303,0.1,True,True,-0.5318363033189466,True,-5.353024624533509
CLX,2019-07-12,long,0.37833662932061246,0.4144329731268906,0.0884269613782017,0.1,True,True,0.7077117198463049,False,5.232218861582427
CLX,2019-08-01,short,0.6025134313464672,1.3693807636657762,0.26041841784936276,0.2,True,True,-1.6229206940741268,False,-1.7996545688463428
CLX,2019-08-19,long,0.12635783561611386,0.4692094510875137,0.22842397741877016,0.2,True,True,0.5031907608945682,True,0.1356558167089128
CLX,2019-08-20,short,0.0422482706227592,0.1753935961676064,0.32796764453978955,0.2,False,True,-0.4415895070175773,False,-3.3840565620899543
CLX,2019-09-03,long,0.3862987535075383,0.6584765891459129,0.15709821380999162,0.2,True,True,0.3014311063854297,False,-4.19462100519763
CLX,2019-09-10,short,0.19143483041698464,0.5010867241301542,0.2648518172880876,0.2,True,True,-0.39031651944281137,False,4.599456037547956
CLX,2019-10-10,long,0.2377612097207516,0.2454979427903759,0.22703203773848055,0.2,True,True,-1.4476578969008387,False,0.006649469486741388
CLX,2019-11-12,short,0.25406227316381713,0.3655184806741029,0.0847673938680239,0.2,True,False,0.7330973258096195,False,-1.946865098065742
CLX,2019-11-20,long,0.024585813803137693,0.1421955640490716,0.006740010107397678,0.2,True,True,-0.719764091792348,True,3.0127078037661015
CLX,2019-11-21,short,0.14006038815928426,0.1647664299157025,0.1058647353847126,0.2,True,True,0.7630888302936621,True,-4.716574284218167
CLX,2019-11-22,long,0.05247124926014529,0.19399730433713622,0.0645859095061382,0.2,False,True,-0.7174102712484587,True,4.43731830932268
CLX,2019-11-25,short,0.011000401236793364,0.0653682756190946,0.023123455323326506,0.2,True,True,0.7318958386759101,True,-4.9432131631414356
CLX,2019-11-26,long,0.6391823372127579,0.6505219832347335,0.00510834039749581,0.3,True,True,-0.566334594650243,False,2.658747843542386
CLX,2020-01-06,short,0.00040729368066912515,0.017573172458523637,0.14788890326844034,0.4,False,True,-0.9402255868488643,False,-3.73607426941156
CLX,2020-01-13,long,0.4937775280060269,0.970769593983499,0.05096198089884547,0.4,True,True,0.9080941302194228,False,0.5833176801063322
CLX,2020-01-29,short,0.3000055141980631,0.8368124710990251,0.43783383185903535,0.4,True,True,-1.3103964741907153,False,-5.81146182047545
CLX,2020-02-04,long,0.7106286454900609,1.6474493921322615,-0.21627513734392054,0.4,True,True,1.3947103908490928,False,0.7456390078734332
CLX,2020-02-19,short,0.01037362479210278,0.3579268821197227,0.45332359272475453,0.4,True,True,-1.8080014622431997,False,-4.659079583182524
CLX,2020-02-26,long,0.037593359841755554,0.16433393605938454,0.14681111478225492,0.4,True,True,1.7383749585813046,True,0.8152868550726611
CLX,2020-02-28,short,2.21482162900227,2.4259455200198334,0.0891253391401451,0.4,True,True,-1.343580665883855,True,-5.237759914121121
CLX,2020-03-04,long,0.622093724509669,1.0973347908276208,-0.08897161144087457,0.4,True,True,1.8010400708694791,False,10.682793919243583
CLX,2020-03-12,short,2.9237755761861663,3.315422391417197,0.4386676714351549,0.3,True,True,-1.3846223105692113,True,-9.080031204093775
CLX,2020-03-17,long,3.802801749255983,5.071647918024582,-0.31113637425336066,0.3,True,True,2.84448426052861,False,-12.446936462068559
CLX,2020-03-24,short,1.6016760833667962,1.89776239449852,1.2691842828934916,0.3,True,True,-2.0659569777184283,False,-7.8303101669231046
CLX,2020-04-06,long,0.06044314551541144,0.597312961062816,0.4533748279788603,0.3,True,True,1.4800258663576977,False,5.75957951303363
CLX,2020-04-27,short,0.3307486029465839,0.45673587184970776,0.4180611191391526,0.3,True,True,-3.1783160372911023,False,-8.865342132794861
CLX,2020-05-05,long,0.7476833653902841,0.8850532290952946,0.4164381136199845,0.3,True,True,3.3017456443867275,False,-0.8649717450280647
CLX,2020-05-19,short,0.20263312698072738,0.6046591513024784,0.23597833878630406,0.3,True,True,-3.487287033378294,False,-2.1069027116855876
CLX,2020-06-16,long,0.046368407897780746,0.24969227596106472,0.2123518853998815,0.3,True,True,1.7241629740624687,False,5.097466581785914
CLX,2020-07-20,short,0.2564334051758477,0.2617109140316743,0.34379489972745203,0.2,True,True,-3.6817043186797176,False,-2.3485929407098594
CLX,2020-07-31,long,0.16452585555825408,0.6265326043653813,0.1864795602125886,0.1,True,True,3.2803997968425507,True,-5.1837061563604685
CLX,2020-08-03,short,0.004917701460961597,0.1740601758713971,0.2634990315717341,0.1,False,False,-3.2109791168864406,True,2.2331204657635717
CLX,2020-08-04,long,0.46370097144768924,0.46877685230657545,0.2242536211026838,0.1,True,True,3.4775083715185278,False,-4.0253963404804916
CLX,2020-08-10,short,0.19455221313338553,0.6799322759393179,0.016865652093227282,0.2,True,True,-3.4240912795901712,False,4.383791742966425
CLX,2020-09-24,long,0.294649183076563,0.41665072239645184,0.38550525252756335,0.2,True,True,-1.070590786369779,False,-0.3883980142451837
CLX,2020-10-22,short,0.24565390533436973,0.2631268035616208,0.3884754398584556,0.2,True,True,0.22464708049356508,False,-2.0594641356056265
CLX,2020-11-03,long,0.1852300400786389,0.20403867239525256,0.07279120593757792,0.2,True,True,-0.21603877036918,False,-1.4840859739862489
CLX,2020-11-09,short,0.9462679770362521,2.10060823940483,-0.3146789728599579,0.2,True,True,0.3779578722362032,False,-3.79660256003036
CLX,2020-11-17,long,0.0572271902854371,0.47117152132913,0.5364322209939693,0.2,True,True,-0.48057393259399983,True,-3.5342024157043794
CLX,2020-11-18,short,0.09389249474222354,0.15268929131174044,0.4384941478435252,0.2,False,False,0.5128732005939077,False,1.8294675414791794
CLX,2020-12-08,long,0.3296657312397336,0.4164264537375947,-0.027923820518161006,0.3,True,True,-0.7654962485127129,False,-0.7344227658741764
CLX,2021-01-05,short,0.052392965314693,0.28418912470059005,0.23237228999105844,0.2,True,True,0.6504822212314824,False,1.5399197638628737
CLX,2021-01-21,long,0.30399392699833827,0.3622294137761653,0.5353584764305931,0.1,True,True,-1.6415525234457289,False,-2.3077398823516893
CLX,2021-02-04,short,1.0959662585481933,2.1766164989361343,0.918577362905729,0.1,True,True,-0.7168109069329011,False,2.4001913651288898
CLX,2021-03-08,long,0.5959352210246917,0.6089513982147046,0.243500684430824,0.1,True,True,-2.1298088533548576,False,0.8947713582168282
CLX,2021-04-12,short,0.057042867691355234,0.16442046191875936,0.18787375147965132,0.1,True,True,-0.5163756199587789,False,0.9676764021087414
CLX,2021-04-20,long,0.010770655992144064,0.37625228304117847,0.04099973443351347,0.1,True,True,0.3185389852270643,False,-6.103764322911398
CLX,2021-04-26,short,0.29254131928107807,0.3696161650290265,-0.021385181871290324,0.1,True,True,-0.26692861964931336,False,-0.09050459013320022
CLX,2021-06-03,long,0.03389790099514726,0.3560068635508152,0.1551862733098565,0.1,True,True,-1.1645781167735518,False,-1.8296964376351643
CLX,2021-06-14,short,0.021505466005598477,0.25811687197777533,0.032348014051637876,0.0,True,True,1.082393625491817,True,-3.0132638489755337
CLX,2021-06-17,long,0.09359262362833665,0.33621884553565506,0.006751138280690876,0.0,False,False,-1.078511581953288,True,1.9378995409018884
CLX,2021-06-18,short,0.10406119400968221,0.19986436560858145,-0.023781959417570605,0.1,True,False,1.121729077179006,True,-3.647825934216997
CLX,2021-06-22,long,0.17090613930227405,0.3454230452655708,0.0249032030989247,0.1,True,True,-1.122623627872947,False,6.180550182312805
CLX,2021-07-30,short,0.21519963173836928,0.42741710313270515,0.18672105804128417,0.3,True,True,-0.8201425365822724,False,6.877109060320519
CLX,2021-08-18,long,0.08553821568617047,0.1676253494353283,0.6648344293071466,0.3,True,True,-1.7015265334349627,False,1.4010807065724773
CLX,2021-08-26,short,0.03501487474243769,0.13041377085148267,0.18235634478996682,0.3,True,True,1.5764161526178773,True,-2.836386333330987
CLX,2021-08-30,long,0.1047290765088303,0.19743887300845583,0.09511866344229522,0.3,False,False,-1.5443149374623935,False,3.23659119108628
CLX,2021-09-20,short,0.23015956855550354,0.35579368966786246,0.3759210776836776,0.4,True,True,0.6598188783469677,False,0.6371973340259629
CLX,2021-09-29,long,0.2923750432632912,0.43612268439520563,0.2898167089454381,0.4,True,True,-0.8105318448544625,False,-4.389956675183326
CLX,2021-10-05,short,0.15270306881397153,0.1961319318760068,0.0837965326964122,0.4,True,True,0.9498590320467899,True,2.23216952166837
CLX,2021-10-06,long,0.03395667344693056,0.18777555793203754,0.04981210700625304,0.4,False,False,-0.8731637248091174,True,-2.5004828951596614
CLX,2021-10-11,short,0.10787132357517602,0.180824480490693,0.027068250096875652,0.4,True,True,0.9191014495113417,False,0.339089800255965
CLX,2021-10-15,long,0.008034591033332528,0.15597957806340113,-0.005232360853993955,0.3,True,True,-0.9360580835658185,True,0.580910125958578
CLX,2021-10-18,short,0.2593492975300238,0.26827639237966366,0.04679164941912865,0.3,True,True,1.0361621393164717,False,-2.504430341817443
CLX,2021-10-25,long,0.059707633133397484,0.37635772891774943,0.21509705162363954,0.4,True,True,-1.0964814008221602,False,2.3616294959948547
CLX,2021-11-30,short,0.5167444368299078,1.6228009447627318,-0.10473397192058548,0.4,True,True,-0.7861109809795153,False,-6.0300866706720635
CLX,2021-12-13,long,0.3605215104763056,0.9180089513970972,0.173803874900125,0.3,True,True,0.644315575707041,False,-0.08717668437695503
CLX,2021-12-23,short,0.43113069053581715,0.7078834540505881,0.5881919340184476,0.3,True,True,-1.026711743155614,False,-5.929471416833665
CLX,2022-01-04,long,0.24111867671192716,0.2688009130899361,0.2639069554697131,0.3,True,True,1.0567111612115274,False,3.15506344508254
CLX,2022-01-20,short,0.3649427507305206,1.2462792370934894,0.25498472565195457,0.3,True,True,-1.7274196129966692,False,5.426159467248715
CLX,2022-02-22,long,0.26275420265228216,0.44712194675189426,0.5943718036851715,0.2,True,True,-2.304372635499948,False,-6.774420515700131
CLX,2022-03-10,short,0.1710937431928005,0.37110049933624634,0.20979676004891193,0.1,True,True,1.5845677042735422,False,-0.4870705364336425
CLX,2022-03-21,long,0.20748407559388826,0.22992030678537342,0.24197209531620031,0.1,True,True,-1.566147055030143,False,8.305931962411627
CLX,2022-04-29,short,0.005165369281919628,0.4511797778680795,0.17946552469576024,0.0,True,True,-0.4533736987910593,True,-10.32270774072317
CLX,2022-05-04,long,0.01484980659454982,0.22315352978840694,0.08275012981665243,0.0,True,True,0.42630067804344296,False,-2.5396304886541654
CLX,2022-05-18,short,0.33099210010733404,1.04298269182264,0.11109346490251888,0.1,True,True,-0.7149099409087813,False,3.0926409676756528
CLX,2022-06-23,long,0.6507412140274358,1.1037028463678467,0.46538733751310063,0.1,True,True,-1.1636476957319786,False,0.8921465763678915
CLX,2022-07-27,short,0.21616391264674484,0.28039943546679075,0.13806355792936317,0.1,True,True,-0.6495780383964134,False,-1.9749834314824133
CLX,2022-08-15,long,0.23037266673401247,0.2552080751751336,0.16617567000551306,0.1,True,True,0.4222023758954883,False,-2.492800949731133
CLX,2022-08-26,short,0.24990919052024066,0.32264645841530654,0.1276606465607254,0.1,True,True,-0.5283401550338747,False,-2.3008584005753008
CLX,2022-09-12,long,0.032525265587922805,0.21834215047787214,0.285860688764754,0.1,True,True,0.19110650213916497,True,-5.423479667356402
CLX,2022-09-13,short,0.23526684488537866,0.2697320161634643,0.2428333662038736,0.1,False,False,-0.1006038255112318,False,5.847237367705871
CLX,2022-10-14,long,0.19335314803348438,0.5406049335368386,0.5354214411848909,0.2,True,True,-1.5355921277656173,False,13.803413462747848
CLX,2022-12-05,short,0.043456214969892555,0.1632464075770126,0.039095210202648494,0.2,True,True,-1.2758725925656156,False,2.8251332749160585
CLX,2023-01-13,long,0.35854502936411353,0.6377167847928839,0.05552227952662447,0.1,True,True,-0.3033174561147861,False,-1.9000082515780892
CLX,2023-01-20,short,0.013666593142547952,0.04490520964641674,0.12355530391883265,0.1,True,True,0.2899395055587552,True,-9.469003753901028
CLX,2023-01-23,long,0.020316244914591757,0.03433322181257589,0.3869803659425571,0.1,False,True,-0.28248964822282335,True,7.68635997108944
CLX,2023-01-24,short,0.06155772564360481,0.08210212014715271,0.2780584182370026,0.1,True,True,0.30124456714233927,True,-7.596814715035971
CLX,2023-01-26,long,0.09969992561725459,0.11450702139612151,-0.00011574418391585567,0.2,False,False,-0.2667268207079909,True,5.786568819898585
CLX,2023-01-27,short,0.05421083290980503,0.15423372631321244,-0.026332278658116277,0.3,True,False,0.29801523194035134,True,-7.12455483815464
CLX,2023-01-30,long,0.14771289443684693,0.20224748326732123,0.0029475361281936395,0.4,True,True,-0.25346184343444156,False,7.555430453612444
CLX,2023-03-03,short,0.0003133739831636322,0.10213213535043579,0.05691917667038886,0.5,False,True,-1.3827488851674723,False,1.1807685543851587
CLX,2023-03-21,long,0.2584952288868119,0.26582889467579246,0.23870560058930337,0.5,True,True,1.077254761020996,True,-0.5295474419814705
CLX,2023-03-23,short,0.11593784803927275,0.16976496895823723,0.12052967779271165,0.5,False,False,-0.9620853453027454,True,-2.0373810402612547
CLX,2023-03-24,long,0.21873290344789226,0.3354786918365793,-0.0364046461884413,0.5,True,False,1.078790299680239,False,0.2793626262733273
CLX,2023-03-30,short,0.3819912584570636,0.4032519889510966,0.06818789927679426,0.7,True,True,-0.944445489138202,False,-2.4540273972356363
CLX,2023-04-10,long,0.007641004738152287,0.06421917448928921,0.002232705242066031,0.6,True,True,1.0272102806864836,True,4.609352940089839
CLX,2023-04-12,short,0.017986550090119482,0.22776263193713922,-0.01763047273681148,0.6,False,False,-1.0366095085654017,True,-4.697377902525246
CLX,2023-04-13,long,0.09432865252334714,0.11253330398717053,0.013007610952502685,0.6,True,False,1.0779362479011532,True,5.306996507045447
CLX,2023-04-17,short,0.09915440575333592,0.10597445675906546,0.07055614698747428,0.6,False,False,-1.0203459377704198,True,-6.438683915090038
CLX,2023-04-18,long,0.2225704483480439,0.326752988410672,-0.028166330519408533,0.6,True,False,1.1306108211100778,False,5.256666503271323
CLX,2023-05-10,short,0.08799886671898799,0.49811620838323317,0.9016132089074224,0.6,True,True,-2.4549498332694037,False,5.2690994496097705
CLX,2023-06-22,long,0.040212881925674675,0.2391787345094691,0.2230895630080177,0.6,True,True,-1.1025184821043459,False,0.7332201209365286
CLX,2023-07-12,short,0.1177941016247339,0.1957518668212948,0.3353315087025605,0.5,True,True,0.41155100799010597,False,1.0686098991684156
CLX,2023-07-24,long,0.003424509108828961,0.09959866252717962,0.15948958488017087,0.4,True,True,-0.5879364761625605,True,5.529784666543902
CLX,2023-07-25,short,0.16370438106831714,0.16713053610310105,0.14573277034222873,0.4,True,True,0.6535679764625746,False,-6.716359884463108
CLX,2023-08-03,long,1.5438689174196651,1.8207421091441027,0.0017280899398198542,0.5,True,True,-0.19052758368823713,False,-6.514055837255251
CLX,2023-08-17,short,0.5999377693422137,0.8386043117734969,0.6592734190371127,0.4,True,True,-0.4184702781054486,False,-1.4788831061963048
CLX,2023-08-30,long,0.1406637346009683,0.3778499361946248,0.5183026083121728,0.3,True,True,-0.15531937705442592,True,-4.845291932835716
CLX,2023-09-05,short,0.08676385547354745,0.29949130033505245,0.007985620418557838,0.3,True,True,0.18795469158651001,False,9.787564088965507
CLX,2023-10-16,long,0.22712974050073112,0.4596810580226694,0.08989567102137083,0.2,True,True,-2.6951740013777936,False,-5.803566139243843
CLX,2023-12-06,short,0.003660730773405692,0.16724629183126694,0.19117184539687243,0.2,True,True,-1.1404290129936627,False,1.2917548069286688
CLX,2024-01-26,long,0.17715861750620623,0.2207048212307376,0.06098882618418591,0.2,True,True,0.25049068573948075,False,5.888883545791157
CLX,2024-02-16,short,0.48351573783933144,0.553652799359357,0.48589372449932094,0.2,True,False,-0.7696651532829649,False,0.07283921635817814
CLX,2024-03-12,long,0.35563544283245463,0.44147734800826216,0.5201347987411642,0.2,True,True,0.6583339544529977,True,-4.521425853145056
CLX,2024-03-14,short,0.2213789906091286,0.7465172720114427,-0.016091769190561607,0.2,True,True,-0.6220643581347516,False,-0.9560990485105725
CLX,2024-04-22,long,0.016741106181078536,0.5179613199062153,0.34655060765269374,0.2,True,True,-1.1751465173161104,False,-3.2374562198065893
CLX,2024-05-02,short,0.1171124075985233,0.7382900913360855,0.31178251988404454,0.2,True,True,0.5910553164407837,False,1.933134035136952
CLX,2024-05-10,long,0.017629793150810445,0.45269534618480267,0.18121709088915813,0.2,True,True,-0.8203129609958704,True,-8.245558881701786
CLX,2024-05-14,short,0.28080530560240674,0.3324672472503506,0.2247529615558782,0.2,True,True,0.9200706281002605,False,7.463023739759578
CLX,2024-06-05,long,0.2586641298949342,0.32118200404043434,0.522119668825372,0.2,True,True,-1.5435586620288413,False,2.9581537060496155
CLX,2024-07-05,short,0.12422832929406885,0.13345336433916674,0.36774075650487636,0.2,True,True,0.21633194066599462,False,-1.4412459985718495
CLX,2024-07-11,long,0.05998012640593003,0.2278822045598776,-0.009852428782295706,0.2,True,True,-0.24452019881831316,False,-1.105010958089192
CLX,2024-07-23,short,0.2311461646723797,0.3708612660981569,0.2223352072059423,0.2,True,True,0.11012468230522185,False,-8.04916973286527
CLX,2024-08-02,long,1.4141921316446153,1.7168994715635055,-0.03756442663801092,0.2,True,True,0.32861090789970865,False,1.7736164889194717
CLX,2024-09-16,short,0.10352597568164036,0.2697799118971395,0.3779989038585995,0.1,True,True,-2.097554070439308,False,1.8318856927544647
CLX,2024-11-01,long,0.012664162690467785,0.5614048154375303,0.06162713332782559,0.1,True,True,-0.04115155004375846,False,2.7772608675064703
CLX,2024-11-27,short,0.03839633756446332,0.1832331791242835,0.2342342305071203,0.1,True,True,-0.910719778951553,False,1.4956502766721447
CLX,2025-01-21,long,0.13340006033771878,0.1938336542063997,0.3167149815621194,0.1,True,True,-0.5731934374174824,False,-6.64891673449215
CLX,2025-02-04,short,1.1346241513816304,1.993576716962528,-0.09588851884564348,0.0,True,True,0.697563425260293,False,-1.9431715935921856
CLX,2025-02-20,long,0.7005354777304812,0.726829140451005,0.34398425519012155,0.0,True,True,-1.4801010944680866,False,-3.0704914259714333
CLX,2025-03-06,short,0.15881319843199704,0.5871586051106534,0.49468404473840244,0.0,True,True,0.6876098198374587,False,2.0421975709866036
CLX,2025-03-28,long,0.11801934037308419,0.48151357606717027,0.14488369826272288,0.0,True,True,-1.394496434017958,False,-3.308697481394074
CLX,2025-04-07,short,0.13416811121063285,0.9536290091534366,0.03145370547576118,0.0,True,True,1.1130625941842118,False,-2.2534225198856284
CLX,2025-04-22,long,0.2516003775473075,0.6040445425951825,0.030168369096994004,0.0,True,True,-1.6416465980177255,False,-4.090625474040143
CLX,2025-05-09,short,0.26888644339895956,0.445898891618389,0.28868194019540633,0.0,True,True,1.8881291322523837,True,2.8791826127430697
CLX,2025-05-12,long,0.13978761813530063,0.4241022412384271,-0.01448569931119872,0.0,False,False,-1.7709546772996438,True,-5.577290357320141
CLX,2025-05-14,short,0.5211505270378697,0.6246988861675412,0.03332252521192026,0.0,True,True,2.148406757586078,False,1.8139669731049968
CLX,2025-05-20,long,0.04633071106111256,0.19458110013493332,0.12920671335893483,0.2,True,True,-2.130166760616803,True,-4.324415930534197
CLX,2025-05-21,short,0.6045961160485868,0.6514360505073019,0.15525221591605465,0.2,True,True,2.4654411349022265,False,3.4655250162282547
CLX,2025-07-01,long,0.9491520748237903,1.5011657615878684,0.20471384333854858,0.3,True,True,-3.9235017695665158,False,2.719767720650479
CLX,2025-07-31,short,0.33005439181992896,0.3983664284235423,0.5581139683738846,0.3,True,True,-0.3337771399969939,False,2.182223780341652
CLX,2025-09-03,long,0.4159617587872188,0.6106982954134502,0.138284519212434,0.3,True,True,-1.0127776710355425,False,2.0258816931918666
CLX,2025-09-22,short,0.3910976473028469,0.5357948837664982,0.20721496332794026,0.3,True,True,-0.04379565254116427,False,1.0506041031851043
CLX,2025-09-30,long,0.03668559412812368,0.054415813092666375,0.17123966805278285,0.3,True,True,0.06758613036014272,True,-3.219797508001021
CLX,2025-10-01,short,0.03279195852393739,0.07091422008268988,0.1249794125121017,0.3,True,True,-0.0441766715749408,False,3.5213499843658957
CLX,2025-11-24,long,0.5959714523154281,1.106982820993063,0.42511066903708145,0.3,True,True,-2.6914860008050723,False,-4.012881956286307
CLX,2025-12-18,short,0.1721084956391622,0.22712099534200436,0.15964987994803187,0.2,True,True,1.548347330745376,False,-1.90159835938164
CLX,2025-12-30,long,0.4042684730794809,0.4512213252011135,0.20672111589130765,0.2,True,True,-1.5721530876115084,False,10.51483428459623
CLX,2026-02-26,short,0.009590024441262382,0.09242435865767279,0.010922069815086389,0.1,False,True,-1.6711202706257091,False,14.311608039507673
CLX,2026-04-07,long,0.060827101010650086,0.1210657615621392,0.2229618333132267,0.1,True,True,-1.1551613125130293,False,-3.3287998956272657
CLX,2026-04-22,short,0.11611255808901065,0.26228986604211957,0.09383785788843699,0.1,True,True,0.8910236962231232,False,7.062468151630186
CLX,2026-05-13,long,0.20545079491698304,0.3251882570915531,0.15639239994678739,0.1,True,True,-1.191392029781098,False,4.565212667539131
CLX,2026-06-03,short,0.20044484791089429,0.35421678556063624,0.6588236652761658,0.1,True,True,0.5105247516731559,True,-7.274374442612852
CLX,2026-06-05,long,0.30493910996987633,0.5862009634610292,0.10159032625089279,0.1,True,True,-0.42373599189241035,False,-3.760357160836325
CLX,2026-06-22,short,0.10108223925694343,0.8292348620172384,0.2569446269180677,0.1,True,True,-0.04652735558542987,False,-7.516563515904795
CLX,2026-06-26,long,0.30939713439018174,0.3784857632696728,0.013114134400801655,0.1,True,True,0.1031023859863106,False,-2.552794213687548
CLX,2026-07-08,short,0.01816867807685789,0.500887193942841,-0.04711289726149437,0.1,True,True,-0.16502064001241268,False,-1.9699698426115075
CLX,2026-07-16,long,0.3208896354643104,0.4351386022507585,0.04722453690791626,0.1,True,True,0.19844936463215318,True,-2.0058698621503335
CLX,2026-07-21,short,0.015695564585200942,0.17198959154829763,-0.009586462690562124,0.1,True,True,-0.16595107275545512,False,-9.384470193467198
CLX,2026-07-28,long,0.6195346621606719,0.7031332103727259,0.012409592897803351,0.2,True,True,0.314202517447163,False,7.904699635447554
CLX,2026-08-25,short,0.5900977235640003,0.6455215056514592,0.3242707922088264,0.2,True,False,-1.2229527837058796,False,14.590677131484354
COST,2018-06-29,short,0.18645762092958698,0.4656386844123661,0.5186504411629046,,True,True,-1.9474894093123392,False,-2.808872978391408
COST,2018-07-13,long,0.8494706855984521,0.9311276517607481,0.35164620836901345,,True,True,1.9868477205336743,False,1.4362655117091672
COST,2018-07-31,short,0.2362499429562168,0.5803605568287284,0.31365473849099723,,True,True,-2.2118354143295536,False,-1.5043104407070018
COST,2018-08-07,long,0.1685764335566131,0.3129285050595871,0.29207630032000725,,True,True,2.2236433594970357,True,2.090584709318599
COST,2018-08-09,short,0.8989690207566845,1.3056526236611343,0.00031948548162261245,,True,True,-2.0299374726532697,False,-5.164049080271038
COST,2018-08-20,long,0.31568624538453316,0.7135690787077319,0.36604352625490555,0.2,True,True,2.27920691279186,False,3.480306788107379
COST,2018-09-17,short,1.6637345112325146,1.8491421609432823,0.9739113040419569,0.16666666666666666,True,True,-4.418673732501642,False,-1.1422171109199075
COST,2018-10-19,long,0.23222309154799625,0.32954471663012547,0.4526409855882706,0.14285714285714285,True,True,-0.6972342879724723,False,0.213317583802497
COST,2018-10-26,short,0.6292592757017766,0.7011266045086028,0.11033811991955166,0.125,True,True,0.9280152174571709,True,-9.219068887644077
COST,2018-10-31,long,0.2598527235682367,0.40374346231583885,-0.02418382256303823,0.125,True,True,-0.6051933243106693,False,2.2895182888788224
COST,2018-11-16,short,0.07251856851068737,0.28005773106581633,0.42607982440833975,0.2,True,True,-0.6641218771571927,False,-0.45885811369388296
COST,2018-11-30,long,0.1948832619230571,0.4214679185024487,0.5859429748414897,0.2,True,True,-0.281221378470772,False,-12.560522428659993
COST,2018-12-10,short,0.21293455753474838,0.45533465584793686,0.1074859728613962,0.2,True,True,0.28818797081938474,False,14.672599683455534
COST,2019-01-02,long,0.025298417091039447,0.5773725922350293,0.7157469867297107,0.2,True,True,-2.027969858915289,False,2.64699394967145
COST,2019-02-08,short,0.041571164867954924,0.1729506872898527,0.08162196197365987,0.1,True,True,0.0517704956328475,True,-4.476553816868978
COST,2019-02-12,long,0.05715697422250859,0.15420029131712945,0.06555431278044477,0.1,True,True,-0.017071062294608814,False,2.9023138966693063
COST,2019-04-02,short,0.01797177292706028,0.4025991641580171,0.011059182431887457,0.2,True,True,-1.5630979435151544,False,-2.0124490998157496
COST,2019-05-17,long,0.2073642131650023,0.32304062832220504,0.2109944997137377,0.2,True,True,0.39951145326476567,False,-2.9313431277535495
COST,2019-05-28,short,0.003912912250434644,0.3462911123520256,0.13997328169921722,0.2,True,True,-0.6156285986147512,False,-4.384707682394895
COST,2019-06-06,long,0.25728138606538803,0.8878552418135689,0.4393825175518471,0.1,True,True,0.38607787260735027,False,6.4248685146476525
COST,2019-07-01,short,0.28942821913760275,0.3684255147119914,0.3855112580500504,0.1,True,True,-2.327363992754923,False,-6.488312437348309
COST,2019-07-11,long,0.48348984010891827,0.49606600738937884,0.065659298813352,0.1,True,True,2.7336384626048695,False,1.1788410037138153
COST,2019-07-24,short,0.15265826619901687,0.2941157111182569,0.4155170381419645,0.1,True,True,-3.0742871096180764,False,2.3252390970205816
COST,2019-08-22,long,0.22895707206617102,0.49969278136952205,0.22701240963693614,0.1,True,True,0.40362045802847013,False,8.756711394358629
COST,2019-09-12,short,0.1277730883263539,0.6659442996532603,0.5592196387185429,0.1,True,True,-2.564825026211704,False,0.5623016792437152
COST,2019-10-08,long,0.02242851505456414,0.11838744068712306,0.316354702815903,0.0,True,True,0.5152401187105923,False,2.7681516314030263
COST,2019-10-24,short,0.07861970309937891,0.2939253935154224,0.2580850746906678,0.0,True,True,-1.415458361144409,False,-2.9702008291057957
COST,2019-11-07,long,0.2281196868501965,0.40391257446547985,0.14176481279940864,0.0,True,True,1.135908365015812,False,-1.6185528087675816
COST,2019-11-20,short,0.35099796740902917,0.37246581349813707,0.08929306635828745,0.0,True,True,-1.0600107292248775,False,2.4853073848572826
COST,2019-12-26,long,0.13565155151150554,0.3641346123835154,0.20281786416922643,0.0,True,True,-0.5505423215424253,False,0.5106181132025878
COST,2020-01-02,short,0.08440192287563232,0.404411836954182,-0.05467600904708331,0.0,True,True,0.5398765646421863,False,-3.958952494755419
COST,2020-01-08,long,0.1143305786364579,0.5368330469804962,-0.11167193735641723,0.0,True,True,-0.5298463204239166,False,6.17256603691585
COST,2020-02-03,short,0.6128160799059493,0.8366964989676406,0.5299777224405897,0.0,True,True,-1.530850603582592,False,-6.863929814690706
COST,2020-02-07,long,0.1562462834527219,0.4813966508619249,0.09882372921279858,0.0,True,True,1.7995882143584194,False,-0.003178902329292743
COST,2020-02-25,short,1.4332841041909128,1.688669320521637,0.4637887968215584,0.0,True,True,-1.7673646525593607,False,-1.4858423738712379
COST,2020-03-19,long,0.01660983109088682,0.42734385347068693,0.4431981833830633,0.0,True,True,-0.9240649622376432,True,-4.501687231137785
COST,2020-03-20,short,0.5831156026669256,0.5995458954537118,0.7876172628037016,0.0,False,False,1.268128143931255,False,0.6094532062878799
COST,2020-04-03,long,0.09870458062801986,0.18067103093550121,0.24783700151097698,0.1,True,True,-1.627454811009916,False,8.117110262986603
COST,2020-04-28,short,0.0135743550408865,0.3005765008981227,0.2003088410715593,0.1,True,True,-0.8966513716854793,False,-0.19226828079133007
COST,2020-05-28,long,0.2830538465412886,0.3532917549666316,0.1421998928224228,0.1,True,True,0.1634213177106708,False,-2.8201184089145848
COST,2020-06-11,short,0.5097818015648011,0.5353152399418103,0.2334887250154981,0.1,True,True,-0.1523744595368129,False,0.09974187393332334
COST,2020-06-30,long,0.15686670189569282,0.5485122783360689,0.20045973407263237,0.1,True,True,-0.4479537479203504,False,7.747093045657638
COST,2020-07-28,short,0.06903383901479379,0.1820558091977471,0.33294760738181906,0.1,True,False,-1.8038001790242704,False,-1.701948745477977
COST,2020-08-04,long,0.28809034504264897,0.8532670938224479,-0.0727683004925984,0.1,True,True,1.6969370751623143,False,0.28253200908665566
COST,2020-08-12,short,0.05996127689963926,0.24710712973837307,0.3254825833371194,0.1,True,True,-1.8211657263913557,False,-2.23006083269901
COST,2020-08-28,long,0.04420341702482485,0.13822981174302423,-0.0010797443388482779,0.1,True,False,2.0369792317235538,False,-1.5644358486932797
COST,2020-09-04,short,0.23988093001680724,0.5813773269025388,-0.11041014825030356,0.0,True,True,-2.020119279196925,False,2.019774772839611
COST,2020-09-28,long,0.032020767678046846,0.6889541961369973,0.3694325108722418,0.0,True,True,0.5430808241002258,False,7.682612832043478
COST,2020-10-23,short,0.20006758881433953,0.49266505138098116,0.4340474889408732,0.0,True,True,-2.6074784272308147,False,-3.150359506185052
COST,2020-11-06,long,0.3734504831870903,0.5447996733310151,0.6696284862473347,0.0,True,True,1.7802534684092703,True,-1.1772219627072533
COST,2020-11-09,short,0.41776707008268305,0.7883139596865947,0.42157195255090646,0.0,False,False,-1.4262728258923116,False,-4.578073523621429
COST,2020-11-17,long,0.16533098554622452,0.21858416404065134,0.23311947358840054,0.1,True,True,1.6710659309155913,False,3.043897216274094
COST,2020-12-04,short,0.2752282593164244,0.5673242503255946,0.14864165979523836,0.1,True,True,-2.478866670468621,False,1.7218461694349152
COST,2020-12-31,long,0.3923902471862571,0.499850345997546,0.615255268406219,0.1,True,True,0.12498773175999882,False,-3.8802344568231506
COST,2021-01-07,short,0.004723740525162512,0.4482508998280637,-0.017441439096860377,0.1,True,True,-0.1847421508152699,False,1.5274940923928004
COST,2021-02-08,long,0.28088917428952603,0.5193678152316895,0.26124435759512493,0.1,True,True,-0.8916957009650548,False,-4.91342711145667
COST,2021-02-23,short,0.6920469407584613,0.8674310278893053,0.11604002082679572,0.1,True,True,0.8690863838793662,False,6.830342930348287
COST,2021-03-12,long,0.37823105579334204,0.9581840398270295,0.8720401913710256,0.1,True,True,-1.8164412561776917,False,6.305497926931758
COST,2021-04-27,short,0.14145680827049664,0.15130860420860395,0.18426705642380245,0.1,True,True,-1.413127950163862,False,-2.371675368975512
COST,2021-05-07,long,0.14559569651530233,0.17364129266623987,0.016332911970032022,0.1,True,True,1.3543030998368164,True,-0.9367039598767279
COST,2021-05-11,short,0.06321316681333998,0.1827353729406237,0.05438814905982477,0.1,True,True,-1.2659135260652896,False,-1.9038490741167369
COST,2021-06-22,long,0.36575101223770873,0.80392114657317,0.23177868454381415,0.1,True,True,0.4254499745552055,False,3.1873086804472983
COST,2021-08-24,short,0.37468702879489,0.5921027388133718,-0.01047097456165051,0.1,True,True,-4.008722480690096,False,-3.078842865603537
COST,2021-10-18,long,0.5663326491542189,0.7906577774317197,0.19279546666252076,0.1,True,True,0.029822271241926906,False,6.649154051895678
COST,2021-12-01,short,0.45458854209243954,0.7732525840329212,0.23833877445192966,0.1,True,True,-3.0929170441276628,False,-6.72657554807925
COST,2021-12-15,long,0.16763193238151627,0.5580302402520572,0.46504570201819806,0.1,True,True,2.3259628006142465,True,-0.2776822289627612
COST,2021-12-17,short,0.25765822567298186,0.30260047737952095,0.08966399836805482,0.1,True,True,-2.1397417322464225,False,-3.4878696375287177
COST,2021-12-29,long,0.14645247549341625,0.22494131473308882,0.2213575145451871,0.2,True,True,2.0141766853508956,False,-7.392056885314746
COST,2022-01-04,short,0.08687409031402861,0.1882061497978058,0.0199156559224938,0.2,True,True,-1.9570342147520863,False,13.127616588624857
COST,2022-02-01,long,0.405444333537524,0.605475969135625,0.5676276720822776,0.2,True,True,-1.3458092660440795,False,1.2369533652190068
COST,2022-02-23,short,0.18747878817186828,0.3328719823883214,0.14355758386569856,0.1,True,True,0.29571287654604467,True,-6.540000602811635
COST,2022-02-25,long,0.12050359805235489,0.2832747333012532,0.09358976924867453,0.1,False,True,-0.20089247521319523,False,1.9188803203338711
COST,2022-04-14,short,0.088310510422212,0.16132113747417035,0.3970002668588701,0.2,True,True,-1.517217275153337,False,9.790994261672815
COST,2022-05-27,long,0.2468731395856776,0.6580095569414651,0.5570323147045465,0.2,True,True,-2.036025044805167,False,-3.9319208233344893
COST,2022-08-09,short,0.20592576770415522,0.25291338396910706,0.17475055156944264,0.2,True,True,-0.9030539556011911,False,-1.1664646227730335
COST,2022-08-18,long,0.0699999497464777,0.19586839332452638,0.19298818537644138,0.2,True,True,0.8282486612564081,True,-5.667068158425859
COST,2022-08-22,short,0.28225388359296993,0.29422392326931185,0.11324668835109862,0.2,True,True,-0.7506304510475859,False,4.87099971845526
COST,2022-10-06,long,0.1399132280049788,0.24348434561497226,0.32263705579327323,0.2,True,False,-0.8846079210681888,True,-3.703714510017586
COST,2022-10-07,short,0.05333301410276239,0.19481498398173278,0.22225644902752573,0.2,False,False,0.9260421757828311,False,-2.14244689159786
COST,2022-10-13,long,0.029380250488536448,0.08959855792592841,-0.0010983994015031466,0.3,False,False,-0.9784149375250316,True,6.292081429139951
COST,2022-10-14,short,0.2529693854314005,0.28257640196583844,0.05283553431526209,0.3,True,True,1.0672942568673505,True,-12.568393649041276
COST,2022-10-18,long,0.34067751329283236,0.4269896174672997,-0.00855875367995673,0.3,True,True,-1.0099608937667548,False,5.830177103772782
COST,2022-12-01,short,0.37783458876955966,0.9646996883048898,0.16163486786941167,0.4,True,True,-0.9245496843693751,False,7.928781050536548
COST,2023-01-06,long,0.6121151928428877,0.670542516683443,0.0866601756510098,0.4,True,True,-1.0414118244729635,False,2.017114756756966
COST,2023-02-10,short,0.19669724958820944,0.26396435222002235,0.31038569267082466,0.4,True,True,-0.8851017908616748,False,2.5920535252109134
COST,2023-03-16,long,0.014827878833326376,0.26415526300874476,0.19866438534496808,0.4,True,True,-0.5393364633840435,False,0.8660524176225204
COST,2023-05-01,short,0.2568745518989091,0.46070228412197123,0.23550018983044832,0.3,True,True,-0.39059698998168624,False,-1.924101187221261
COST,2023-05-11,long,0.11571689418797557,0.19780784226067075,0.24483244090227177,0.3,True,True,0.2707135779223274,True,-3.056460491677826
COST,2023-05-16,short,0.030621528709643176,0.44538234383057995,-0.10517853130082895,0.3,True,True,-0.2886294073236308,False,-3.1059157004304394
COST,2023-05-30,long,0.678543604307321,1.1925331162385988,0.42178430682505846,0.3,True,True,0.10179370805737935,False,2.753792428788304
COST,2023-06-26,short,0.1817439683882008,0.20649840347892867,0.2602984591985501,0.2,True,True,-1.5645958759998118,True,-1.1883531218954912
COST,2023-06-27,long,0.1028688404633587,0.28471137856506334,0.024789465617107584,0.2,True,True,1.6528854358801075,False,1.4462368536125148
COST,2023-07-07,short,0.3260164261370843,1.172279548108455,-0.01829134789645663,0.2,True,True,-1.9633338195425707,False,-6.2489108149200945
COST,2023-07-14,long,0.1455782781028078,0.6784313270771454,0.1404633425023292,0.2,True,True,1.8770601027857603,False,3.04002720723906
COST,2023-08-01,short,0.41471359907318933,0.6875099199929705,0.419490653279836,0.2,True,True,-2.3323479366143194,False,-0.547306852332663
COST,2023-09-06,long,0.06602973032933002,0.2323772295402113,0.37029320210911487,0.2,True,True,-0.3582527834209353,False,3.135258014029896
COST,2023-09-26,short,0.13894152277475225,0.36858695020349413,0.29308103622997583,0.2,True,True,-0.7547441169579775,True,-1.6511210422402334
COST,2023-09-27,long,0.05069081695836341,0.19178743618315364,0.16165003987549043,0.2,False,False,0.8418219203422609,False,0.35309118768696024
COST,2023-10-06,short,0.11148726056264499,0.6424780732713758,0.03891795711002107,0.2,True,True,-1.0746701354444446,False,0.8250984298273867
COST,2023-10-17,long,0.2915312074789676,0.2939327991506246,0.1577669891525883,0.2,True,True,1.0769763133781844,True,-3.813068039886902
COST,2023-10-20,short,0.8461686217967287,0.9189102323029292,-0.023410386872796996,0.2,True,True,-0.6596766896130489,False,-1.6275723031413225
COST,2023-11-06,long,0.8336542929041941,0.8871471998105387,0.5342588345938459,0.2,True,True,-0.03618307824542134,False,1.926892454257989
COST,2024-01-02,short,0.09122012594441181,0.658109953425212,0.29178499899468613,0.2,True,False,-3.035351290841747,False,-5.154840312591924
COST,2024-01-18,long,0.04217041874074064,0.048960602986483595,0.1519731206563564,0.2,True,False,2.315374357702798,True,2.6488017078674986
COST,2024-01-23,short,0.10315218451412231,0.2764477903586875,-0.05543260046127375,0.2,True,True,-2.2857885958801094,False,-3.526054576030835
COST,2024-02-05,long,0.04413153344169217,0.16463845945661787,0.16346993182168182,0.3,True,True,2.0866728795819913,False,2.0431437986500933
COST,2024-02-13,short,0.15614043459147645,0.506141213565685,-0.01629088371254811,0.3,True,True,-2.1140871230594502,False,-4.719648062788151
COST,2024-02-26,long,0.0935384814563952,0.3736152441498937,0.09483637413900914,0.2,True,True,2.040444511806216,False,-4.195345331019196
COST,2024-03-08,short,0.9555844132536508,3.6790701496586466,-0.6873832690537841,0.2,True,True,-2.1524885810043077,False,-1.2735158253050605
COST,2024-04-12,long,0.3104074069077736,0.4213591169530812,0.564114392907881,0.2,True,True,-0.262079328860856,True,-0.13121582498056839
COST,2024-04-16,short,0.03329675466314191,0.17739488105445436,0.2229915627894141,0.2,False,False,0.33258970235612434,False,-1.1299726603204219
COST,2024-04-23,long,0.022321615292959947,0.3622007567162294,-0.061197406397979444,0.2,True,True,-0.36765454809420367,False,6.900465664720712
COST,2024-06-21,short,0.384948149037611,0.7200555645163284,-0.010917152462965983,0.2,True,True,-2.3505839654134686,False,-3.834689625105492
COST,2024-07-09,long,0.16657810707249082,0.28017521123701805,0.41380225409595645,0.2,True,True,1.8109942647833688,True,-3.9172219328251323
COST,2024-07-11,short,0.762228987142046,0.9762122674911596,0.06467367443892252,0.2,True,True,-1.5163169544016746,False,3.6192275404646757
COST,2024-08-09,long,0.776286532356969,0.8943652864898102,0.42631234294692877,0.2,True,True,-0.35198742865857935,False,2.8400078211042956
COST,2024-09-05,short,0.062269298101955244,0.16127077669292153,0.21311242572817973,0.2,True,True,-1.2458613764705986,False,-1.6659479042084646
COST,2024-09-12,long,0.2381988463722249,0.30697867319791056,0.1009856261649181,0.2,True,True,1.3597399577072853,False,-1.4852054685513871
COST,2024-09-18,short,0.29848787996904946,0.30829943891018924,0.07660274670289491,0.2,True,True,-1.2494804239162665,False,1.5674642654126436
COST,2024-10-23,long,0.1128869487550311,0.27084999699980516,0.07401365748359054,0.2,True,True,0.11993588771444474,False,0.14179477515556815
COST,2024-10-29,short,0.1782450464113078,0.18008571736412335,0.046571910599144624,0.1,True,True,-0.05584192237172583,False,-5.256984996918135
COST,2024-11-06,long,0.3810081094555266,0.7327822761302506,0.286516707921116,0.1,True,True,-0.008808794935114484,False,3.2060056360744937
COST,2024-12-13,short,0.1411517238807433,0.3282108262242626,0.26851659552950596,0.1,True,True,-2.4179639731758344,False,6.786274186273767
COST,2025-01-17,long,0.06588216896090068,0.46238320710482933,0.09098857716411751,0.1,True,True,-0.8219616401793727,False,6.641298804903228
COST,2025-02-21,short,0.34849341528625755,0.4356266469687327,0.46651789730279014,0.0,True,False,-2.207241043296648,False,6.832670268117679
COST,2025-03-27,long,0.2424053680311725,0.2988677815305743,0.3890746748920884,0.0,True,True,-1.348303233836125,False,2.722770800217722
COST,2025-05-14,short,0.11828820632579044,0.22939852732786567,0.11291989767915782,0.0,True,True,-0.7029315492292323,True,-1.7346847039552138
COST,2025-05-16,long,0.06548986470775195,0.15808396551238385,0.08025935442220694,0.0,True,True,0.7736826067288701,False,3.023889967666249
COST,2025-05-23,short,0.18385658447379283,0.2803179403569586,0.06514817453436551,0.1,True,True,-0.7535064036356036,False,0.23005006495092628
COST,2025-06-02,long,0.29916082852257736,0.5481222154042166,0.033792506670744016,0.1,True,True,0.7937110968676223,True,-6.859056131723451
COST,2025-06-05,short,0.1390530879640731,0.8009294845761602,-0.1317848563946366,0.1,True,True,-0.7605734979862462,False,3.019358950850126
COST,2025-08-01,long,0.3279681993914474,0.6970814853101802,0.22575987398855327,0.2,True,True,-0.9959654322985795,False,2.0492973441761153
COST,2025-08-25,short,0.5413399781133329,0.7214922362943484,0.3130767268164592,0.2,True,True,-0.046833066865143484,False,-4.000714334102207
COST,2025-09-08,long,0.32599411461343153,0.5159083216003104,0.3941336682081324,0.2,True,True,-0.2484571410317827,False,-2.9418033349197015
COST,2025-09-18,short,0.036024230573276285,0.21896437617324083,0.1417317490419677,0.2,True,True,0.11871407547392188,False,3.7370251984244818
COST,2025-10-09,long,0.11430530811117594,0.8462648307077936,0.15890135884501067,0.2,True,True,-1.1744880060470124,False,-0.0890895829841698
COST,2025-10-29,short,0.4552924980438695,0.5817897969729132,0.36156201565595425,0.2,True,True,0.6956197270435744,False,-0.3148891499358708
COST,2025-11-04,long,0.2597168485730315,0.6806404157597951,0.01760719260011869,0.1,True,True,-0.6116255648257446,False,-4.853618570570706
COST,2025-11-10,short,0.16610704907525006,0.34601703668413847,0.036842771018137724,0.1,True,True,0.6951722717699903,False,3.215515574920258
COST,2025-11-28,long,0.17004474552372886,0.7156364088538133,0.27379688414278475,0.1,True,True,-1.4597349936216506,False,-3.1874346333893633
COST,2025-12-08,short,0.2098817572348186,0.5563938148994909,0.2909126637302148,0.0,True,True,1.2139382510495091,False,4.227513933602777
COST,2025-12-26,long,0.23287468845461967,0.7822242378203041,0.45034243301442517,0.0,True,True,-2.628201914459827,False,7.98421236874205
COST,2026-01-30,short,0.45165225699808204,0.6096491029376215,0.5548526712096039,0.0,True,True,-1.8548355780208978,False,-8.320123878156704
COST,2026-02-05,long,0.03912247765069278,0.19696049890735068,0.10347829026690862,0.0,True,True,1.8139318967535862,True,-0.40634678993896056
COST,2026-02-10,short,0.12957282588076768,0.49818055264642847,-0.06928302548697529,0.0,True,True,-1.698420454092943,True,-2.422708472429247
COST,2026-02-13,long,0.23441220010998012,0.41794693592166454,0.06225313981511374,0.1,True,True,1.709660787006463,True,-1.542490485177217
COST,2026-02-19,short,0.3531396952880087,0.3844441744436508,0.05163648832412905,0.2,True,True,-1.4744337782073793,False,0.5314669868417443
COST,2026-04-01,long,0.1897225089487053,0.2438063499800168,0.44222258520801705,0.3,True,True,0.07297599424415122,False,-0.9382236908346941
COST,2026-04-13,short,2.7056891706822252e-05,1.1765816166386445,0.09947317824917054,0.3,True,True,-0.4423762212598008,False,-1.7495129041696922
COST,2026-04-23,long,0.2948233461561642,0.39655340829822966,0.2487644241633013,0.3,True,True,0.2812799843260948,True,-0.08393898598950678
COST,2026-04-28,short,0.19518626241500536,0.32116250234057653,-0.007760084734621316,0.3,True,True,-0.205272364976204,True,-2.9540008690411623
COST,2026-04-30,long,0.12200567320246039,0.39244122550171223,0.05505338219189172,0.4,True,True,0.2627034909505595,False,2.7826596155791083
COST,2026-05-11,short,0.2257568175722034,0.3475568403826881,0.17719054757976835,0.5,True,True,-0.28586100875757603,True,-0.34618560940937737
COST,2026-05-12,long,0.25480983408789243,0.4837416817358529,-0.05645491712240789,0.5,True,True,0.3925527734609715,False,-1.780053188864139
COST,2026-05-26,short,0.737590832069248,1.6153589538934772,0.8430116031156003,0.5,True,True,-1.2551903305583354,False,3.4239650428647073
COST,2026-06-16,long,0.22110522767670626,0.3097219218719136,0.2989185723520489,0.4,True,True,-0.9162778840135983,True,-6.284717867988954
COST,2026-06-18,short,0.34305102078671784,0.37563402897503567,0.09752287026630463,0.4,True,True,1.1308445552993065,False,0.12612591311176313
COST,2026-07-07,long,0.17572915476366657,0.18900163218596888,0.1820246363670524,0.4,True,True,-1.2583744544347197,True,-1.929293373760388
COST,2026-07-09,short,0.1981127948042852,0.6357933393777738,-0.033314985259685514,0.4,True,True,1.3585718573274275,False,-1.4337812758715485
COST,2026-07-16,long,0.24167913804115151,0.6238508988343432,0.030051262640629507,0.5,True,True,-1.3555427028060267,False,1.0699378773486146
COST,2026-08-20,short,0.20226202412218325,0.9180788226348108,0.08902084590275942,0.4,True,True,-0.11222728647440804,True,0.867696814855512
COST,2026-08-24,long,0.46159940194490645,0.773827678656886,0.195136388262578,0.4,False,False,0.2557842392619879,True,-6.302247292531038
COST,2026-08-27,short,0.48237030503432143,0.8608955544916963,-0.022586572635580813,0.4,True,True,-0.08543753373730081,False,3.197949465271388
DUK,2018-06-18,long,0.16046720130771552,0.5558950176052059,0.44058193569341947,,True,True,-1.2138802771948984,False,7.189884603666963
DUK,2018-07-20,short,0.12271118241964415,0.14548864352025,0.09777181003899983,,True,True,-1.7928153333746075,False,-1.1159130821686958
DUK,2018-08-16,long,0.08532920658219785,0.3690407609426925,0.1292002603883312,,True,True,0.946372497650198,False,-0.5746688420479207
DUK,2018-08-23,short,0.15924132178592423,0.1951685023903892,0.14111589218208168,,True,True,-0.9549430142318396,False,-1.9659095078270905
DUK,2018-09-05,long,0.32164760263282005,0.6733570716041412,0.13861906986575623,,True,True,0.8691267368821458,False,-3.7264011494063776
DUK,2018-09-12,short,0.7007379104171113,0.7151770224787419,0.3730001956010249,0.0,True,True,-0.7403317343657476,False,3.461482547729866
DUK,2018-10-05,long,0.378515320940294,0.9877658468606818,0.39802685892593553,0.0,True,True,-0.36505153556641434,False,1.6584695768621982
DUK,2018-11-02,short,0.06552257452895185,0.17398065115737732,0.4318581593692416,0.0,True,True,-1.0049359143588161,True,-6.091426110617104
DUK,2018-11-05,long,0.17978208016220065,0.24532566087771177,0.45897674711608005,0.0,False,True,1.1371276686311107,False,5.995864021554054
DUK,2018-12-17,short,1.153092537187525,1.186235765242851,0.2526247547867876,0.1111111111111111,True,True,-2.4344615394237494,False,3.8483263919807276
DUK,2019-01-18,long,0.12829054705618448,0.19312109088483057,0.29092561459953636,0.1,True,True,-0.6269304901854214,False,2.5934737395954643
DUK,2019-03-05,short,0.08577265442058433,0.10662043741904785,0.021173356858503026,0.1,False,True,-1.1788358555062275,False,0.45794848480852357
DUK,2019-04-15,long,0.018535934206864314,0.11115330661480771,0.1379571467345027,0.1,True,True,0.3181528014135328,True,0.7518598144663269
DUK,2019-04-16,short,0.5807067437180679,0.5999429715967962,0.15728508394360532,0.1,True,True,-0.184098969237614,False,-1.481625811964582
DUK,2019-04-26,long,0.22980386649913634,0.5516515135181786,0.5619486030401035,0.2,True,True,0.061412467416543694,False,-2.5796900821280055
DUK,2019-05-06,short,0.06813898621979769,0.6250006481666163,0.18083902803753124,0.2,True,True,-0.14292357472347358,False,1.765933757694338
DUK,2019-05-22,long,0.22036456451149475,0.7527329842938772,0.6080200534716323,0.2,True,True,-0.8576636743472504,False,-0.11389704738559159
DUK,2019-05-30,short,0.6168250592204291,0.7835181174530585,0.3521155194744463,0.2,True,True,0.8319971371993442,False,-1.4497802573458118
DUK,2019-06-06,long,0.6378099008821119,0.7856941684865092,0.2927231077072457,0.1,True,True,-0.6835322401778448,True,0.9918883184583782
DUK,2019-06-11,short,0.03202462379339301,0.5273626822998266,-0.11483240489026326,0.1,True,True,0.7857693757875374,True,-5.231225292692954
DUK,2019-06-12,long,0.2013970767235577,0.23431349724020617,0.2119204061681314,0.2,False,True,-0.7232377568929552,False,1.5349416520816783
DUK,2019-07-12,short,0.10013745390925805,0.5114471446725066,0.18872585496682023,0.3,True,True,-1.020659659270206,False,2.0180354129401112
DUK,2019-08-06,long,0.03210508744053108,0.8427846025648896,0.278292244010803,0.3,True,True,-0.519834176698924,False,3.6444360892551986
DUK,2019-09-16,short,0.40472629715558495,0.5907977960952867,0.13857039270493995,0.2,True,True,-2.141347003562079,False,-2.942430643808369
DUK,2019-09-24,long,0.1620372735386146,0.32666397532910885,0.1414205730010673,0.2,True,True,2.01306232956946,False,-0.19735174434167835
DUK,2019-09-30,short,0.03900307180826348,0.22936261406793504,-0.008758881997194792,0.2,True,True,-1.9142688478345429,False,0.7615153078171399
DUK,2019-11-26,long,0.007980240328042117,0.513985502879282,0.28377833700101807,0.2,True,False,-1.6686151151056496,False,0.9070742527575115
DUK,2020-01-10,short,0.04607050836008039,0.055938177192252796,0.08568606413589974,0.2,True,True,-0.22983280631377997,True,-6.258311333727318
DUK,2020-01-13,long,0.08885574522981443,0.13585813550773615,0.02118661322649985,0.2,True,True,0.27612497612215064,False,5.447136047936807
DUK,2020-02-07,short,0.2311608373828494,0.43053523175715847,0.36898992238249,0.2,True,False,-1.526397722689347,False,-7.299186639963562
DUK,2020-02-13,long,0.4554105203264652,0.8678024518137324,-0.060877905493590366,0.1,True,True,1.612229179784931,False,-8.40077874273838
DUK,2020-02-26,short,0.3874330341003619,0.8373620123665835,0.4062234815266066,0.1,True,True,-1.8090253413346737,False,8.085719507985834
DUK,2020-03-30,long,0.49580701855276815,0.8803392515599715,0.985821713731124,0.1,True,True,-2.2307741803092918,False,8.339319486976615
DUK,2020-05-01,short,0.17488095995881808,0.2444702604827328,0.08899713249411974,0.1,True,True,-0.06890141140588964,False,0.607634452754946
DUK,2020-05-18,long,0.14378950062555237,0.27172561153473074,0.09608829465824523,0.1,True,True,-0.2335816069487366,False,3.2383738071810386
DUK,2020-06-15,short,0.10839923073287033,0.24367140310472601,0.3431014820141605,0.1,True,True,-0.5792746950787281,False,7.71617337063033
DUK,2020-07-13,long,0.08936844919557846,0.19736074460455327,0.17185918419183413,0.1,True,True,-0.5279385412631064,False,-0.15967647124380813
DUK,2020-08-13,short,0.0034794706316126646,0.18498344281227305,0.1892041882558135,0.1,True,True,-0.25772609047716377,False,3.8554373049717983
DUK,2020-09-08,long,0.07080708974046586,0.07950127264603343,0.35621232134883885,0.0,True,True,-0.541834686460108,False,2.4278365262538015
DUK,2020-09-23,short,0.09690156957368949,0.5880840170976662,0.4617925301424837,0.0,True,True,-0.3765813380445525,False,-12.32775255945735
DUK,2020-09-30,long,1.2097695667545998,1.4856890609223066,0.037435441613338574,0.0,True,True,0.7916067821619892,False,4.64090848658274
DUK,2020-10-20,short,0.2125711045517246,0.3272696066972875,0.45572295812345803,0.0,True,True,-2.077352461271699,False,-3.7583997809865766
DUK,2020-11-10,long,0.12511054819693673,0.48541828057658276,0.06778423522626767,0.0,True,False,1.403411547320884,False,0.08661865126233792
DUK,2020-11-16,short,0.09925017027659559,0.1070750825601101,0.039882740798535335,0.0,True,True,-1.3621799003130322,False,1.841919471231801
DUK,2020-12-31,long,0.23468653883697288,0.5036540680175594,0.30215811752955374,0.0,True,True,-0.5218572577567918,False,0.6006626689061489
DUK,2021-01-12,short,0.14575324838703071,0.20682217065924285,0.09678488303635235,0.0,True,True,0.5356182239317459,True,-3.126050546163528
DUK,2021-01-13,long,0.4926689599262135,0.642530367135851,0.04067208953259596,0.0,True,True,-0.381418908838794,False,-0.08739748452938345
DUK,2021-02-11,short,0.20916074546978242,0.7941983671405238,0.2950855612202321,0.1,True,True,-0.5421919174914529,False,5.341740054512611
DUK,2021-03-08,long,0.47465773544110607,0.9253328827212919,0.3808437590087606,0.1,True,True,-0.6693667284545857,False,3.2143904158063785
DUK,2021-04-23,short,0.10429820343786145,0.29434161202278797,0.08619516651123281,0.1,True,True,-2.044137670282312,False,-1.0115386757568956
DUK,2021-05-10,long,0.048221146990635184,0.6521091951277875,-0.00784086570728522,0.1,True,True,1.3824939866914827,False,-0.4291843153781061
DUK,2021-05-19,short,0.14236581070473,0.4480882215267285,0.03039078033143114,0.1,True,True,-1.4714208865397271,False,-0.5041461047270213
DUK,2021-06-15,long,0.2454434295172926,0.45460934001306186,0.2921428677723881,0.1,True,True,0.7053768610454364,True,-4.940892717238188
DUK,2021-06-16,short,0.003539784965791746,0.25745505026781607,0.20118268123942637,0.1,False,True,-0.657396309156769,True,3.0350834463398924
DUK,2021-06-17,long,0.02665892635197128,0.030311360105560983,0.2043236849673811,0.1,True,True,0.6670955627167237,True,-2.802199500087099
DUK,2021-06-18,short,1.0383987175745228,1.065183338955061,0.06584661272867867,0.1,True,True,-0.4087396563124111,False,0.10039994080227599
DUK,2021-07-08,long,0.07881985140673042,0.37639905840126797,0.38706759883109926,0.3,True,True,-0.2937883786788155,False,2.346848501678056
DUK,2021-08-12,short,0.11560535177078411,0.2542041631179641,0.2504311573164327,0.3,True,True,-1.8442180521872473,True,0.79481998591584
DUK,2021-08-16,long,0.15199390639978563,0.39891029031950476,0.002768988559046796,0.3,True,True,1.918692766053369,True,-2.8012430940411615
DUK,2021-08-19,short,0.06822775035615077,0.22407948197427838,0.03429475796475549,0.4,False,False,-1.885824542110807,False,0.2152281069144002
DUK,2021-10-04,long,0.2637542903108794,0.8293539671570334,0.36629075004765,0.5,True,True,-1.5878644566389695,False,-0.8931897722555204
DUK,2021-11-04,short,0.060143590759746186,0.32398615026126754,0.11107504460578722,0.5,True,True,-0.32081219312120185,False,1.6733363813515867
DUK,2021-12-06,long,0.2978280391531256,0.7867813382431543,0.07251251797789095,0.5,True,True,-0.3702809245842693,False,2.4305876125585435
DUK,2022-01-04,short,0.13327923018042226,0.40823854500467377,0.20220683476963117,0.4,True,True,-1.1006569125382049,False,1.1991129126418754
DUK,2022-01-31,long,0.40447707500337626,0.5565148757877151,0.3682015998874095,0.3,True,True,0.33727769778265093,False,-4.863889908608865
DUK,2022-02-10,short,1.1297693670440183,1.5083012253016406,0.10114410314365647,0.2,True,True,-0.09370397303625677,False,-1.4349739557992125
DUK,2022-03-01,long,0.134985684981424,0.31526273056262233,0.47497092931194185,0.2,True,True,-1.3030784457650637,False,6.871690484322168
DUK,2022-04-18,short,0.10406291749529241,0.3523580498391067,0.20572190244024924,0.2,True,True,-2.516085518511423,False,4.849445976660527
DUK,2022-05-23,long,0.0873338967003576,0.30144567694436414,0.10163665520677971,0.1,True,True,-0.17997709798038602,False,1.3807332517100424
DUK,2022-06-08,short,0.17135274406482257,0.29168774596079,0.15637090444334575,0.0,True,True,-0.3349150204221277,False,6.407835881638791
DUK,2022-06-27,long,0.017360726027381663,0.6575973765523924,0.7026432588300231,0.0,True,True,-1.5120517175782038,False,2.347909296749129
DUK,2022-07-20,short,0.27037949717391635,0.4702890837697254,0.21608248981542721,0.0,True,True,0.23767884077158205,False,-7.602690801511414
DUK,2022-07-26,long,0.09860888426372388,0.298406306829162,0.030080589918210422,0.0,True,True,-0.19728285020567046,False,2.6069707251984653
DUK,2022-08-25,short,0.12881257519291703,0.23245314568885664,0.26817807559937357,0.0,True,True,-0.9707748552520727,False,0.7407261388336472
DUK,2022-10-19,long,0.2122339247310014,0.32277676303775843,0.4874797767750297,0.0,True,False,-2.388232906763638,False,4.020607985035585
DUK,2022-12-19,short,0.24056784811285772,0.25022333034169736,0.12805852701458206,0.0,True,True,-0.7805785564041309,False,-4.5694783403173345
DUK,2023-01-04,long,0.04532172522304096,0.1205590198417768,0.0024777460560467712,0.0,True,True,0.7356224888571339,True,-2.709656929306681
DUK,2023-01-05,short,0.10204746845271473,0.14791306918833122,-0.014058905453376342,0.0,True,True,-0.6939355182082879,True,1.3945275626817244
DUK,2023-01-06,long,0.022895153167117533,0.12713651014258232,-0.004730222566599646,0.0,True,True,0.7230868111698705,False,-3.983640004328115
DUK,2023-01-13,short,0.11173858931220781,0.13167050273627637,0.02383839901168854,0.2,True,True,-0.7086436539843369,False,3.1815546597705913
DUK,2023-03-14,long,0.2590726986365643,0.4868586820444042,0.09324190405831258,0.2,True,True,-0.8681220805773323,False,-0.357537098798566
DUK,2023-03-23,short,0.22997897323172095,0.7608644829991441,0.32544556842273265,0.2,True,True,0.7992423654939134,True,-8.945925983609971
DUK,2023-03-27,long,0.16319717551949972,0.21407404769363442,0.4028976920508867,0.2,False,False,-0.7220955720202429,False,4.921320324159129
DUK,2023-05-02,short,0.41717599708711794,0.45372754296949475,0.03519181669714082,0.3,True,True,-0.47872455420583065,False,2.6918398825823697
DUK,2023-06-07,long,0.3315121419107611,0.6474832444025422,0.4960860648974893,0.3,True,True,-1.8368036885830392,False,-0.7316668704184126
DUK,2023-06-29,short,0.1041919868912658,0.2627049803998457,0.1609062333695827,0.3,True,True,0.934496604103515,True,-4.646748582151616
DUK,2023-07-03,long,0.21523824442170253,0.27028775097253527,0.15804568350365375,0.3,True,True,-0.8110038638514956,False,0.20944076354998398
DUK,2023-08-02,short,0.2590891312732749,0.26753151924553625,0.42673772754520045,0.3,True,True,-0.6290134067136343,False,0.8970361763423362
DUK,2023-08-14,long,0.05307675753612582,0.06317729961286012,0.5014326029207814,0.2,True,True,0.172016723310336,True,-1.888557811739433
DUK,2023-08-15,short,0.2540511625603704,0.30856225164001766,0.30534280915668943,0.2,True,True,-0.06151036295316162,False,0.14144037749174165
DUK,2023-09-08,long,0.003531670972959957,1.0009858615726692,0.03642680735046726,0.3,True,True,-0.6807328499442865,False,2.537897011789614
DUK,2023-09-26,short,0.13693852757032637,0.8033106458929253,0.4484961105557146,0.3,True,True,-0.8842363532232743,False,2.3924642461410683
DUK,2023-10-13,long,0.09820144651761781,0.22120156180326353,0.4850854080529954,0.2,True,True,-1.0089117760279382,False,-1.296793013473585
DUK,2023-10-23,short,0.23044895713747632,0.28121258937073335,0.1648045163507916,0.2,True,True,1.092843788253663,True,-3.926786081234712
DUK,2023-10-25,long,0.13725126741730073,0.20853430527862504,0.07483032244180116,0.2,False,False,-0.999194494866339,False,0.23824288604494814
DUK,2023-11-13,short,0.22326957186350563,0.3437521711019568,0.2658693697612907,0.3,True,True,0.3712479336472288,True,-5.934781797873234
DUK,2023-11-14,long,0.14564920351079444,0.37330995814308504,0.12210886945679565,0.3,False,False,-0.159164569054468,False,2.1253289694137534
DUK,2023-12-22,short,0.1339390235745923,0.17325133419235722,0.5301005526640864,0.3,True,True,-2.09769494833795,False,-2.3022887683529225
DUK,2024-02-23,long,0.20178503705614897,0.27015661971735516,0.3254273230276325,0.3,True,True,-0.704049804465056,True,2.3832612964973965
DUK,2024-02-26,short,0.11281572403682097,0.31991620650805397,0.1816961933991996,0.3,False,False,0.7904053659574994,False,-5.725319672507845
DUK,2024-03-04,long,0.3933760235341363,0.4579461440651585,0.06851996694366876,0.3,True,True,-0.7106196518967071,False,2.726696390469452
DUK,2024-03-26,short,0.14175768485177634,0.36594925611691703,0.20218905079243094,0.3,True,True,-0.45785572933402346,True,-1.8575818831976676
DUK,2024-03-27,long,0.142188176219775,0.28579075758996497,0.16132014479866588,0.3,False,True,0.5632072218498804,False,-0.8325468093626665
DUK,2024-04-10,short,0.04010238493071946,0.4590451796206624,-0.007948758563310319,0.4,True,True,-0.7317672100592988,False,-3.7207909588106602
DUK,2024-04-19,long,0.10840347208590836,1.077897751098839,0.05767776197604208,0.3,True,True,0.374192178605585,False,2.0561948230423788
DUK,2024-05-23,short,0.13428859907086677,0.8690647629059803,0.16567206580002905,0.3,True,True,-2.1278400833059763,False,-0.815413146152566
DUK,2024-07-10,long,0.5793138506144527,0.6043636780210442,0.2614413162383596,0.2,True,True,-0.05528167235683047,False,5.61120092307279
DUK,2024-08-15,short,0.14967175376676245,0.25279132444628416,0.1401148743156926,0.2,True,True,-2.8078792106430086,False,-0.8254185866618524
DUK,2024-09-04,long,0.3305812802304948,0.5373573474494286,0.279861186131309,0.2,True,True,2.1462438476120473,False,-1.0080479145977317
DUK,2024-09-12,short,0.10420232975478579,0.3187536947953467,0.13111055370908167,0.1,True,True,-2.2606817316483045,False,0.6898402893253164
DUK,2024-10-15,long,0.035055091002736356,1.035166673500382,0.7057727724768644,0.1,True,True,-0.058504644114455086,False,-2.313879247822459
DUK,2024-10-29,short,0.7956193587187228,0.9235545827785739,0.6141593592640606,0.1,True,True,-0.7828376352913236,False,2.211338406328567
DUK,2024-11-19,long,0.24199338849203808,0.3967477776232934,0.35477711572114196,0.0,True,True,-0.662797886963318,False,-0.26413776646527776
DUK,2024-12-06,short,0.32241598685282447,0.3875068954291162,0.3606032467326379,0.0,True,True,-0.064622895638303,False,3.4076713782437484
DUK,2024-12-31,long,0.02287845031105878,0.06690142477437085,0.13627616632400114,0.0,False,True,-1.1327333089896952,False,1.2251744561776468
DUK,2025-02-18,short,0.344775686027848,0.6120125805152707,0.47329982190079306,0.0,True,True,-1.1776469538603058,False,-4.977903296105279
DUK,2025-02-24,long,0.3247363013710236,0.3363128172758191,0.11124020769770458,0.0,True,True,1.3440075721821805,False,2.2256751891728044
DUK,2025-03-06,short,0.436779546435635,0.5309324772262805,0.2656273601506927,0.0,True,True,-1.3304888737118472,True,-4.632531441051579
DUK,2025-03-10,long,0.01157695848744029,0.41299967196401205,0.1179192147336232,0.0,True,True,1.4026274375558294,True,-0.2953526137685403
DUK,2025-03-12,short,0.255614788543156,0.2894674103564392,0.14482395772869838,0.1,True,True,-1.3032013615615243,True,-0.40294768640161127
DUK,2025-03-14,long,0.3858704916409466,0.4924234652740826,-0.03161731146093501,0.2,True,True,1.451329529207333,False,-0.5910629383329202
DUK,2025-03-24,short,0.4543749074212746,0.5111631761885598,0.2759721443177584,0.3,True,True,-1.3403573171133958,False,1.0918300579338847
DUK,2025-04-01,long,0.02550814379453369,0.28785995511647583,0.39522937474273406,0.3,True,True,1.0956916447867027,False,-0.4790720024771544
DUK,2025-04-07,short,0.971958712402698,1.0227222806468936,-0.007481964539770575,0.3,True,True,-0.8617491665725547,False,-4.851959090657743
DUK,2025-04-17,long,0.43847630842516133,0.5801208648317391,0.6127491289762281,0.3,True,True,0.6900353148412524,False,-0.18062102086841003
DUK,2025-04-25,short,0.009434997500988121,0.5959932028407069,-0.06826694445830415,0.3,True,True,-0.7188577916446179,True,-0.4005050878994387
DUK,2025-04-29,long,0.09231398564802121,0.24313661145877727,0.28458731752711847,0.3,False,False,0.7317773374137978,False,-7.091208257828341
DUK,2025-05-05,short,0.3215353979608513,0.40091109538706177,0.005605221923953371,0.4,True,True,-0.6773802362384563,True,2.232656546032308
DUK,2025-05-06,long,0.2118263948855043,0.5363782944358297,0.0008587552287522329,0.4,True,True,0.7638686223360607,True,-3.7115931811639413
DUK,2025-05-08,short,0.6033520448429143,0.9838009908633486,-0.09891354029372294,0.4,True,True,-0.6443715149821438,False,2.81571837029031
DUK,2025-05-30,long,0.22824349234442828,0.7226526319641805,0.016098250716718755,0.3,True,True,-0.6345550081159377,False,-0.7305626054037617
DUK,2025-06-18,short,0.2916969979719772,0.31801171546371804,0.24731446805609386,0.3,True,True,0.5483285472683503,True,-2.382611222495057
DUK,2025-06-23,long,0.3437775111671416,0.5844565156698661,0.08821365968871182,0.3,True,True,-0.3863085644283072,False,-0.5642461041325486
DUK,2025-08-15,short,0.0857427524083196,0.8716468430908781,0.6048545511514994,0.4,True,True,-2.1917732909140244,False,-0.03265917883190639
DUK,2025-09-23,long,0.11510979506571567,0.5304185702972544,0.10412712685833857,0.4,True,True,-0.020881767413786095,False,1.9983766898200805
DUK,2025-10-27,short,0.193432440180668,0.2991727240753313,0.39289904224800143,0.4,True,True,-1.873840263157427,False,3.576754145662986
DUK,2025-11-18,long,0.03824412300474953,0.16347339140311287,0.3681398061931846,0.3,True,True,-0.2745534752907837,True,-4.184165933874473
DUK,2025-11-19,short,0.19876188812523088,0.23807151478592417,0.34699131857737575,0.3,False,False,0.39113895320236497,False,3.485232865865562
DUK,2025-11-28,long,0.2376080453954457,0.34656419515445663,0.04292114183067337,0.3,True,True,-0.31818817506968,True,-6.971112938504376
DUK,2025-12-01,short,0.3035938128162588,0.5429524463950629,0.04053104347287884,0.3,True,True,0.5393150266153968,False,3.3291919618404275
DUK,2025-12-18,long,0.264680324234146,0.4656234054429495,0.523615256593605,0.3,True,True,-1.5981470081903795,False,-0.6295247088448308
DUK,2026-03-10,short,0.33446398125962584,0.592967118112933,0.2570690663565791,0.3,True,True,-1.8672390233280733,False,1.7811817544276298
DUK,2026-04-09,long,0.15658641745799942,0.21172545673614102,0.04897942066630377,0.2,True,True,0.6955243905519127,True,-3.729324786348731
DUK,2026-04-13,short,0.2732310379793899,0.3308025325867146,-0.0007456343838283322,0.2,True,True,-0.5773896587013747,False,2.5383460920472944
DUK,2026-05-01,long,0.013995400908985987,0.23854330142240074,0.31976141427841265,0.3,True,True,-0.31691836406700974,True,-5.135954488406568
DUK,2026-05-04,short,0.028767174628281513,0.04311873394914744,0.2901688765762294,0.3,False,True,0.3314530301694932,False,2.784233223951138
DUK,2026-05-21,long,0.3303069203470097,0.37538506656603293,0.3775054620601092,0.4,True,True,-0.7596908796411725,False,-0.3529659667831697
DUK,2026-06-01,short,0.40455903316156644,0.8089346485421548,0.1694031792124033,0.3,True,True,0.7284921375428118,False,-4.495783084885763
DUK,2026-06-05,long,0.10501432334172409,0.7779471239911054,-0.06039297549375108,0.3,True,True,-0.7079179265818535,False,-0.5635179340786056
DUK,2026-07-09,short,0.08498951711653735,0.7182436800899116,0.36144100174671134,0.2,True,True,-0.507508026251811,False,-3.1933545134846586
DUK,2026-07-23,long,0.6146083872558686,0.74430180850624,0.31558698960779286,0.2,True,True,0.4291818609249483,False,-4.146676237937852
DUK,2026-07-31,short,0.5996216110402286,0.8378467060316882,0.361545426757413,0.2,True,True,-0.5100491900853225,False,0.33522582029140713
DUK,2026-08-19,long,0.09609059716837098,0.12524447616939502,0.3694411327177951,0.2,True,True,-0.6736128184828745,True,-2.459547696648101
DUK,2026-08-20,short,0.013763373609771234,0.11077336791693974,0.17942439454287104,0.2,False,False,0.7212622441220602,False,1.0514311597176862
GIS,2018-06-29,short,0.05830815867056349,0.5984647524979895,0.2714626413493813,,True,True,-0.6502843263444287,False,-0.4146092843663185
GIS,2018-07-27,long,0.07895397380024084,0.6455798703953538,0.25595953202969735,,True,True,0.02275967100715794,False,0.444636948905619
GIS,2018-08-13,short,0.13477279946876522,0.1748148854559745,0.5538692271939939,,True,True,-0.4974995899749326,True,-0.8796564789686601
GIS,2018-08-15,long,0.0020350444221279023,0.14718747431218435,0.10760348623982219,,True,True,0.5264923281910537,False,-1.1896985767596568
GIS,2018-08-22,short,0.10966653335169174,0.5282570433853085,-0.06261889950991047,,True,True,-0.6569173858823356,False,-2.75413888871594
GIS,2018-09-07,long,0.5299235156991179,0.7932737897530543,0.27984282824335155,0.2,True,True,0.5576425939650163,False,-6.498429714874209
GIS,2018-09-18,short,1.0790587405452972,2.151979487974168,-0.05097405639528325,0.16666666666666666,True,True,-0.5247757987456535,False,2.062095334077896
GIS,2018-10-09,long,0.1455867966570131,0.23201647360042177,0.5085864788983493,0.14285714285714285,True,True,-1.3429912974780471,False,2.772003009767543
GIS,2018-11-02,short,0.37826781638669155,0.874288879557663,0.04110591247233359,0.125,True,True,0.18951651459357224,False,-4.766396121256045
GIS,2018-11-08,long,0.0729584804273989,0.341905061225733,0.04047783349090704,0.1111111111111111,True,True,-0.1285250132908813,False,-2.407738785004665
GIS,2018-11-20,short,0.08688463053037912,0.2509093534447475,0.32547211644150026,0.1,True,True,-0.41841822984451943,False,10.07243583687243
GIS,2018-12-21,long,0.2205257164234188,0.4910992339259457,0.5759713485419429,0.1,True,True,-2.2236147730794733,False,5.874798703414452
GIS,2019-02-07,short,0.10950011349231831,0.15166327149980535,0.13103262205341895,0.1,True,True,-1.3011719345343782,False,-6.201509334344979
GIS,2019-02-19,long,0.029946911190532294,0.18422173140631468,0.012209261027232162,0.0,True,True,1.1650382800316705,False,2.361152461372229
GIS,2019-03-05,short,0.12647446716665864,0.1848355167467235,0.12467326457077012,0.0,True,True,-1.281372568656192,False,-0.8970657647551228
GIS,2019-03-21,long,0.5067110295142232,0.7033365499034134,0.08348156329925228,0.0,True,True,1.0894869269358236,False,0.43963834227229714
GIS,2019-04-03,short,0.007902327877418942,0.7994279798415338,0.4783318510069803,0.0,True,True,-1.4614470342368888,False,-3.895345800868344
GIS,2019-05-15,long,0.020231554615691632,0.32997213623523675,0.22329481405027454,0.0,True,True,0.6609713041341198,False,-6.8498253342595845
GIS,2019-05-28,short,0.5088066497354646,1.0165037086859647,-0.06992154719528892,0.0,True,True,-1.0430622957140927,False,-2.5053996866925887
GIS,2019-06-11,long,0.5634850300831751,0.6051399418025045,0.4460807246137935,0.0,True,True,0.16738917327130165,False,2.5396312833036117
GIS,2019-06-26,short,0.11017297106760694,1.178454034166118,0.13263005653422644,0.0,True,True,-1.0800181883435034,False,-5.340076400677463
GIS,2019-07-03,long,0.3541727456271692,0.4706580796241393,0.13182450797265338,0.0,True,True,1.122829741739823,False,-1.0536444409353307
GIS,2019-07-15,short,0.14185320150826863,0.40660736770136485,0.061306563444433596,0.0,True,True,-1.201492201018053,False,-1.0918959776003323
GIS,2019-07-30,long,0.01907186538878333,0.12575493383453773,0.3886096709477506,0.0,True,True,0.6678762225156701,True,1.3039798991701712
GIS,2019-07-31,short,0.20757227745653406,0.2267143611422269,0.22270814350301252,0.0,False,False,-0.5838434470754601,True,-1.2427116878958477
GIS,2019-08-01,long,0.09112549389650597,0.2995708007756814,0.04689395095992704,0.0,True,True,0.6785699293569767,True,0.5924858786988008
GIS,2019-08-05,short,0.37258077326920497,0.47234949391762726,-0.02677476378035455,0.1,True,True,-0.5203765758486403,False,-4.525661484937471
GIS,2019-08-12,long,0.40890910370547473,0.4225112555110062,0.32485935458936493,0.3,True,True,0.5959792510582077,False,-0.5343699378586364
GIS,2019-08-23,short,0.2620277058255392,0.864953162811106,0.3249871264284984,0.3,True,True,-0.9960903177046362,False,-3.6546651030210375
GIS,2019-09-06,long,0.6466429319899549,0.8170852218799911,0.5810205880291454,0.3,True,True,0.7402436025297678,False,-1.1462796856282154
GIS,2019-09-13,short,0.29991326213612607,0.4909466607996084,0.4769173319851642,0.3,True,True,-0.8887856851392507,True,-1.6676056555783525
GIS,2019-09-17,long,0.3463898097719742,0.49854528113578145,0.21022701962599166,0.3,True,True,1.1699885957263116,True,-1.1630167549360415
GIS,2019-09-19,short,0.07392014850555886,0.26809475269702104,0.042887418788252384,0.4,True,True,-1.0547210049178983,False,1.8753411261452357
GIS,2019-09-27,long,0.11728325123054197,0.361339011736436,0.21944147220648097,0.5,True,True,0.8563954739413687,True,-0.04321337713807383
GIS,2019-10-02,short,1.7544221719961601,1.8517316575073879,0.057079992592748985,0.5,True,True,-0.20409052564069746,False,-0.41729572208522026
GIS,2019-10-10,long,0.577716020089077,0.8370725706056217,0.468690247688836,0.4,True,True,0.47411717005041043,True,-6.409068131757212
GIS,2019-10-15,short,0.04188734416818976,0.5927270385732587,-0.09767858189514153,0.4,True,True,-0.3961612271898058,False,5.875784401284423
GIS,2019-11-05,long,0.17980001610663013,0.649629844374999,0.6905926219347027,0.4,True,True,-1.8787896049936497,False,2.5586441006537175
GIS,2019-12-11,short,0.7113207908109062,0.8093311789570423,0.22483932892819275,0.4,True,True,-0.37628442904707626,False,-1.6285511094588534
GIS,2019-12-20,long,0.11340818012709604,0.2643219214069695,0.33004162667150444,0.4,True,True,0.12906947203917296,True,-1.9707199769281925
GIS,2019-12-26,short,0.08527124128329536,0.19420259523102826,0.01431466654553002,0.4,True,True,-0.03981783628404814,True,-0.6061724222109488
GIS,2019-12-27,long,0.10499716099346779,0.1910444950159289,0.009707410799799707,0.5,False,False,0.14742120800785813,True,0.6868391288902931
GIS,2020-01-02,short,0.10392388309592895,0.4398724189961382,-0.08185060274973331,0.5,True,True,-0.07846615621744717,False,-4.012094783128717
GIS,2020-01-10,long,0.008109023661768501,0.04861790424976733,0.15047653030572886,0.5,True,True,-0.04893222143594569,False,1.856444340873642
GIS,2020-01-29,short,0.3454855927023006,0.4254354677598113,0.6123183467265702,0.4,True,True,-0.9630547881386314,False,0.18859563743623964
GIS,2020-02-14,long,0.09123709048621938,0.5251836978735385,0.5362836476241571,0.4,True,True,0.004726341681740833,False,-3.5640658869638964
GIS,2020-02-26,short,0.5861812118464698,0.9356585493913993,0.31343063932817644,0.3,True,True,-0.17975416430330496,False,-1.4000612011816793
GIS,2020-03-05,long,1.1171975378004042,1.4708458949796344,1.1803615317623422,0.3,True,True,-0.20435442235411508,False,-1.1418190275931162
GIS,2020-03-12,short,0.6686588388004159,2.0393504570713805,0.1871343664737941,0.3,True,True,0.1607848481654757,True,-0.0
GIS,2020-03-16,long,0.20155280040176388,0.3064846355081455,0.6757919260845545,0.3,False,False,0.1826074975432896,False,1.3487931785601148
GIS,2020-03-23,short,2.212730965447949,3.3064027841458175,0.5977622121254019,0.3,True,True,0.039665541713222695,False,-22.038953017124598
GIS,2020-04-01,long,0.3190065041710431,0.5167754298237077,1.0796851581441806,0.2,True,True,-0.8812777003565827,False,15.251308179122436
GIS,2020-04-30,short,0.2541042238163686,0.2858243448246042,0.20690015091161132,0.1,True,False,-2.5186147108438512,False,-3.873765950409269
GIS,2020-05-13,long,0.20699353842110363,0.49550132087473453,0.29612449719111467,0.1,True,True,1.8820620790661957,False,-2.5959654904575857
GIS,2020-05-19,short,0.33780518553030875,0.3434036891083471,0.06876322499027432,0.1,True,True,-1.6184178955177932,False,-1.218520531441336
GIS,2020-06-01,long,0.11106532811000312,0.35908642310152394,0.3017719913653342,0.1,True,True,1.24610350972558,True,-4.202098264713905
GIS,2020-06-03,short,0.03442927761531382,0.32308814264831665,0.13770779049649748,0.1,False,False,-1.2149761745778092,False,-0.5368362661184234
GIS,2020-07-06,long,0.155456234362028,0.5509760884801943,0.3519371423173845,0.2,True,True,0.07997036976804918,False,3.1344785017805243
GIS,2020-07-28,short,0.06382957748891335,0.1272598300813834,0.29273537718713266,0.2,True,True,-1.333143888629449,False,3.718633894177459
GIS,2020-08-27,long,0.018753672240420308,0.23002173423706737,0.011552448824465645,0.1,True,True,0.4189706613213163,True,-9.534839628190717
GIS,2020-08-28,short,0.3627834752512465,0.3817226772008344,0.06868283899613399,0.1,True,True,-0.2856610748749556,False,7.303974733275254
GIS,2020-09-25,long,0.22695837570223276,0.7730242366009309,0.4583671667260061,0.2,True,True,-1.7130819066064087,False,4.552683669701341
GIS,2020-10-21,short,0.016879310308347002,0.2691765127857685,0.3129068698968934,0.2,True,True,-0.47989024108057327,False,0.8200565157533313
GIS,2020-11-13,long,0.08790790360419413,0.28677763231794384,0.10713150326261624,0.2,True,True,-0.3165296969601933,False,-0.24602085548476316
GIS,2020-11-27,short,0.13459661181681487,0.1839130193688283,0.2626130695672573,0.2,True,True,0.02141376908336228,True,1.347079146536101
GIS,2020-12-01,long,0.13912569890971982,0.1991938377920141,0.12116144555312709,0.2,True,True,0.07706864799842267,True,-3.718786897768489
GIS,2020-12-02,short,0.06510792130213193,0.20809705230365927,-0.029476636134714556,0.2,False,True,-0.006254757260818926,False,2.158764406401592
GIS,2020-12-29,long,0.10310338592512644,0.13386461341561973,0.2685997410884901,0.3,True,True,-0.6752493039681392,True,-5.539390227603569
GIS,2020-12-30,short,0.14295849598122456,0.2491705585395716,0.18709128754503548,0.3,False,False,0.7380537182449629,True,3.9675402124672576
GIS,2021-01-04,long,0.09045579614429762,0.20275158838185064,-0.026751270426801217,0.3,False,True,-0.7025356066475664,False,-4.868871214132032
GIS,2021-01-08,short,1.0428306345457266,1.1151579566630243,0.006311633475801319,0.4,True,True,0.9483201103698231,False,-2.659541914783903
GIS,2021-01-25,long,1.1046206951170936,1.7240184798023646,0.3621781706330517,0.4,True,True,-1.385659993915028,False,-0.3453907920492494
GIS,2021-02-16,short,0.44801926531013647,0.504906661365998,0.16562041088508658,0.4,True,True,0.3922200178282972,True,2.167353470801381
GIS,2021-02-18,long,0.06329329296828529,0.5576622725401919,-0.07841589778550122,0.4,True,True,-0.2880360289044171,True,-4.705267550883652
GIS,2021-02-19,short,0.2795939139763115,0.34326617843593515,-0.0021964992636720913,0.4,False,True,0.4539789582471226,False,-0.4955787663944555
GIS,2021-03-08,long,0.8553827812161433,1.0773439988697582,0.44669343035930803,0.5,True,True,-0.9570191040271137,False,6.38850546111096
GIS,2021-04-09,short,0.4077491205555737,0.429499115967493,0.17473789465161874,0.4,True,True,-1.670197212952592,False,-1.8792815756385028
GIS,2021-04-21,long,0.2611150657367775,0.40074884009971123,0.24995378330603665,0.4,True,True,1.4653861721412516,True,-1.4818343281548074
GIS,2021-04-23,short,0.19724605985100305,0.38710709288380735,0.12813610921391677,0.4,True,True,-1.3077297339603975,False,-2.921963296378016
GIS,2021-05-06,long,0.33332138253168164,0.7041895944758578,0.20225737283780312,0.3,True,True,0.9844371428626517,False,-1.1627881344262625
GIS,2021-05-18,short,0.06026881749245031,0.24803770935178635,0.13393802440183022,0.3,True,True,-1.1517197911966295,False,-0.8898776252928009
GIS,2021-06-04,long,0.07267733936109134,0.4208467862759328,0.3262663314236726,0.3,True,True,0.7726651746890355,True,-6.668747598152736
GIS,2021-06-08,short,0.20972079702481117,0.33557644222282135,0.2552289984201535,0.3,False,False,-0.7484605109552309,False,4.715941109846067
GIS,2021-07-07,long,0.1604220697524902,0.27985247508330313,0.134128828282679,0.3,True,False,-0.9914096846941802,False,-1.4863036265935436
GIS,2021-07-29,short,0.012133251457837061,0.11301170945897265,0.058044182545969956,0.2,True,True,0.6152647240776226,True,-0.0679024701087938
GIS,2021-08-02,long,0.1627934181880453,0.2462588280011613,0.10301016239087368,0.2,False,True,-0.569287449287492,True,1.280111813363649
GIS,2021-08-04,short,0.4381207684919506,0.7868055127963871,-0.11205873655208964,0.3,True,True,0.6935771600303894,False,-2.86309371850344
GIS,2021-08-11,long,0.18138934943106738,0.5698542235333873,0.18848782986969898,0.4,True,True,-0.6895923020834794,False,-1.5071950298307546
GIS,2021-08-25,short,0.2504616211992446,0.7069322121239611,0.42572794801406205,0.3,True,True,0.14089138149363595,False,-0.4986432528256701
GIS,2021-09-09,long,0.38010692015155095,0.42551668730903314,0.48084378128874655,0.3,True,True,-0.6415201537258932,False,3.1308807339362144
GIS,2021-10-25,short,0.14897890314927884,0.4077167614959813,-0.02644745250250385,0.3,True,True,-1.7063656451875413,False,-1.2118308394415855
GIS,2021-11-10,long,0.05475751058556358,0.2653418602764027,0.024092416585099433,0.3,True,True,1.221733816880954,True,-0.3620327573991222
GIS,2021-11-11,short,0.14249983752234877,0.1985789293328019,0.09631268329092585,0.3,False,True,-1.1650117373157205,True,0.22258002890380713
GIS,2021-11-15,long,0.06780203522905225,0.20662027526214605,0.028295972407775483,0.3,True,True,1.2181683248109811,True,-3.029821742959493
GIS,2021-11-16,short,0.08761612382921102,0.1570681552177749,-0.003288972945163357,0.3,False,False,-1.1867114740724334,False,2.892805272207688
GIS,2021-12-06,long,0.36657694345426284,0.7985621727570639,0.3080723046373628,0.4,True,True,0.7401418177040635,False,5.198621874396969
GIS,2021-12-23,short,0.07318910666085224,0.6017471007239985,1.1162773361604512,0.3,True,True,-2.0161454749119203,False,-4.689253193706766
GIS,2022-01-04,long,0.10944811686599157,0.26344861796306257,0.03231222320149023,0.3,True,True,2.102724518353387,False,2.62007355210383
GIS,2022-01-20,short,0.3199929473537781,0.7484940651195013,0.056146423312271904,0.3,True,True,-2.392114662170974,False,-0.8323868483917751
GIS,2022-03-03,long,0.11303461549844877,0.6378239896487727,0.19316213040679703,0.3,True,True,-0.24753383744524765,True,-7.397107670834668
GIS,2022-03-08,short,1.520819724259334,1.9281034461543647,0.037496478063493155,0.3,True,True,0.7972096216486526,False,1.6938599973297608
GIS,2022-03-24,long,1.0302492938273966,1.220951647673757,0.48082113119100467,0.4,True,True,-1.2668180932472233,False,5.882907657866321
GIS,2022-04-27,short,0.1107260152220932,0.2787842943540583,0.3118835730327823,0.3,True,True,-1.856823438960416,False,-0.6165775775933469
GIS,2022-05-16,long,0.09482971834853215,0.16485899149949973,0.08460826313555858,0.2,True,True,1.195686329896264,True,-4.914263988543654
GIS,2022-05-18,short,0.941250905782552,1.0094718796303648,0.06396234580782366,0.2,True,True,-0.656794622884862,False,-1.6427538599790292
GIS,2022-06-23,long,0.4179637579381667,0.5320056760982692,0.28209239715480694,0.2,True,True,-0.6657967461567611,False,10.291359479855554
GIS,2022-07-18,short,0.03999064429694392,0.5011286126408055,0.3931284261068692,0.2,True,True,-1.6967919969464644,False,-2.3664653982505834
GIS,2022-08-08,long,0.027059924673896774,0.09005704706229871,0.06909304550912307,0.2,True,False,1.0284341395469085,False,1.4929565979942883
GIS,2022-08-18,short,0.008123258528403572,0.008962361256864972,0.07952540441238785,0.2,True,True,-1.2966961405580937,True,0.43871646379691764
GIS,2022-08-19,long,0.0569879468956878,0.06513842519391079,0.017453864867994783,0.2,True,True,1.3340097372615092,True,-1.6032306265576501
GIS,2022-08-22,short,0.0436838834197021,0.10104217086681903,0.010542740895242042,0.2,False,True,-1.3004398130052626,True,2.838723197741111
GIS,2022-08-24,long,0.03478808631572573,0.09198212651032762,-0.01628554397383222,0.3,True,True,1.3302003611800024,True,-3.5946128406458833
GIS,2022-08-25,short,0.06982353689475591,0.1051428378557206,0.007955273577547066,0.3,False,True,-1.2883419429838028,False,2.5545383425047308
GIS,2022-09-21,long,0.7838384886430046,1.7027364385615698,0.33556754850063025,0.5,True,True,0.11754316858684206,False,-2.546400021129136
GIS,2022-10-06,short,1.0143210768859356,1.0684258580872732,0.055219271897220853,0.4,True,True,-0.36398795104786424,False,-2.2675922362474177
GIS,2022-10-13,long,0.2952968514695681,0.7867874546534289,0.34102511142942715,0.4,True,True,0.43939365033078237,False,1.332136505079351
GIS,2022-10-20,short,0.09912482443392286,0.5745206164077825,-0.047793636799011274,0.4,True,True,-0.44243259512628924,True,-2.921609136648229
GIS,2022-10-25,long,0.05058174435026078,0.3072527724067755,0.07431537484391633,0.4,True,True,0.454716608378214,False,1.6092164943606546
GIS,2022-11-07,short,0.0882091924920605,0.28403996403815673,0.5324673560822167,0.5,True,True,-1.1257309515748126,True,-3.523170265368658
GIS,2022-11-09,long,0.0028301605989416063,0.18362727237937543,0.16258047830948424,0.5,True,True,1.2140340122184268,True,3.037090809761489
GIS,2022-11-10,short,0.1801127979653331,0.18300336836334524,0.06809971873348156,0.5,True,True,-1.182386092735902,False,-4.2598892652456755
GIS,2022-11-18,long,0.026321170425729776,0.9021410467821526,0.3384112940331204,0.4,True,True,0.7298328592508136,False,6.5037768970415355
GIS,2022-12-16,short,0.0865145027533883,0.3245383470450374,0.2781302023119726,0.3,True,True,-3.2475745564500174,False,4.267807947563085
GIS,2023-02-13,long,0.18759424903549068,0.2548042574173395,0.056093237657568205,0.3,True,True,-1.4657783135759805,False,3.798959433099225
GIS,2023-04-19,short,0.15568834495396114,0.1859593873630203,0.18530582978710544,0.3,True,False,-1.401308503579599,False,-1.9511368609255841
GIS,2023-06-23,long,0.11081450402820307,0.254201415772654,0.3096208433675422,0.3,True,True,-1.1063404126958678,True,-7.31453319604396
GIS,2023-06-28,short,0.487967740735325,0.9323833283267002,-0.10070222156973559,0.3,True,True,1.2186284671062413,False,1.7572822033065871
GIS,2023-07-18,long,0.07228500250546199,0.10192060987248792,0.14894624989470256,0.3,True,True,-1.447415819173857,False,0.04038094062022157
GIS,2023-08-08,short,0.48225390188764133,0.5366427619467282,0.20138174136916043,0.3,True,False,0.8730112090165824,False,4.091937563882175
GIS,2023-09-13,long,0.1173395651203416,0.12369610418892356,0.30330693034676426,0.2,True,True,-1.5264349531439827,False,-1.8541252004783848
GIS,2023-10-02,short,0.014104506197672959,0.5221859335626686,0.1966350483332532,0.1,True,False,1.6418374432447949,False,-2.0360188475334384
GIS,2023-10-06,long,0.0674495489831591,0.32870932012042825,-0.08120890044536803,0.1,False,False,-2.0652790295124652,False,1.200185983892954
GIS,2023-11-15,short,0.08771960698432343,0.2834146780393716,0.19876696236558036,0.1,True,False,-0.3247828841927771,False,1.592219966803332
GIS,2023-12-06,long,0.5030442956173584,0.6383561847825826,0.3809280340452823,0.1,True,True,-0.008986067493983698,False,-2.3675729267694234
GIS,2023-12-20,short,0.12801203575343878,0.78935806509747,0.23592583369896075,0.1,True,True,-0.3897192560726579,False,-1.0259303097057249
GIS,2024-01-02,long,0.002615530383058732,0.6617319150991092,0.10850984685945231,0.1,True,True,0.13381493768179653,True,-4.612490938581681
GIS,2024-01-05,short,0.022771603839101935,0.3523145419068297,0.12564952166694374,0.1,True,True,-0.16500638987532487,False,1.8895148072904266
GIS,2024-01-24,long,0.01962110653010839,0.09318876157956496,0.4565609510696302,0.1,True,True,-0.3430991709836529,False,0.11001192217829914
GIS,2024-02-08,short,0.02125032108119732,0.13930573749632272,0.35358561656145066,0.1,True,True,-0.011067159445912328,False,-1.9669230286783135
GIS,2024-02-20,long,0.7989878671757069,1.2291744107801534,0.24990312431520828,0.1,True,True,-0.11631136776243198,False,-1.991490461374612
GIS,2024-03-01,short,0.08341279973561419,0.36316452889094447,0.4519096156594652,0.1,True,True,-0.21201197421457704,True,-4.410387909862279
GIS,2024-03-06,long,0.3781749499181404,0.43183882177510513,0.07895825280532116,0.1,True,True,0.42143078382097193,False,6.4224465921860485
GIS,2024-04-10,short,0.4419147973767461,0.5799156955897182,0.18107970788640626,0.2,True,True,-2.3919982005582945,False,-4.00872635115086
GIS,2024-04-22,long,0.3697181617427099,0.7758995231028711,0.6003163102916357,0.2,True,True,1.5928799912367495,False,-2.852340063291403
GIS,2024-05-01,short,0.25951255971788584,0.40288059530976866,0.33867929721385276,0.2,True,True,-1.6923618882781346,False,0.22857071891353442
GIS,2024-05-20,long,0.10361411759272879,0.15193254495920216,0.10581773810006886,0.2,True,False,1.1215215816153108,True,-4.605911147866248
GIS,2024-05-21,short,0.11750413723693544,0.22203506068352566,0.17407672630830417,0.2,False,False,-1.036569287181727,False,4.48819651948682
GIS,2024-06-21,long,0.2239916425637237,0.3892797309889423,0.38807401960768145,0.2,True,True,-1.1643293139376518,True,-6.827654583405085
GIS,2024-06-26,short,0.041445080046663155,1.0251628708970835,-0.26834924895566137,0.2,True,True,1.0840071916570835,False,0.6070916398891013
GIS,2024-07-12,long,0.23989801107464448,0.3638864800237554,0.410832614989353,0.3,True,True,-1.4673549006289033,False,5.21974990706946
GIS,2024-09-12,short,0.09595121947240207,0.5173148238300891,0.2585560557289654,0.3,True,True,-1.6893298982362908,False,-1.3422849050084285
GIS,2024-11-22,long,0.31586235411523483,0.5367842436174461,0.2743933420456463,0.2,True,True,-1.3650840454721136,False,1.3692297658443264
GIS,2024-12-19,short,0.17227104674302948,0.29997126328101115,0.26951049562457174,0.2,True,True,0.3699668143661387,False,3.9212505782764695
GIS,2025-01-23,long,0.08970463106464786,0.24434248541978887,0.39278355210212523,0.2,True,True,-1.2172196437532095,False,-0.5372713987597311
GIS,2025-02-10,short,0.016099708608658586,0.3110767238685701,0.1152942145410689,0.2,True,True,0.9950900692426455,True,-6.043382500300187
GIS,2025-02-11,long,0.19722594433866866,0.21375763348494095,0.19765801910973166,0.2,False,False,-0.957991818528342,False,-0.10107607585767564
GIS,2025-02-18,short,0.02233905821618857,0.4475324247929224,-0.06346489224836818,0.2,True,True,1.1231045553382877,True,-6.219590698887867
GIS,2025-02-20,long,0.33019878980312783,0.4494891716299352,0.11983531905785824,0.2,False,True,-1.108209103899273,False,5.119101691203687
GIS,2025-03-13,short,0.02892117963368929,0.9240088621450897,0.4723970799028364,0.2,True,True,-0.7506725663185884,False,0.3174498772461565
GIS,2025-04-03,long,0.48953800310624224,0.5789114477077542,0.2417877930229156,0.2,True,True,-0.3502637012859559,True,-4.689982146048988
GIS,2025-04-08,short,0.7153666121202319,0.8023436742255303,0.0012349160584356452,0.2,True,True,0.7866885373791558,False,-2.077816441947178
GIS,2025-04-14,long,0.007152827271096238,0.5681412011447828,0.06490988910863155,0.3,True,True,-0.7640572445100037,True,-4.830511243065827
GIS,2025-04-16,short,0.43816999130236023,0.4449648776203489,0.2893197106222265,0.3,True,True,0.9996447767337552,True,1.576061034039422
GIS,2025-04-22,long,0.11408617523813194,0.2723216989269312,-0.050434685644696865,0.4,True,True,-0.9032208902453209,True,-6.028250573249993
GIS,2025-04-24,short,0.30066791547450106,0.3343963982464531,0.0979192671223857,0.5,True,True,1.1085976656440473,False,2.9792566094172357
GIS,2025-05-16,long,0.1364519926562834,0.6459645040048314,0.024401207934624674,0.5,True,True,-1.891861839459408,False,-1.8138871775981613
GIS,2025-05-23,short,0.049709002747550475,0.09757300809579818,0.17628418396062975,0.5,True,True,1.8191826688276544,True,-2.660160337610451
GIS,2025-05-27,long,0.3335183111575651,0.3840561661032531,0.2713372772440291,0.5,False,False,-1.699926907136911,False,0.6835235090661529
GIS,2025-06-17,short,0.12672209455256916,0.5813698503766987,0.4050584737876368,0.5,True,True,0.9185553850856826,False,-1.4129558734636394
GIS,2025-07-02,long,0.5998555880793934,1.2933696919092224,0.5871997579728413,0.5,True,True,-1.4764837383831078,False,-5.449769510124258
GIS,2025-07-09,short,0.09885425703500814,0.4731250663740989,0.07293488426685894,0.4,True,True,1.548555234678723,True,-1.3441336482909128
GIS,2025-07-10,long,0.08175485094399189,0.18298595128859313,0.3245299470957126,0.4,False,False,-1.4937930292141455,True,-0.7982819852632272
GIS,2025-07-15,short,0.36714486422727294,0.607935293718565,-0.04518633719560623,0.5,True,True,1.6056245850843134,False,-0.01999687245026749
GIS,2025-07-23,long,0.674599391241001,0.8794023958638811,0.15100769835598016,0.4,True,True,-1.5107900780381245,False,-3.8228912870773124
GIS,2025-07-30,short,0.14356911197738526,0.6620481896166297,0.1816693826872139,0.3,True,True,1.6097846948741314,False,-1.0567007380626103
GIS,2025-08-07,long,0.4559172570038988,0.8196293422717456,0.17069246881106598,0.3,True,True,-2.5329584325960406,False,-0.6779713878282578
GIS,2025-08-28,short,0.15092386043345157,0.764419740476919,0.3880914420061432,0.3,True,True,1.6257533927070416,True,-3.0553341135157064
GIS,2025-08-29,long,0.07719055877491454,0.22981203655961177,0.3795532512275217,0.3,False,False,-1.5323225785342716,False,-0.6487042917455832
GIS,2025-09-17,short,0.2933129529737779,0.5041352546515268,0.6583962408234175,0.3,True,True,0.29075381385050997,True,-3.0906901527919084
GIS,2025-09-19,long,0.5607878486454458,0.5884111093638172,0.15687081326247748,0.3,True,True,-0.015543734375143003,False,0.019853791752333372
GIS,2025-10-09,short,0.9508779717359771,0.9789972584885063,0.19583846579636882,0.4,True,True,-0.092792516580691,False,1.3785913588194476
GIS,2025-11-13,long,0.6250800163079344,0.8125043790980887,0.3050890680697926,0.3,True,True,-1.8608948575425643,False,0.04225872996197477
GIS,2025-12-02,short,0.1817647532606732,0.8453761573695283,0.16713182948994487,0.2,True,True,0.8497393547335341,False,-2.3731798965627826
GIS,2025-12-12,long,0.008658922391279335,0.5920159380651141,0.11965259649549148,0.2,True,True,-1.4541513668393131,False,0.49260256196530516
GIS,2025-12-30,short,0.04446162384513914,0.3057143588906121,0.2864897778309952,0.2,True,True,6.520212965404645e-05,False,0.8730759231350249
GIS,2026-01-15,long,0.5918661721464338,0.7210487964297854,0.6207499508420601,0.2,True,True,-1.6976215232595717,False,1.447366838278663
GIS,2026-02-18,short,0.7639750982398259,0.8748128807772535,0.7677778248529354,0.2,True,True,-1.2238310348903318,False,3.968250584996602
GIS,2026-03-31,long,0.010566132801640638,0.36943323902794867,0.2976273203668545,0.1,True,False,-2.7925406899014673,False,-5.770689829198805
GIS,2026-05-14,short,0.06040373952706357,0.22087305335105473,0.20532680823259747,0.1,True,True,0.9243354162098528,True,-2.05252255578503
GIS,2026-05-19,long,0.008009196549023701,0.16000810192954126,0.0058964373769047436,0.1,True,True,-0.9449571981178191,False,-4.737942763095216
GIS,2026-06-04,short,0.2730951733436607,0.2996881364777369,0.2754436635869957,0.1,True,True,0.8221646615352484,True,-3.788808796961951
GIS,2026-06-05,long,0.015959267691877013,0.3044837941191461,0.20112597149533695,0.1,False,False,-0.7682827005885833,False,0.5731538528265911
GIS,2026-07-23,short,0.8051985381499457,1.0388421789414368,0.47312406395534246,0.2,True,True,-0.8413964404344325,False,-1.4627298703893565
GIS,2026-08-12,long,0.41356622806541304,0.41731862549503745,0.4608469732170541,0.2,True,True,0.49019761529112077,False,4.9764314056889525
GIS,2026-09-03,short,0.3514294644848539,0.7934569404146663,0.22402304704425455,0.2,True,True,-1.2624411340717103,False,7.48853477432897
HON,2018-06-15,short,0.28376055370718195,0.39164356021966557,0.13725775509655017,,True,True,-0.9391306985858928,False,4.113711739798864
HON,2018-07-09,long,0.29898126893243065,0.5792709011558967,0.39243763269369875,,True,True,-0.8730988553231647,False,4.259937480059817
HON,2018-08-07,short,0.08579222358921616,0.15417575858294022,0.5533114997976002,,True,True,-1.7266184954305215,False,-0.8871740490902225
HON,2018-08-23,long,0.17596167275280222,0.24482240737520014,0.21151765707255626,,True,True,1.080064919990582,False,3.103041189023159
HON,2018-09-24,short,0.019615247831280967,0.34145163274764745,0.08588182418137995,,True,True,-2.069962018822281,False,-0.7334221495622684
HON,2018-11-05,long,0.2730868135995497,0.5744032248055182,0.5441784558932402,0.0,True,True,-1.518461179857759,False,0.757074947422498
HON,2018-11-23,short,0.11696005596565749,0.25620449282381913,0.2903707262916089,0.0,True,True,0.5959209404383421,False,3.706539051195401
HON,2018-11-29,long,0.011998051217065608,0.25122717851249976,-0.040185885918990194,0.0,True,True,-0.6190122427462079,False,-6.3812381792776485
HON,2018-12-06,short,0.08851903710289805,0.3656757711260654,-0.08844123914993676,0.0,True,True,0.5535738591550083,False,7.692880788883672
HON,2019-01-02,long,0.13447031844542204,0.3193161904270821,0.4585036586694207,0.0,True,True,-1.6281241752078417,False,4.695423165522072
HON,2019-03-04,short,0.1086657785587906,0.15489710292519468,0.07293756247649814,0.0,True,False,-1.4261357541176611,False,-1.572835765408298
HON,2019-04-01,long,0.2506342592619384,0.3716677230983371,0.08369197048858855,0.0,True,True,0.9276527332903021,False,0.32821336677131274
HON,2019-04-10,short,0.2740855745768615,0.3944498835042227,0.08633862674141081,0.0,True,True,-0.9129650483319984,False,-6.532478761980642
HON,2019-04-18,long,1.0847282077147335,1.3111820240317247,0.03300015269251322,0.0,True,True,1.0620017995574307,False,2.6499298048052067
HON,2019-05-07,short,0.7490007144301403,1.0407717320357106,0.39686480643371524,0.0,True,False,-1.3873671166748913,False,0.14720625413107147
HON,2019-06-06,long,0.14461528818858904,0.5048988332884224,0.5224975852542704,0.0,True,True,0.3139043581097574,False,3.5416828373176834
HON,2019-06-27,short,0.11057814547717201,0.1757019696795697,0.2631972073485637,0.0,True,True,-1.6268991829678052,True,-1.8983220759940744
HON,2019-07-01,long,0.06998185961787405,0.22553123465879993,0.06215629765538882,0.0,True,True,1.7008712722392851,False,-1.148155811567786
HON,2019-07-09,short,0.2215129684050584,0.23242943176870628,0.05382652144549326,0.1,True,True,-1.662124970898093,False,0.37603646466142227
HON,2019-08-30,long,0.7698633099572423,0.8927975225511517,0.4819471779677359,0.1,True,True,-1.150025779208577,False,0.9658196560113019
HON,2019-09-24,short,0.09656325817247716,0.25975293090987767,0.11979800729888339,0.1,True,True,-0.19658755695304406,False,4.307441574541349
HON,2019-09-30,long,0.1757115037007591,0.20899292211191933,0.023722559566551362,0.1,True,True,0.29802361929206483,True,-3.676127108781113
HON,2019-10-01,short,0.3160972779169726,0.4944700700845174,-0.01176643991353411,0.1,True,True,-0.1041109881834601,False,0.33495169863245744
HON,2019-10-16,long,0.05128843510670439,0.2346771484885496,0.3969279082377941,0.2,True,True,-0.7088673572284133,False,6.704131860641249
HON,2019-11-19,short,0.1195212047233183,0.2528290192230671,0.28686581852264126,0.2,True,False,-1.8987788693783705,False,3.8363092056656223
HON,2019-12-31,long,0.020455570878915922,0.04955166282754904,0.019505720259208235,0.2,True,False,0.16030993639437588,False,2.1073484090939454
HON,2020-01-24,short,0.6234039563995418,0.6759964042507247,0.38109187027056457,0.2,True,True,-0.5987411323027095,False,1.0444182801875646
HON,2020-02-11,long,0.2843206853244753,0.6347016779150517,0.30704641496833945,0.1,True,True,-0.23988540176849066,False,-6.6815759490144515
HON,2020-02-25,short,2.191097342314328,2.2665317080221308,0.5265709306761284,0.1,True,True,0.32647011921653696,False,3.1197045460260586
HON,2020-03-27,long,0.33989442865173813,0.6719057942570751,1.2018627452022825,0.1,True,True,-2.6071786449954772,False,5.081133892399081
HON,2020-05-07,short,0.09215929796529912,0.1225151814773722,0.20612260352608405,0.1,True,True,0.22030199433747852,False,-4.4545040402866
HON,2020-05-20,long,0.20512286510218752,0.251164600883457,0.19031996233143927,0.1,True,True,-0.3382656376473482,False,14.614438488360237
HON,2020-06-12,short,0.32425201959143357,0.5193916343860007,0.520183396134766,0.0,True,True,-0.8816253393132237,False,4.3595177959890545
HON,2020-07-14,long,0.018131700236006493,0.3418034242289581,-0.05930913218648317,0.0,True,True,-0.003338805461912803,False,2.6401003064367323
HON,2020-07-30,short,0.08608216440261367,0.30572625036583484,0.07833833766480416,0.0,True,True,-0.36314796574504277,False,-7.186211239560669
HON,2020-08-10,long,0.46086330247567614,0.4877203973468935,0.2288327928582613,0.0,True,True,0.3916420214460579,False,0.5275414123906419
HON,2020-08-21,short,0.08941450096386123,0.11907576966420019,0.33970824425347323,0.0,True,True,-0.8489874179906973,True,-5.834927272287205
HON,2020-08-25,long,0.48094730232354027,0.5019403672715048,0.1159118286478527,0.0,True,True,1.105300626274062,False,0.7415514466987183
HON,2020-09-08,short,0.10378145804472887,0.6775598869097561,0.2328117137532415,0.1,True,True,-1.7548252888004878,False,0.9679276096195566
HON,2020-10-06,long,0.05945488681381523,0.168286497113587,0.3995823039550985,0.1,True,True,0.5467850681611645,False,3.8168946892267464
HON,2020-10-26,short,0.3763491574647234,0.7552647100311968,-0.012752015881554665,0.1,True,True,-1.5096221031814696,False,-15.76071757722557
HON,2020-11-04,long,0.6820681804776138,0.7655739709651206,0.772079493351146,0.1,True,True,1.2202007059349114,False,12.935514191543973
HON,2020-11-30,short,0.04699710000443064,0.5033535702011837,0.12545221934959155,0.1,True,True,-3.3879515140073493,False,-3.8888001044682374
HON,2021-02-08,long,0.14536824816514504,0.3705635693088309,0.3343126743738348,0.1,True,True,-0.5080727285895676,False,0.5788323239808824
HON,2021-03-23,short,0.1842762692953333,0.5724837414121868,0.2179240739771344,0.1,True,True,-0.6214274652174517,True,-4.750951486096211
HON,2021-03-26,long,0.3437615525650981,0.4888372637904909,0.08922082443209423,0.1,True,True,0.7246851987787172,False,4.608068138836319
HON,2021-04-23,short,0.6693055738674405,0.9061505417365714,0.4647242089309938,0.2,True,True,-1.5023836542638398,False,-1.910920077837619
HON,2021-05-27,long,0.25618762453976873,0.9090282047360734,0.20461982237337384,0.1,True,True,0.4767430681571206,False,-2.633285554078446
HON,2021-06-10,short,0.40336015737508074,0.4052827768789778,0.26187865176056835,0.1,True,True,-0.6704598095338138,False,3.7834173345388855
HON,2021-07-01,long,0.17612812419394536,0.4551140960991229,0.28195840059359245,0.1,True,True,-0.9753507160274807,False,4.401225755565608
HON,2021-08-05,short,0.19061512730428976,0.26473336695006716,0.2359273359849415,0.1,True,True,-1.1119558573284842,False,0.5402960330920026
HON,2021-08-16,long,0.03073060157900761,0.165394796887143,0.12778914461185717,0.1,True,True,1.021931462026731,True,-0.8000431537896202
HON,2021-08-17,short,0.10434214827098512,0.1352211635202309,0.05690071857771705,0.1,True,True,-0.9654694603961912,False,-0.1987300377428669
HON,2021-10-06,long,0.3246742840214602,0.44332188698068464,0.2990919872931645,0.2,True,True,-1.487221910237992,False,3.126423941786416
HON,2021-11-17,short,0.19576435660964078,0.2973179357983819,0.27507063320838027,0.2,True,True,-0.5265755095821595,False,7.478808071192422
HON,2021-12-13,long,0.3748359406922725,0.4138366631841556,0.44816393914552877,0.1,True,True,-1.5278515226976206,False,-1.0419087877760802
HON,2021-12-21,short,0.1716237321942015,0.20464481404242973,0.24082266844273317,0.1,True,True,1.537284806433283,True,-4.656130750236387
HON,2021-12-23,long,0.0668769908333773,0.30832324666544303,0.14579363729208497,0.1,False,False,-1.4961066213291605,False,5.131085812790781
HON,2022-01-21,short,0.6563813373997727,0.6755924157386712,0.5857441798064756,0.2,True,True,-0.27515573612434546,False,6.630937759644873
HON,2022-02-28,long,0.5511872846666869,0.6130405560608785,0.3378158293091645,0.2,True,True,-2.195921984164173,False,-3.4519031013354406
HON,2022-04-07,short,0.11519856833982434,0.2057175792181581,0.21575346249125912,0.2,True,True,-0.5029965835871664,False,1.0742230254774832
HON,2022-04-19,long,0.02655761891555278,0.3198302732880384,0.1450867602973477,0.2,True,True,0.29925821186663676,True,-0.08109650028225168
HON,2022-04-22,short,0.18305043197743012,0.39782177611803304,0.03479115647559333,0.2,True,True,-0.23957100733143047,False,-2.5179613486085772
HON,2022-05-03,long,0.38354892968186866,0.3911555544910977,0.39552207314584037,0.2,True,True,0.14093468065456177,False,1.5433909325008877
HON,2022-05-11,short,0.18063233311603327,0.4017376562665001,0.33944674337368586,0.2,True,True,-0.26541612063909176,False,0.3140713659003369
HON,2022-05-17,long,0.27831821744703006,0.514415210890743,-0.013925450150370259,0.2,True,True,0.3600758901105344,True,-3.591889437599094
HON,2022-05-19,short,0.16558806072415339,0.25704897811072774,0.06785632265779619,0.2,True,True,-0.23299824677630207,False,-1.1263747560193549
HON,2022-05-31,long,0.03542848525441746,0.0972102133294402,0.35354793126283585,0.2,True,True,0.014373375190133498,True,-5.340353094045048
HON,2022-06-01,short,0.10405574991009851,0.14171748681055787,0.37049694762267865,0.2,False,False,0.02242047382079146,True,3.6162656468683774
HON,2022-06-02,long,0.4518813525102604,0.5624309720534035,0.2271916219296802,0.2,True,True,0.11701686128284994,False,-8.708914694069014
HON,2022-06-10,short,1.3627481896472895,1.4825358008543268,0.21413525228012803,0.4,True,True,0.09725647644871227,False,4.2892191901245935
HON,2022-07-12,long,0.20024787734711288,0.2873307143332854,0.27585793753157795,0.4,True,True,-1.7191106541455683,True,4.498590704542882
HON,2022-07-14,short,0.0016781259418927176,0.1349631625812569,0.05246646383568142,0.4,True,True,1.7808188586240046,True,-12.347345638914863
HON,2022-07-15,long,0.36173289625339566,0.36341605284129186,0.02895132927993389,0.4,False,False,-1.6969250591033935,False,11.377316647027524
HON,2022-08-23,short,0.15061984019174326,0.36606796329333363,0.30557549613460966,0.5,True,True,-1.7635627367345792,False,4.2824698984605725
HON,2022-10-04,long,0.15557485282309538,0.4759388976940881,0.13099870594826396,0.5,True,True,-1.3568741639158681,False,0.9484172810155567
HON,2022-11-23,short,0.019716177435625253,0.05608547835382319,0.09987081320105001,0.4,False,False,-1.775204377885029,False,2.5398498974806283
HON,2023-01-13,long,0.2260027203569048,0.25585483739427367,0.22632597580773098,0.4,True,True,0.13614212314517346,True,-4.999761541892456
HON,2023-01-18,short,0.4941155848655484,0.614598046555412,0.09840907082980822,0.4,True,True,0.052853992360808046,False,-1.21425777440467
HON,2023-02-02,long,0.07034435830060379,0.0795517759800267,0.07298865713995153,0.3,False,False,-0.2645418578203071,True,-3.867308345086762
HON,2023-02-03,short,0.25680659950865686,0.3269168750234659,0.06232722840076343,0.3,True,True,0.3335442883211596,False,0.6265718742525128
HON,2023-03-03,long,0.09939639014274529,0.6983717264156464,0.26280290844854187,0.4,True,True,-0.7772492674574625,False,-6.188376005714624
HON,2023-03-15,short,0.1962372109371122,0.7181744220253902,0.0755788484711992,0.3,True,True,0.6775888399758553,False,-0.5049943032053639
HON,2023-03-27,long,0.027478609921404832,0.2209547051964206,-0.002041300333498254,0.2,True,True,-0.717339536931824,False,2.2341436284642358
HON,2023-05-08,short,0.033176043534469644,0.2521040433069885,0.24312872041171701,0.2,True,True,-0.7077791090713419,False,-0.5144767603777023
HON,2023-05-22,long,0.058952612432095604,0.10511242247865507,0.46738931701884484,0.2,True,True,0.39458063563684415,True,-0.2996040165236358
HON,2023-05-23,short,0.18172590229110067,0.24112470383462986,0.3113694611700836,0.2,False,False,-0.3198581296543958,False,-1.7541339384014254
HON,2023-06-02,long,0.09112582381008891,0.8871915604622743,0.05686449992129761,0.3,True,True,0.03079151284805712,False,2.071912115626917
HON,2023-07-18,short,0.7241370525595829,0.7308052564071464,0.2582470768184563,0.2,True,True,-1.0972666811583982,False,5.734469900009187
HON,2023-08-23,long,0.11530470107285841,0.2391093986308083,0.18454407752403232,0.2,True,True,-1.7881764978833217,False,-1.5822166361757706
HON,2023-09-27,short,0.07235392557185424,0.299625770799489,0.35144606321080923,0.1,True,True,-0.02681986212753734,False,0.2554770336864465
HON,2023-10-11,long,0.08910135282473752,0.32394047338947846,0.40093656657690924,0.1,True,True,-0.614436909359305,True,-4.967997161029292
HON,2023-10-13,short,0.055611234849905454,0.07100461695367727,0.20542730232930892,0.1,True,True,0.6670650328522787,True,3.573765217020941
HON,2023-10-16,long,0.1834266526795853,0.2425424484262185,0.0735846963823178,0.1,True,True,-0.5809841889276343,True,-3.4795768130165716
HON,2023-10-19,short,0.055148295113780756,0.26558119600028607,-0.0466279031163931,0.3,True,True,0.6127498547814264,False,-2.2823298218903165
HON,2023-11-01,long,0.539466923312052,0.6367232085147364,0.39897699036872014,0.4,True,True,-0.7773142619163498,False,3.628115059667558
HON,2024-01-03,short,0.3863951807968176,0.722838242313102,0.07792015791569953,0.3,True,True,-1.5140589076667714,False,2.1512776866162486
HON,2024-01-30,long,0.1892639396714448,0.4517873779159767,0.2388495284279785,0.3,True,False,0.24241548047428682,True,-5.774645776306386
HON,2024-02-01,short,0.5246408222345127,0.6144281864369976,0.14819972017094277,0.3,True,True,-0.01202211969737452,False,-0.3243592425709041
HON,2024-02-16,long,0.07496436236394183,0.2758787387597825,0.25590669840127694,0.4,True,True,-0.6526118410444894,False,1.6052671046369094
HON,2024-03-14,short,0.06945284672803663,0.45828947385205077,0.17006615425424282,0.4,True,True,-0.1899303196321554,False,-4.532729584716044
HON,2024-03-20,long,0.05442697288171376,0.33849258221731,-0.07011624603196544,0.4,True,True,0.16832013793214992,False,-2.549950337226581
HON,2024-04-03,short,0.2380985035795757,0.7572155974364172,0.16731608449190788,0.3,True,True,-0.40470550694147195,False,3.844011640173095
HON,2024-05-01,long,0.3433703925361937,0.4287414924559262,0.03782546960166075,0.2,True,True,-0.6308855519784216,False,4.997444386618288
HON,2024-05-24,short,0.20082107845777375,0.5759556345494014,0.6653684965271637,0.1,True,True,-1.3768971956889973,False,-5.533587981207111
HON,2024-06-04,long,0.2547184043247197,0.7239126478166675,0.22671817370408084,0.1,True,True,1.3623152739104512,False,2.721629898899147
HON,2024-06-28,short,0.025429318282664055,0.3138962594813054,0.2878544990002888,0.1,True,True,-2.033874217274268,False,-1.0208709992208354
HON,2024-07-16,long,0.08995422611235389,0.41701077559995237,0.21920072155685597,0.1,True,True,1.5009418591187376,True,-7.245839086167594
HON,2024-07-19,short,0.0689093058735313,0.4902653099796431,-0.029451542577051168,0.1,True,True,-1.513989261697401,False,5.0882851028151705
HON,2024-08-19,long,0.0931286064392203,0.36770500809959544,0.35978845606066073,0.1,True,True,-1.4654726356260244,False,2.9240489695448124
HON,2024-09-10,short,0.08935443207494988,0.13939744641542112,0.42652173897648826,0.1,True,True,0.14662864722575913,True,-2.1498205864514786
HON,2024-09-11,long,0.08109436778473113,0.17100262928953258,0.2826505644086079,0.1,False,False,-0.07924028495360182,False,1.3428647534694305
HON,2024-10-03,short,0.130858702027259,0.2856779566760163,0.15957334172543328,0.2,True,True,-0.24116020253619858,False,-8.216678222897688
HON,2024-10-09,long,0.7841134016064422,0.8677138751414237,0.024044524075007262,0.2,True,True,0.52968783337126,False,3.1071548589304054
HON,2024-10-24,short,0.11496703117125798,1.6567337425617337,0.28284364881032853,0.2,True,True,-1.5797108215628237,False,-4.0172136333759045
HON,2024-11-07,long,0.08601557918429908,0.7450976540603397,0.5234512177417668,0.2,True,True,0.3028983292385855,False,4.461174656798628
HON,2024-12-02,short,0.019451944230887374,0.24108392454489203,0.09062701958164873,0.2,False,False,-1.8740109714213322,False,-2.6309900058546276
HON,2025-01-22,long,0.06858418084541167,0.14500606529387858,0.41854933429630226,0.2,True,True,-0.5717665598260093,False,-0.331701305865606
HON,2025-02-06,short,1.1577445457080255,1.4648071338996533,0.04503248446894047,0.1,True,True,0.7102459403916168,False,-1.010387084307851
HON,2025-02-21,long,0.16734083408114367,0.5099069367062169,0.6738712278429027,0.1,True,True,-1.3899914061500966,False,1.759020133012168
HON,2025-04-04,short,1.9106455867284233,2.130303318048768,0.16118497364642548,0.1,True,True,0.5809657261475151,False,-1.696417896231317
HON,2025-04-22,long,0.045789477161290656,0.4188859398425119,0.08233415477700998,0.0,True,True,-1.4338932156842221,False,5.827483703256342
HON,2025-06-03,short,0.02614436199530658,0.0668240311775871,0.11432500012285048,0.0,True,True,-1.6740118623508338,False,2.1960547214733617
HON,2025-06-30,long,0.14560093725209292,0.4986295741475953,0.20461973628599586,0.0,True,True,0.6505273571126677,False,1.0391601553278118
HON,2025-07-15,short,0.09760640733999564,0.3257170219133664,0.29316630083334283,0.0,True,True,-1.2202191704401393,False,5.771348120183095
HON,2025-08-20,long,0.11636864203954471,0.1357874009900541,0.14659926665742115,0.0,True,True,-0.9045648812609381,False,-0.8479205945083224
HON,2025-09-04,short,0.009150532464911314,0.18690103456702686,0.29720093032902223,0.0,True,True,0.48821791829943084,False,2.3052733166436967
HON,2025-09-30,long,0.21103027685069028,0.25247951485005055,0.09031567197788826,0.0,True,True,-0.7706830397807862,False,-0.8978580147334991
HON,2025-10-10,short,0.6052791269725867,0.7088752440958129,0.17313146228221485,0.0,True,True,0.7912923443648836,False,-7.580512540258644
HON,2025-10-20,long,0.049309054549734624,0.6356278255459925,-0.12836575860973728,0.0,True,True,-0.8144322614771838,False,1.8463255532544354
HON,2025-11-06,short,0.44250314095488613,0.45374952866215956,0.6886624738906268,0.0,True,True,-0.013126112980564528,False,3.390917281045036
HON,2025-11-12,long,0.41364786684053145,0.6876501189249108,0.06589609897144585,0.0,True,True,0.07995716394064849,False,-5.18976089575236
HON,2025-11-18,short,0.8416934566935931,1.0381412807551518,0.07019298479819962,0.0,True,True,0.11192025782731518,False,-1.0551082173926307
HON,2025-12-03,long,0.1542139548575643,0.44744874397887185,0.4235745182280182,0.0,True,True,-0.7849166077248159,False,3.318339919231428
HON,2026-01-02,short,0.10127432909548166,0.11569808214371434,0.22298844712789426,0.0,True,False,-0.48176196855034875,True,-12.002244866617895
HON,2026-01-05,long,0.44102695555356375,0.5430334281018285,0.14820337684807414,0.0,True,True,0.7508482389512253,False,6.952108157267056
HON,2026-02-19,short,0.2994688187877703,0.3757955812585863,0.31941322705750774,0.1,True,True,-2.282001232823361,False,0.5011004808161412
HON,2026-04-06,long,0.06961827970133953,0.1745062375697446,0.3581473997231195,0.1,True,False,-0.5290556219090302,True,0.6704327284744904
HON,2026-04-07,short,0.04406811467753627,0.1154698314533731,0.2639920356284676,0.1,False,False,0.5647046197921352,True,0.7237374842814948
HON,2026-04-08,long,0.3832710906118437,0.4280062731077428,0.1428581195292176,0.1,True,False,-0.4081300191281192,False,-5.377041237769964
HON,2026-04-21,short,0.21334566868695398,0.5831563571346963,0.16246254950870934,0.3,True,True,0.13373396195048667,False,5.922061234582909
HON,2026-05-08,long,0.018657278268844606,0.10336372442514241,0.31869599876280147,0.3,True,True,-1.0088651106049897,False,7.532189686301671
HON,2026-06-05,short,0.7153713844652737,0.8314316080316082,0.7185404920301532,0.3,True,True,-0.288632906657938,False,-6.608405508464088
HON,2026-06-16,long,0.22546646477048493,0.5599938365751006,0.5248227523022749,0.3,True,True,0.04890457790957328,False,-7.865864511222065
HON,2026-06-30,short,0.6854634217097063,0.6888634634493783,0.14523882250041373,0.3,True,True,-0.04423461197612309,False,0.47342332295462475
HON,2026-07-21,long,0.2841432572568763,0.3497682738973109,0.2346748446436704,0.2,True,True,-0.6067461200173601,False,8.235446473276586
HON,2026-08-11,short,0.643501693579447,0.9005448140156185,0.32711440127168917,0.2,True,True,-0.9655912871528215,False,5.99376377857237
IBM,2018-06-20,short,0.11402213934935272,0.36341581882320906,0.25074959979215794,,True,True,0.09900392029582368,False,0.8413304119855192
IBM,2018-07-06,long,0.2285286775724217,0.5031421923779411,0.3145859269955266,,True,True,-1.1106628119927335,False,2.7161794425562658
IBM,2018-07-31,short,0.11931112361276269,0.25652101237359903,0.24645288819454933,,True,True,-0.6557922574123559,False,0.014621487985300163
IBM,2018-08-07,long,0.06078449917428685,0.2399971188606329,0.1337572541750392,,True,True,0.5616804930698986,False,0.3652650034636773
IBM,2018-08-13,short,0.4005510570974216,0.40769298682169897,0.017964743741873446,,True,True,-0.4038678743413727,False,-2.7888864710017724
IBM,2018-08-17,long,0.11267635458001664,0.3223424328675948,0.06694481849651948,0.0,True,True,0.4699006083215299,False,0.28753318721665977
IBM,2018-09-04,short,0.07831873976290606,0.28142939664857414,0.07154491196487965,0.0,True,True,-0.6076308755029985,False,-1.976976498470795
IBM,2018-09-13,long,0.3738609989777078,0.7662112296856469,0.0355274030280813,0.0,True,True,0.5988931452197689,False,1.7119972216893542
IBM,2018-10-05,short,0.801069209736804,1.9146651525816598,0.31146956357948213,0.0,True,True,-1.5658011574286637,False,13.37313250438118
IBM,2018-11-07,long,0.34268469937666624,0.7957462380637403,0.6446179321842995,0.0,True,True,-2.5611521042600773,False,-3.8127724948308073
IBM,2018-12-17,short,0.019862978538941815,0.2910648428983515,0.0785874115622582,0.0,True,False,0.504487188790774,False,0.7666002366059521
IBM,2019-01-02,long,0.03015648048021266,0.2740215637964892,0.24165422475870987,0.0,True,True,-0.9604766392292649,False,5.563758601612889
IBM,2019-02-20,short,0.019401854280488698,0.10964831869542091,0.0181651132028382,0.0,False,False,-1.1884122071102199,False,0.7391508796866342
IBM,2019-04-01,long,0.011747958328713507,0.34781177408614383,0.017790627267663266,0.0,True,True,0.4935424553998751,False,0.41870462921971274
IBM,2019-04-09,short,0.03754529553269881,0.3032563582296381,0.05377014867910115,0.0,True,True,-0.6210477631444294,True,1.519958736293625
IBM,2019-04-12,long,0.028593346540413622,0.11448678467477909,0.08586178336318291,0.0,True,True,0.6604448611265439,True,-3.6716119628107946
IBM,2019-04-15,short,0.054369486182938256,0.08506616875546809,0.007135820594514755,0.1,False,True,-0.6608612636969369,True,2.522589378666862
IBM,2019-04-16,long,0.1375028237767385,0.1953318982711855,0.036275722288389566,0.1,True,True,0.6959814307189647,True,-3.155574045764775
IBM,2019-04-17,short,1.34105588846828,1.4825111397426047,-0.013518901352565556,0.1,True,True,-0.5199132209616258,False,-0.34505285957062704
IBM,2019-05-22,long,0.35872071409109874,0.37214101428427204,0.37616350767548795,0.4,True,True,-0.4548946679430973,True,-3.0289559508694386
IBM,2019-05-23,short,0.2555820053895343,0.6269728462640656,0.20675283778142187,0.4,False,False,0.5675373591714912,False,-0.6949085332430105
IBM,2019-06-06,long,0.21479181099355737,0.575695881439624,0.6017425948534427,0.5,True,True,-0.8947902578662534,False,5.014350465068995
IBM,2019-08-01,short,0.09110866531907078,0.14234051558797334,0.42868931214396905,0.5,True,True,-2.0746935974894547,False,11.206525367455743
IBM,2019-08-30,long,0.3399693350159356,0.37960934641383964,0.3307980118863781,0.5,True,True,-1.161444862804034,False,5.128018283177438
IBM,2019-10-02,short,0.09945175539737953,0.2373298715302967,0.0029103565559485687,0.5,True,True,-0.7160508660038446,False,-0.29644989508259556
IBM,2019-11-04,long,0.19639437510151594,0.4551311066973355,0.19911035038610783,0.4,True,True,-0.7952709744804178,False,-1.2883198658846018
IBM,2019-11-20,short,0.0934979495614284,0.19224187761266912,0.07934480835578173,0.3,True,True,0.37485557273389436,True,0.9684820746458933
IBM,2019-11-25,long,0.3202360196797119,0.35115433878708074,0.028961340933912994,0.3,True,True,-0.27399729473890444,False,-1.515046742230497
IBM,2019-12-02,short,0.058250642972005086,0.2898490544557816,0.04325994551209696,0.2,True,True,0.3175138778693949,False,-0.917911475205968
IBM,2019-12-10,long,0.1540198757864879,0.22738882647792338,0.16329175425635886,0.2,True,True,-0.38298639761890496,False,0.7990452168865625
IBM,2019-12-31,short,0.003601093762000162,0.11373909691821846,0.26241981417793564,0.1,True,True,0.023082556663387904,True,-1.9248104549340894
IBM,2020-01-02,long,0.2519877529995604,0.2558770335992492,0.27313972708044976,0.1,False,False,0.0467191506116544,True,1.8904298104892137
IBM,2020-01-07,short,0.07614340808761332,0.08214547407250056,-0.0003200969384333309,0.2,True,True,0.016715200786303615,True,-7.228583666801547
IBM,2020-01-08,long,0.24167071941744322,0.323244304600147,0.08946011368256836,0.3,True,True,0.04467846669077663,False,5.5872105102395375
IBM,2020-01-30,short,0.905767555567135,1.1441595367496855,1.0980929238184813,0.4,True,True,-1.066077093803623,True,-14.002539272874582
IBM,2020-01-31,long,0.7055331663868271,1.6036611776866125,0.41633864556956546,0.4,False,False,1.3938548724071973,False,5.9442749297466735
IBM,2020-02-19,short,0.09926707472775097,0.6817948595825419,0.8579390586372901,0.5,True,True,-2.566712332598358,False,11.030096949617786
IBM,2020-03-26,long,0.3802411196305575,0.7243119267592887,0.456772238896356,0.4,True,True,-2.346818025973034,False,7.62688433782992
IBM,2020-05-07,short,0.004864672891017256,0.0579663960384403,0.11410411668732166,0.4,True,True,-0.3968720548789196,True,1.740514040966834
IBM,2020-05-08,long,0.008973780625553696,0.0139599277331491,0.07180909284535494,0.4,False,False,0.4033489599254499,True,-3.740120113705947
IBM,2020-05-11,short,0.004497615649726752,0.013748872739759343,0.03644086190095697,0.4,True,False,-0.3962318448576945,False,0.6770337610015109
IBM,2020-05-27,long,0.13777389612827393,0.2777050972438883,0.022732403725498958,0.5,True,True,0.18839960213444043,False,3.4490989309706066
IBM,2020-06-11,short,0.20291181502476965,0.9514271355610816,0.050415975992273994,0.4,True,True,-0.4943852720430417,False,-0.8643322279236365
IBM,2020-07-14,long,0.14575026280769202,0.3901923543588535,0.13253299523084017,0.3,True,True,-0.29035144030292165,False,3.2089651670521357
IBM,2020-07-31,short,0.1195981031509709,0.28124329878354193,0.3417860870331459,0.3,True,True,-0.22184997496416622,False,-3.2293887429104107
IBM,2020-08-06,long,0.05166132706874046,0.07322355355846769,0.03379677191061444,0.2,True,True,0.2586642010429291,False,-1.0763722505589213
IBM,2020-08-17,short,0.07397313442402273,0.21789499512562194,0.12491622579122966,0.2,True,True,-0.47273053625888617,False,0.9080474016910589
IBM,2020-09-02,long,0.04671532848854891,0.7016130692113797,-0.05451690382266291,0.2,True,True,0.5140272254217755,True,-2.543303958290466
IBM,2020-09-03,short,0.10771447067954004,0.15723662417158835,0.11540581434476102,0.2,False,True,-0.4495570320732936,False,1.3579690114681964
IBM,2020-09-17,long,0.09928284384206222,0.5252662683950221,0.3660060120719106,0.2,True,True,-0.15646703725388353,True,-3.065964992191572
IBM,2020-09-21,short,0.5359950059894077,0.5501491542498249,0.34189183504769066,0.2,True,True,0.3845611233981657,False,-1.4635832152492645
IBM,2020-10-01,long,0.06830889643826037,0.2047570938210698,0.5837817361183252,0.2,True,True,-0.6994311256400846,False,3.1381776214357116
IBM,2020-10-20,short,1.0996234405237002,1.9889833739508342,0.38766030224024683,0.2,True,True,-0.28207300817518716,False,2.734962898259896
IBM,2020-11-06,long,0.10798676437965511,0.375137414463867,0.5744694452002885,0.2,True,True,-2.055769505317272,False,4.029869882363202
IBM,2020-12-14,short,0.08400748192275216,0.2554770890953455,0.18026825494664003,0.2,True,True,-1.4589921632089857,False,-0.21856847781704936
IBM,2021-01-06,long,0.09672590057777475,0.41075553437791723,0.09521791310240678,0.2,True,True,0.8388363049653415,False,1.8253462331676573
IBM,2021-01-22,short,1.1534479399648714,1.5663095125664168,-0.09987997403715287,0.2,True,True,-0.5494110797466557,False,-2.6810548853415606
IBM,2021-02-09,long,0.09162952859922505,0.43655901592685525,0.5171296454055917,0.2,True,True,-0.586719799891626,False,0.9090641971445157
IBM,2021-04-08,short,0.015918021472955426,0.14001398821542715,0.14499976574594772,0.1,True,True,-2.1387454944927846,False,-4.5589036775295355
IBM,2021-04-21,long,0.8103972251738157,1.4510677642439034,0.3304119875226852,0.1,True,True,1.8489657578961365,False,1.1633452606838013
IBM,2021-05-12,short,0.5307185211138005,0.782644189556065,0.23227998483052636,0.0,True,True,-2.150632804557857,False,-1.4720462698649905
IBM,2021-06-08,long,0.3440660847510185,0.35278417195411327,0.3270751238257013,0.0,True,True,1.251266406682189,False,-1.8179562644819125
IBM,2021-06-16,short,0.0884058541003965,0.5850127919084708,0.16140189381211797,0.0,True,True,-1.379185934526934,False,0.8388182003853051
IBM,2021-07-23,long,0.23388499374714625,0.2717723357498015,0.34580581929048176,0.0,True,True,-0.7929945293981563,False,1.9456729636835535
IBM,2021-08-19,short,0.4617777271987421,0.6006706033847051,0.2568634313321996,0.0,True,True,-0.004507649865244615,False,-1.441827576067345
IBM,2021-09-24,long,0.026750528492081684,0.746211066303099,0.2264910755223188,0.0,True,True,-0.7722130443382296,False,4.167577979825365
IBM,2021-10-21,short,2.65108107414357,2.743622391889148,0.32098553378280126,0.0,True,True,0.11691064052930712,False,1.4968073731608689
IBM,2021-11-08,long,0.0434353520503275,0.6028426623914378,0.5305192462919973,0.0,True,True,-2.441760813104035,False,-5.231889122439604
IBM,2021-11-19,short,0.0476831872582607,0.12644893256243972,0.07484561575426657,0.0,True,True,2.1250556921627157,True,-3.3261415782033454
IBM,2021-11-23,long,0.06065722903585703,0.09337574922884456,0.06737189623027001,0.0,False,False,-2.0472902874432455,False,5.3343420476750225
IBM,2022-01-11,short,0.25944544021755356,0.5015544092703788,0.4093890246559078,0.1,True,True,-1.6158128336857966,False,-1.0461350403608627
IBM,2022-02-02,long,0.04710510021398873,0.3061712446638817,0.1702587214732632,0.1,True,True,0.6639450911881151,False,-4.746049923412565
IBM,2022-02-10,short,0.04096809381048911,0.2917442815669528,0.01978475249807819,0.1,True,True,-0.7306657651958548,False,6.995225065273603
IBM,2022-03-07,long,0.08627003010196975,0.2773253394615064,0.4785558660082775,0.1,True,True,-0.7846128204175613,False,1.6102257624261318
IBM,2022-04-07,short,0.14392030351263096,0.23350105410053773,0.24872834961597326,0.1,True,True,-0.32366149547332346,False,-7.545721287189999
IBM,2022-04-20,long,0.8683186405222124,1.3314325336317692,0.16106019184936118,0.1,True,True,0.3418295465213565,False,-0.6651436490425655
IBM,2022-05-03,short,0.25974988209910804,0.31971259884271686,0.4470106060228619,0.1,True,True,-0.9245547648147002,True,-5.681022350057896
IBM,2022-05-04,long,0.062015960892152944,0.33444628775596014,0.2912243221565528,0.1,False,False,1.044917194386299,False,-2.0723062431424855
IBM,2022-05-10,short,0.7088752786431604,0.8693435176327459,-0.028553373204099793,0.2,True,True,-0.8087055136294838,False,-3.6165109603250256
IBM,2022-05-17,long,0.3115423322621453,0.6963647332594238,0.22742188769316948,0.1,True,True,0.9068433947545737,True,0.7660719849358344
IBM,2022-05-18,short,0.08615390485704724,0.3994058474466272,0.2090868115005535,0.1,False,False,-0.7957576257922578,False,-5.423475596040195
IBM,2022-05-26,long,0.11321363383294696,0.6117261369244188,0.3023454329027838,0.2,True,True,0.5420324027504919,False,-0.511342905447143
IBM,2022-06-10,short,0.22880454836842537,0.8641518024100536,0.42871571031799693,0.2,True,True,-1.4965708272980105,False,-4.8534943954609
IBM,2022-06-24,long,0.005141505788280434,0.7228834052004712,0.2754888667040818,0.2,True,True,0.7863735791569136,False,-0.7461731873079858
IBM,2022-07-05,short,0.21888782316498026,0.6570792870361822,0.10654985327502385,0.2,True,True,-0.9363327761212487,False,4.897525999487929
IBM,2022-08-03,long,0.1826801850273786,0.3798039042968517,0.5442765766472407,0.2,True,True,-1.4443906211243112,False,5.4299884685963695
IBM,2022-08-26,short,0.31653219023158974,0.6305641024107098,0.4461169832478617,0.2,True,True,-0.3047078216334642,False,-0.21474730755237648
IBM,2022-10-05,long,0.5283747387192341,0.5495120048357424,0.26266675298749,0.1,True,True,-1.2630370486345857,True,-2.568799631266161
IBM,2022-10-07,short,0.035400620937182437,0.5095628352657664,0.12339448588325262,0.1,True,True,1.4039645605958213,False,-9.325027443020616
IBM,2022-10-14,long,0.09055891066315215,0.2006122425312742,0.11841010231064225,0.2,True,True,-1.4556181010950944,False,15.386533149105542
IBM,2022-11-29,short,0.27289526528670166,0.3118345472135164,0.26943300174096635,0.1,True,True,-1.8925160721436558,False,-2.7851928342233156
IBM,2023-01-10,long,0.17623892955266565,0.21470783101714488,0.172118339145655,0.1,True,True,-0.02703965766897802,False,-2.7900705543425386
IBM,2023-01-19,short,0.2561101165004514,0.3198483135962999,0.1637894805336131,0.1,True,True,0.01862676090802849,False,3.008115192058325
IBM,2023-02-10,long,0.07001367615273574,0.28336896681814583,0.12300996264858684,0.1,True,True,-0.6467163188300441,False,-3.7684344857731644
IBM,2023-02-22,short,0.23955467590910834,0.3319799315541112,0.19942309706810182,0.1,True,True,0.5769465367344282,False,2.2295126344093696
IBM,2023-03-21,long,0.3961716679892238,0.5980305319792223,0.3397892277319143,0.1,True,True,-0.9204198985751021,False,3.9740824248307716
IBM,2023-04-17,short,0.1886398329988626,0.2691276595845453,0.5149831508411596,0.1,True,True,0.025605573807073193,False,1.3534746609483173
IBM,2023-05-15,long,0.20861433159283602,0.387112991059834,0.21775892072891545,0.1,True,True,-1.1954353211116078,False,4.96107712545959
IBM,2023-06-21,short,0.021587508715457095,0.7589742507177009,0.3058148179748569,0.0,True,True,-1.7198467599046807,False,1.144440599721841
IBM,2023-07-19,long,0.0998819116926723,0.14545283559397684,0.12825390550370558,0.0,True,False,0.4935413877693266,False,6.414260738346322
IBM,2023-08-11,short,0.053031701778221696,0.21049228842308104,0.2416235749250323,0.0,True,False,-1.8131638895834568,False,-1.5581573701521911
IBM,2023-08-28,long,0.02151200478143554,0.3329980283149087,0.3105320556086001,0.0,True,True,1.3250995169514161,False,0.19174968579482865
IBM,2023-09-12,short,0.3363934357969977,0.4907007978391218,0.1676911053551667,0.0,True,True,-1.4715707237188898,False,2.0915960006973933
IBM,2023-10-26,long,0.3983627902661978,1.2582565587688883,0.052313439587785074,0.0,True,True,-0.8969248635755409,False,3.1460882149029645
IBM,2023-12-15,short,0.2559914628700632,0.3256261415703733,0.11897078305243361,0.0,True,True,-2.2622135950517768,False,0.4499717785779733
IBM,2024-01-16,long,0.1221371795276645,0.45967427498761365,0.3149499474880166,0.0,True,True,0.8953068056966713,False,12.523943984185792
IBM,2024-02-07,short,0.040215549082719466,0.4345824705545933,0.6041467181368699,0.0,True,True,-2.5898388400051773,False,-1.1697988028562367
IBM,2024-03-05,long,0.12868984372225048,0.24711864342373738,0.31834863821624076,0.0,True,True,1.6137688405014396,False,0.72414468061619
IBM,2024-03-15,short,0.41769726023395365,0.5328363331839511,0.10462747929411802,0.0,True,True,-1.9862412300945556,False,0.6489785653652103
IBM,2024-05-10,long,0.19522202450530102,0.2818990391307658,0.4118873224073284,0.0,True,False,-1.435754672504834,False,2.237523521164886
IBM,2024-08-05,short,0.839932201155811,0.964314745740756,0.3249310802787447,0.0,True,True,-1.1941862012267142,False,-7.158987898446845
IBM,2024-08-15,long,0.21025700008745155,0.2609322267383368,0.10277850699751283,0.0,True,True,1.2250253083940301,False,2.5522061598525214
IBM,2024-10-01,short,0.42549805312639566,0.7916402540647967,0.3946075004592929,0.0,True,False,-2.043324893897527,False,-6.204702284241104
IBM,2024-10-08,long,0.16467901583372352,0.3470132390309361,0.29592850961863687,0.0,True,True,2.2367886860757733,False,1.587795371285483
IBM,2024-10-17,short,0.2637469935938394,0.6468478684825769,0.344923083069727,0.0,True,True,-2.5242544630932002,False,11.233256160107953
IBM,2024-11-20,long,0.4051365113067564,0.45328906640728833,0.04890391127135003,0.0,True,True,-0.665066372449057,False,9.389568736919095
IBM,2024-12-16,short,0.08262226980219613,0.24179423500458516,0.23182730528588297,0.0,True,True,-1.2882130502885785,False,4.1425131615172255
IBM,2025-01-17,long,0.02814330605020265,0.31042517171884504,0.1201636877300896,0.0,True,True,-0.20198140284415028,False,15.988261548456983
IBM,2025-02-24,short,0.018440587128092923,0.27712530450649714,0.17867896575474485,0.0,True,True,-2.1986645183862157,False,1.89788556048891
IBM,2025-04-16,long,0.1816906400128197,0.20974349688265,0.4691487171699205,0.0,True,True,-0.8806927671639503,False,0.4568856901252305
IBM,2025-05-28,short,0.07183904027866037,0.26652618792167493,0.3832956984839023,0.0,True,True,-1.279924883090957,False,-8.177074765972513
IBM,2025-06-06,long,0.013449108517041319,0.14371993264728636,0.1087671662477777,0.0,True,True,1.1684721669685758,False,7.553801679761141
IBM,2025-07-02,short,0.265650246606054,0.49869408023099226,0.21321013545545367,0.0,True,True,-1.7827633918166044,False,1.9642113714028242
IBM,2025-08-20,long,0.21692023497162138,0.30030716877109775,0.3026554211708774,0.0,True,True,-1.5099232914397753,False,1.9088894865786799
IBM,2025-10-10,short,0.14730341439081648,0.5587277669667228,0.1695950977308815,0.0,True,True,-1.3035729035733845,False,-10.668778556638014
IBM,2025-10-24,long,0.354280257553079,0.8614000128904781,0.12973325946874284,0.0,True,True,0.9508920817479084,False,-0.35125770769415254
IBM,2025-11-07,short,0.03106101574358746,0.2132410285256983,0.14974791034510887,0.0,True,True,-1.2862529667509308,True,2.3826787704013475
IBM,2025-11-11,long,0.06227397773132072,0.1138992828868927,0.017570222713546593,0.0,True,True,1.3084542861041506,True,-2.9452953896103584
IBM,2025-11-13,short,0.254142854633012,0.3904793312571212,-0.0343567497256135,0.1,True,True,-1.218443639478563,False,-1.2202386545914878
IBM,2025-12-08,long,0.08355540719803096,0.1250682376740684,0.11391850160110291,0.2,True,True,0.49850487405468985,False,-2.0667547055337576
IBM,2025-12-16,short,0.42604822378000967,0.45449653557011294,0.1294102052431673,0.2,True,True,-0.44244776221666154,False,2.2989616654846556
IBM,2026-01-12,long,0.6846350211761071,0.8364443384957401,0.32598801988211085,0.2,True,True,0.04052531458765654,False,-5.86841876893337
IBM,2026-01-20,short,0.5749061452672278,0.9808899540231258,0.06630645088112268,0.2,True,True,0.1468303780359236,False,-1.015961443976221
IBM,2026-01-29,long,0.2591937851984019,1.1360996445778089,0.0872093229506408,0.2,True,True,-0.2929497185609192,False,-15.599652598587744
IBM,2026-02-04,short,0.3062372733081249,1.1678123388510864,-0.18355395643944364,0.2,True,True,0.24004319009755912,False,10.831627524361176
IBM,2026-03-04,long,0.08546583107902431,0.7533976498364476,0.5877974609678129,0.2,True,True,-2.098368996275458,False,0.6158616506634962
IBM,2026-04-10,short,0.011145428929974787,0.3707391986104342,0.11892061941447742,0.2,True,True,0.8407730213643915,True,-0.528691501783074
IBM,2026-04-13,long,0.024585488450954495,0.0357548042021425,0.23856141972023173,0.2,False,False,-0.8413224577987002,False,-4.1081515576854795
IBM,2026-04-24,short,0.12732221390556173,0.4862826605903382,0.269133837352773,0.1,True,True,0.36626953525498573,False,0.22802270056478946
IBM,2026-05-20,long,0.34122991848831263,0.38612935754829103,0.29923701377501943,0.1,True,True,-1.1482732602160248,False,34.119996371727446
IBM,2026-06-10,short,0.10028562741166011,0.795057996841806,1.033899617829668,0.1,True,True,-1.8707263479435237,False,5.173303576396093
IBM,2026-07-01,long,0.15923075390150185,0.3364632519013726,0.39980143516889743,0.1,True,True,0.5277777695009085,False,-23.47598252899994
IBM,2026-07-14,short,1.437551393623113,1.7290895477742567,0.2571206164356348,0.1,True,True,-0.24989051659703895,False,-4.827939272092907
IBM,2026-07-31,long,0.05496390693449363,0.17882924072440604,0.3305072500898137,0.1,True,True,-1.5184842322891963,False,5.522426991715368
INTC,2018-07-09,long,0.1168006841137159,0.7298543360847731,0.6256996413472479,,True,True,-1.4366124617850644,False,0.8677273675183894
INTC,2018-07-27,short,0.48393381881874137,1.3105633082392527,0.04715364716894367,,True,True,0.5728557145238812,False,-3.0768822445014443
INTC,2018-08-08,long,0.1350053064523518,0.2816396038020624,0.28093764844899133,,True,True,-0.8955568251536729,False,-5.824636053431798
INTC,2018-08-14,short,0.14862764411837748,0.17532067468287107,0.03622063530905154,,True,True,0.9702374655128655,False,-0.9351705954756984
INTC,2018-08-27,long,0.31243296233278084,0.38510349909505104,0.1505318788783396,,True,True,-1.0617474465141137,False,-7.07343614764242
INTC,2018-09-10,short,0.24249260362232875,0.3243702197767817,0.3303782399616204,0.0,True,True,0.81656072510027,False,-1.3174711820941098
INTC,2018-09-20,long,0.6513189853593839,0.7064147157294005,0.33725953214200965,0.0,True,True,-0.9076200409736592,False,1.970366958579528
INTC,2018-10-10,short,0.24683980978617331,1.1533141414479342,0.5256885334851832,0.0,True,True,0.3012233160564,False,5.3124909771733675
INTC,2018-10-29,long,0.29064352891322753,0.5177810905381728,0.18859636547512515,0.0,True,True,-1.2783497766951089,False,3.3999745345281163
INTC,2018-11-21,short,0.17653716137942174,0.39569380437813445,0.12479437986305195,0.0,True,True,-0.9886754980380179,False,1.6797670108831264
INTC,2018-11-28,long,0.0904914461350114,0.41862549087687667,-0.04877964357605373,0.0,True,True,0.9534118423307261,True,-1.1666090908365123
INTC,2018-11-29,short,0.06717977978296233,0.1576342778123112,0.17601735644294203,0.0,False,False,-0.8771976945084856,True,-0.33545702721142767
INTC,2018-11-30,long,0.36409520622657904,0.43153140572376336,0.16967741765294486,0.0,True,True,1.0647852211490842,False,-4.5224185137406785
INTC,2018-12-07,short,0.7578700870622608,0.8887003949366912,0.08009925172691693,0.2,True,True,-0.6592753627866236,False,3.0276878386258144
INTC,2019-01-02,long,0.1306774135664723,0.38006018104955763,0.5516541583389053,0.2,True,True,-0.5289975246885958,True,2.2302649807754316
INTC,2019-01-03,short,0.5105418180840002,0.6421487372978252,0.397276280644903,0.2,True,True,0.8068151943005953,True,-8.945782328296502
INTC,2019-01-04,long,0.06820152326546298,0.5848241918241279,0.07564528083514689,0.2,True,True,-0.5942313074563681,False,4.17195970355051
INTC,2019-01-28,short,0.7094753446061501,0.7553906194171356,0.33167177967797845,0.4,True,True,-0.47637640738784837,False,-5.072010684290107
INTC,2019-02-04,long,0.18916063781808085,0.6531887795830937,0.25987886362628365,0.4,True,True,0.471036904611273,False,5.091054324607636
INTC,2019-03-07,short,0.19189463158232234,0.5059560479807163,0.23702454278189417,0.4,True,True,-2.232148783465115,False,-3.87836205755272
INTC,2019-04-04,long,0.5055794250712181,0.5284887410371798,0.4676997548502718,0.4,True,True,1.6113132839840065,False,4.59585595153833
INTC,2019-04-26,short,1.8517090813180457,2.593644498378958,0.3240983208817764,0.3,True,True,-1.5801451075166508,False,11.342840593151548
INTC,2019-05-29,long,0.02077599481529049,0.25234457688341083,0.2611043305895371,0.2,True,True,-2.0074940150122704,False,4.725302036466572
INTC,2019-08-01,short,0.4766327788032828,0.5688094981995452,0.2691115953170804,0.2,True,True,-0.7071044564655915,False,7.053425692641746
INTC,2019-08-29,long,0.06520842443345935,0.3379522200086822,0.06035900808119682,0.2,True,True,-0.5397182083179823,False,12.097294785829726
INTC,2019-09-23,short,0.05486947217067013,0.2819076258104847,0.38215046446037415,0.1,True,True,-0.8844967379151208,False,0.5500689337489373
INTC,2019-10-14,long,0.0086779847031225,0.11918346886503926,0.22003045970707893,0.0,True,True,0.3950412674537508,False,9.914809493298836
INTC,2019-10-23,short,0.003561485269473784,0.12481755937978709,0.08357798156525079,0.0,True,True,-0.6418169075721463,True,-11.981810020345506
INTC,2019-10-24,long,0.033524840869367314,0.0372367327961471,0.045883076736760994,0.0,False,True,0.6833337090042348,False,11.754703049286164
INTC,2019-11-15,short,0.13132841946407245,0.2171733409158524,0.2916797016890099,0.1,True,True,-2.27457567905733,False,0.517587020339072
INTC,2019-12-20,long,0.1607988087041279,0.43121485946775917,0.08360742491582039,0.1,True,False,0.5098187456309036,False,-0.03392191225684016
INTC,2020-01-08,short,0.2551339872510556,0.30960105006708344,0.28591234386173703,0.1,True,True,-0.9669717385871152,False,-7.376611330531335
INTC,2020-01-22,long,0.7962472971244164,0.984736703836219,0.20971943296742393,0.1,True,True,1.26429942030524,False,7.348964963059212
INTC,2020-02-14,short,0.027745970035921462,0.2123658516587872,0.041920476279732735,0.1,True,True,-3.033633773764991,False,13.512709711308124
INTC,2020-03-24,long,0.17784390999809707,0.8096475474489081,0.2570622436955368,0.1,True,True,-2.010918811425835,False,11.450380613630152
INTC,2020-05-01,short,0.13502536495123296,0.2644862747240155,0.009963054154769418,0.1,True,True,-0.6016223136104925,False,-1.9822569503595178
INTC,2020-05-20,long,0.3125014172003163,0.3986493347286349,0.0860578516680069,0.1,True,True,0.5112770376555006,False,-0.20602055553324838
INTC,2020-06-03,short,0.01638605975189399,0.13855637736365248,0.12221965592568286,0.1,True,True,-0.6427268181979973,True,2.3252090697450045
INTC,2020-06-04,long,0.021534826704662936,0.03798532052655074,0.1503330545579981,0.1,False,False,0.6530503496826147,False,-4.58948775340825
INTC,2020-06-11,short,0.624277631992112,0.7271861298687461,0.0507331886187331,0.1,True,True,-0.5115128371305926,False,1.9933005913089885
INTC,2020-07-14,long,0.08123449739869924,0.13442145482984225,0.1400975642492427,0.1,True,True,-0.29670893398617354,False,-16.514070987463537
INTC,2020-07-24,short,1.6974800133203505,2.935420596774294,-0.03949068802179015,0.1,True,True,0.3994391550304912,False,4.415515252280899
INTC,2020-08-12,long,0.11572009302107836,0.41364044767407093,0.37982988021710107,0.1,True,True,-1.8303782122864036,False,0.7318345885854116
INTC,2020-10-23,short,1.2061926552907187,1.3790854145975182,0.2319411313626434,0.1,True,True,-0.36458622627060794,False,5.144950885285304
INTC,2020-11-11,long,0.0037623619120434526,0.4006988010104128,0.35599347147271476,0.1,True,True,-1.3556646680057742,False,1.5102814540536524
INTC,2020-12-18,short,0.2585608589108968,0.605379743261937,0.08182015321672403,0.1,True,True,-0.5328420896963897,False,-6.637157952322603
INTC,2021-01-04,long,0.10632432363400136,0.17927263191328624,0.3326764045965023,0.1,True,True,0.11935157303090822,False,16.750576032657793
INTC,2021-01-27,short,0.5488573599904706,0.7206088144073755,0.7790548176582806,0.1,True,True,-1.7209327670350256,False,-10.500600944124795
INTC,2021-02-08,long,0.08453204709984316,0.1402314847124436,0.1316060555429057,0.0,True,True,1.5811681474484804,False,3.313051577075954
INTC,2021-02-23,short,0.12248884975933945,0.31827137062391403,0.21695600605382329,0.0,True,True,-1.658078003810212,True,-2.535973231100108
INTC,2021-02-24,long,0.047353977769815994,0.1730533039790733,0.1810634732186104,0.0,False,False,1.6897864860735037,True,-1.4875646548276555
INTC,2021-02-25,short,0.5007510902548848,0.5485546094692039,0.23336281326961142,0.0,True,True,-1.520271191524767,False,-4.817860768407578
INTC,2021-03-15,long,0.07952241708931618,0.2638465375179817,0.30438848616415787,0.2,True,True,0.9945657334173343,False,1.1130234992740906
INTC,2021-03-24,short,0.6230910545483062,0.6421738934854858,0.16224110921157023,0.2,True,True,-0.9432072693155672,False,-8.075444605044169
INTC,2021-04-05,long,0.057970692211218255,0.7594866841785067,0.011577450006353317,0.2,True,True,1.0350810601892149,False,-4.3733229656532036
INTC,2021-04-13,short,0.17377411805722587,0.7253241862417646,-0.040147261410828854,0.2,True,True,-1.3400485627055398,False,11.116223662482605
INTC,2021-05-19,long,0.06300171790442453,0.3019021436787585,0.329949339490218,0.2,True,True,-1.3832797426606038,False,1.589589837118699
INTC,2021-06-21,short,0.10116190608249245,0.1909524825023882,0.22648773361146046,0.2,True,True,0.18247651629901093,False,-0.39377733766916556
INTC,2021-06-28,long,0.03814365752539683,0.3071925940404877,-0.01828906379001303,0.2,True,True,-0.22511986965028624,False,-1.0612317360453982
INTC,2021-07-08,short,0.13629211320737392,0.15276273662741424,-0.0013579424126034284,0.2,True,True,0.26019134501719926,True,-1.0290567014103136
INTC,2021-07-12,long,0.12959047263160242,0.22981167635851044,-0.003663538497778762,0.2,True,True,-0.205367103197659,False,-4.265812627764154
INTC,2021-07-16,short,0.18347327835256344,0.39124885587934555,-0.014706351676000252,0.1,True,True,0.2436435100141599,False,2.2739699018340276
INTC,2021-07-22,long,0.025182224286036305,0.180722992602512,0.017425468103403556,0.1,True,True,-0.2722725439376146,True,-3.073267719693995
INTC,2021-07-23,short,0.8998486969816261,0.9256968589946034,0.18888717847621483,0.1,True,True,0.46617129194367657,False,-2.3969539089252923
INTC,2021-08-05,long,0.07245666233743671,0.3281294243963816,0.2821456590104465,0.2,True,True,-0.6552461740276174,False,-2.690670152124497
INTC,2021-08-18,short,0.443747556476422,0.6029317089241553,0.28277526461226465,0.2,True,True,0.6510583948992313,False,-2.835824887053384
INTC,2021-08-24,long,0.696546578084775,0.9793837263775313,0.08332899442965302,0.2,True,True,-0.596983736940283,False,-0.44601253342323455
INTC,2021-09-21,short,0.5280764520403097,0.7775529980967755,0.5415450427455116,0.2,True,True,0.0016009219094099548,False,-2.042756505505161
INTC,2021-09-27,long,0.3952757393269738,0.45015954373471706,0.1607302601230016,0.2,True,True,0.14348733019213122,True,-2.2319735905338645
INTC,2021-09-29,short,0.14084398883735832,0.41321857397769707,0.03238194130376247,0.2,True,True,-0.05100317425038122,False,2.2995005263567014
INTC,2021-10-07,long,0.15856570193898675,0.27511534420742306,0.10826468208214568,0.2,True,True,0.03279033773932641,True,3.3591559814637018
INTC,2021-10-11,short,0.27576449539448294,0.3474249781834114,0.09358333865027706,0.2,False,False,0.08118087846002796,False,7.541166584244763
INTC,2021-10-15,long,0.07731286045105487,1.0832795260275199,-0.2456460320484821,0.3,True,True,-0.34124651761537944,False,-10.025695465086548
INTC,2021-10-22,short,1.358452940210848,4.229909248867117,-0.7180201587250706,0.2,True,True,0.3285242347526528,False,-3.66782394023053
INTC,2021-11-05,long,0.24751364810159188,0.8233518209247631,0.8370646508226262,0.2,True,True,-2.609706088161692,False,-2.74939770597582
INTC,2021-11-23,short,0.010139782397973598,0.28708901506845086,0.2069732767852145,0.2,True,True,1.5145371737961413,True,-5.397158289921045
INTC,2021-11-24,long,0.10171210278906237,0.11209158134999839,0.1914224769177713,0.2,False,False,-1.4539622941732924,True,1.446933643331505
INTC,2021-11-26,short,0.1979356895101324,0.3018356308319312,0.07211364587693893,0.2,True,False,1.6003599123815955,True,-3.710530023560965
INTC,2021-11-29,long,0.15686255324749473,0.3579993038019233,0.031046916508662252,0.2,False,False,-1.4336542672254102,True,0.0
INTC,2021-12-01,short,0.19976006714867345,0.27391723501146464,0.010672874492851163,0.4,True,False,1.591138958381789,True,-4.2592461729139774
INTC,2021-12-02,long,0.04848153821422581,0.2498539175464734,0.0008438412074069906,0.5,False,False,-1.4842511434677874,False,2.686880952521409
INTC,2022-01-20,short,1.03525396642455,1.2722022644846096,0.5718609463157932,0.5,True,True,-1.4801892635634253,False,7.225227827002678
INTC,2022-02-28,long,0.30008137234253784,0.4337049480397994,0.321179769749318,0.5,True,True,-1.5526771210310968,False,-6.918238240218722
INTC,2022-03-14,short,0.33739763773503273,0.5342198769703649,0.23296943610049897,0.5,True,True,1.1255460114635152,True,-16.01349576002782
INTC,2022-03-17,long,0.13870520160936364,0.3601781576870257,-0.006656785717845852,0.5,True,True,-0.9963283127739746,False,5.133653526596915
INTC,2022-04-05,short,0.1228709153623755,0.4606730972537366,0.5981868823163474,0.6,True,True,-0.6603733802330292,False,0.04154872688645339
INTC,2022-05-26,long,0.2870610035895848,0.5640584634894736,0.10960112004886473,0.5,True,True,-1.3532611000987227,False,-9.889596776604792
INTC,2022-06-09,short,0.6758493824024243,0.9200574941487657,0.44113249195380144,0.4,True,True,1.1760643527533998,False,3.499118299320303
INTC,2022-06-28,long,0.1236671362651727,0.16494933572383744,0.5568529097349308,0.3,True,True,-2.543811667271389,False,-1.5087300588492947
INTC,2022-08-01,short,0.30966695087741647,0.4769273526888558,0.3754457202105321,0.2,True,True,0.38295377029296535,False,0.6848598322547583
INTC,2022-08-16,long,0.11410361538522491,0.2088692350028877,0.3329002318342039,0.1,True,True,-1.0985818686537114,False,-10.859352902837049
INTC,2022-08-22,short,0.2400647609050275,0.4591488698839887,-0.033654583658149245,0.1,True,True,1.2940311384966872,False,10.28367655718495
INTC,2022-10-04,long,0.5720205082098643,0.7335228393830264,0.12400685116495554,0.1,True,True,-3.1140138037560052,False,-6.606494591989387
INTC,2022-11-28,short,0.3456116417611189,0.36817258551032833,0.17898417396559094,0.1,True,False,-0.6702547741986042,False,0.13922473400171942
INTC,2023-01-04,long,0.2216317484642652,0.477932224409724,0.2876171799703549,0.0,True,True,-0.6558062129366535,False,2.6734115198929764
INTC,2023-01-27,short,0.052167667292468536,0.6553008692419637,0.07982733781041726,0.0,True,True,-0.4791325460724591,False,0.07550284303430299
INTC,2023-02-03,long,0.17280746107611117,0.3444665234846446,0.14157223155783327,0.0,True,True,0.4256176765561621,True,-7.828402101280774
INTC,2023-02-06,short,0.06379671966761744,0.23806035196200181,0.21711945138695762,0.0,False,False,-0.37159142013380614,False,9.166962282184487
INTC,2023-03-09,long,0.29517183849009004,0.3360225386852043,0.18919126388492397,0.1,True,True,-1.097739478823234,False,9.795768072448329
INTC,2023-04-14,short,0.25470983929876345,0.3033953088578812,0.3696216601528646,0.1,True,True,-1.9100349748639112,False,2.602701900772453
INTC,2023-05-31,long,0.5475483904422777,0.7009968024607391,0.02180675612267464,0.1,True,True,-0.20569856832124433,False,13.167951997054406
INTC,2023-06-26,short,0.20494912488231798,0.26373993442174437,0.7948815033870663,0.1,True,True,-1.5035044964087687,False,0.11998417801323269
INTC,2023-07-18,long,0.19495640829528738,0.27225794747800014,0.21012803531812138,0.1,True,True,0.7451804158635115,True,3.7681190814987
INTC,2023-07-20,short,0.021779472340344275,0.3418544602222414,0.04911906940713556,0.1,False,False,-0.7196747801861423,False,-4.495052667075927
INTC,2023-07-27,long,0.08636107717944644,0.12241324804175564,-0.001231886723536932,0.2,True,True,0.8056648120637558,False,0.7373916084357335
INTC,2023-08-08,short,0.06812245981097191,0.14241392691584412,0.12348892906959003,0.2,True,True,-1.195263216822442,False,6.082242768738288
INTC,2023-08-30,long,0.0880964756483067,0.5920197330975645,0.5084063531840434,0.2,True,True,-0.15993120942464945,False,11.98956972592169
INTC,2023-09-20,short,1.2955261115060506,1.3452115254322334,0.7612676998666085,0.1,True,True,-1.5300569365903232,False,-3.5745355389083633
INTC,2023-10-06,long,0.0021287665891934183,0.21157413463147523,0.26162133986605235,0.1,True,True,0.06520848283055686,False,-3.5092536328104496
INTC,2023-10-18,short,0.050353974279099524,0.23347945429265404,0.12461978373499566,0.1,True,True,-0.3305542332258384,False,-4.629625699862738
INTC,2023-10-31,long,0.2026748445793809,0.6079415355598058,0.3383379491589492,0.1,True,True,-0.4261301511346441,False,8.327657265681832
INTC,2023-12-04,short,0.36861788919611116,0.7073757516207627,0.30397409279724985,0.1,True,False,-2.7156842277323134,False,-7.886671368291487
INTC,2023-12-15,long,0.07619928215922242,0.3763218457248411,0.24763251948533566,0.1,True,True,1.9605598050169055,False,3.552864430210523
INTC,2024-01-03,short,0.16172810552184302,0.7091093936331977,0.30573705780410415,0.0,True,True,-2.2932440867693744,False,0.6588763188967617
INTC,2024-02-15,long,0.17519239626478744,0.22150176368823565,0.33094685119808503,0.0,True,True,-0.7402529054882884,False,-0.5221366660850713
INTC,2024-02-28,short,0.1259078648867401,0.19965731619765528,0.07036352028661824,0.0,True,True,0.675166124655492,True,-2.953076123256615
INTC,2024-02-29,long,0.01974772103327085,0.14579311528167607,0.02281752972875578,0.0,False,False,-0.6298949566388626,False,-0.6968611477906839
INTC,2024-03-15,short,0.2075270965513267,0.30662384902642287,0.3026186987100958,0.1,True,True,0.17455619750473994,False,-4.409014803805245
INTC,2024-03-28,long,0.3954390299148035,0.4714133391903435,0.17221675836893371,0.1,True,True,-0.2660232651483527,True,-19.198549029675817
INTC,2024-04-03,short,0.13642207864635816,1.0172548301275912,-0.26687519130098497,0.1,True,True,0.29892544788465636,False,11.529881222877359
INTC,2024-05-09,long,0.10790648493889758,0.1885475524762219,0.27422906078885734,0.2,True,True,-1.8443409867483134,False,-0.033234711506435755
INTC,2024-07-23,short,0.2194893071533727,0.3496063747066949,0.3536043150687853,0.2,True,True,-0.6517754750770963,False,39.81790817570656
INTC,2024-08-20,long,0.16968604515102267,0.2987696414860819,0.5041227177414488,0.2,True,True,-2.3265623709617183,False,-7.432108065522291
INTC,2024-10-16,short,0.08795830299524601,0.16941592124855642,0.06699910850067145,0.2,True,True,-0.2631064346249736,False,0.04482397633895907
INTC,2024-11-05,long,0.03227392421139245,0.21336443380944264,0.02179236505436477,0.2,True,True,0.07631666371295323,False,3.773589535297228
INTC,2024-11-19,short,0.0028438979447568714,0.2778861927015339,0.18536068293151745,0.2,True,True,-0.440111010319055,False,9.25620499110561
INTC,2024-12-26,long,0.12792308287133175,0.3649944444433867,0.40313735690317415,0.1,True,True,-0.7174346043817623,False,-6.066534925241552
INTC,2025-01-31,short,0.1937405581524022,0.2914465010658069,0.3442944609084718,0.1,True,True,0.3549707088480135,False,-21.461657286660653
INTC,2025-02-11,long,0.3601165473079493,0.5960460704953757,0.053047310820571285,0.1,True,True,-0.4025917340955556,False,12.160234753967035
INTC,2025-02-28,short,0.1599210040847656,0.22074981822444079,0.7726627040200413,0.0,True,True,-1.4949057160715136,False,-1.3485027433509211
INTC,2025-03-17,long,0.9140113448075793,0.9574328379330237,0.7531807877243358,0.0,True,True,0.5390737821018095,False,-11.599849698852005
INTC,2025-03-28,short,0.31842971186353053,0.367715915961782,0.2295056817760421,0.0,True,True,-0.6397419624920901,False,13.07793673750145
INTC,2025-04-24,long,0.36316759610724586,0.47196692023311393,0.2300221049457542,0.0,True,True,-0.9952029675986892,False,-2.2801292523823458
INTC,2025-05-22,short,0.03469772551690258,0.27546642734829685,0.26719173233729315,0.0,True,True,-0.1204794547053224,False,2.3844271985883236
INTC,2025-06-10,long,0.5412610414879357,0.6767786059576044,0.11192293470234065,0.0,True,True,-0.10709459481638275,False,0.5434820636233795
INTC,2025-07-16,short,0.048370688559581425,0.4397160213858733,0.28788053368393923,0.0,True,True,-1.0728115819481499,False,10.356986893598275
INTC,2025-08-12,long,0.1926202443044599,0.8957312300696225,0.3581738772992614,0.0,True,True,-0.9395459266404499,False,11.646038412305826
INTC,2025-09-05,short,0.010976698024795747,0.10724052286349423,0.23520159118148626,0.0,True,True,-1.4193569946736098,False,-20.783994284028907
INTC,2025-09-18,long,1.5419296582312607,1.7588539873121949,0.08810478514853613,0.0,True,True,2.2310195236751533,False,22.015046154468166
INTC,2025-10-14,short,0.4784549313570498,0.5904241208013017,0.37908161254145817,0.0,True,False,-2.7014333382454714,False,-16.55907250718962
INTC,2025-10-29,long,0.07902363029196999,0.23693232052524268,0.2838230558738935,0.0,True,True,2.117242735444659,True,-8.345429971469132
INTC,2025-10-30,short,0.08744257653263487,0.1687475311842004,0.30211481076806196,0.0,False,False,-2.0617594547986724,False,10.582669362918008
INTC,2025-11-28,long,0.31729276770905424,0.7960454591539496,0.3455074614600801,0.1,True,True,0.07782081703615491,False,-6.780078665901845
INTC,2025-12-12,short,0.2870382412707336,0.5533665559730669,0.2933317206762508,0.1,True,True,-0.744179840836019,False,2.988630063667408
INTC,2026-01-02,long,0.09732573628114964,0.49693300538020674,0.2008145667952235,0.1,True,True,-0.1671737617044625,False,19.248343856685945
INTC,2026-01-27,short,0.562373616701942,0.583190877379288,0.7074168409406391,0.1,True,True,-1.838138876730503,False,-7.284317643317739
INTC,2026-03-11,long,0.29319294988816696,0.3813847728625253,0.12468662893529578,0.1,True,True,0.04795495901620662,False,-1.6673598263716394
INTC,2026-03-17,short,0.17743989898230364,0.2619609528586914,0.07185234451478735,0.1,True,True,0.13212423986134866,False,-0.15887356478081482
INTC,2026-03-25,long,0.06505965396456208,0.5029210703010559,-0.13593023926561953,0.1,True,True,-0.1570937510555449,True,30.81814502220821
INTC,2026-03-26,short,0.11897061189687623,0.1872809623213208,0.07526404496171706,0.1,False,False,0.23613265193698413,False,-41.451254481836926
INTC,2026-04-01,long,0.306503545510942,1.0404867085771883,-0.1965426864537705,0.2,True,True,-0.24726748527612774,False,42.61919996035193
INTC,2026-05-18,short,0.6900103535754848,0.7746177674107138,0.7903125414325098,0.1,True,True,-2.8423048973760205,False,0.22187100659344372
INTC,2026-06-18,long,0.3495221525954353,0.43994541266339937,0.14003018562366815,0.1,True,True,1.1368628386827015,False,-8.799170133270396
INTC,2026-07-01,short,0.06910582635252774,0.39776242132041023,0.07930893773367832,0.1,True,True,-1.297241799307551,False,23.649814265502577
INTC,2026-08-04,long,0.11492876125942188,0.5340046287401178,0.26266540793253373,0.1,True,True,-0.9650562721271206,False,-4.134441943000889
INTC,2026-08-21,short,0.10349062190474535,0.2461597256318768,0.3232139680120686,0.1,True,True,0.3899973196774221,False,-6.36172241184414
INTC,2026-09-03,long,0.13033515422524486,0.15272417560820295,0.07119832154854892,0.1,True,True,-0.43398723142788426,False,18.468420032008993
ITW,2018-06-19,short,0.19071281151722164,0.6400126930383357,0.23931279857100654,,True,True,0.23907139417785955,False,2.170007625904291
ITW,2018-07-09,long,0.40743276244854054,0.6128838190042818,0.26303759702689683,,True,True,-1.1843475896857796,False,-5.177485954904826
ITW,2018-07-24,short,0.2702553238899258,0.5558372913907249,0.26004422260314486,,True,True,0.49160663808155947,False,-1.548468333015074
ITW,2018-07-31,long,0.1816439487828448,0.5290296019535121,0.10224785046700237,,True,True,-0.46174576577208387,True,-4.207076903230034
ITW,2018-08-01,short,0.06085566963220803,0.24937492566588232,0.07405604591350544,,False,False,0.5515525604097707,False,0.41675958825900805
ITW,2018-08-07,long,0.058213061415913786,0.10886935845080992,0.006603083362098412,0.2,True,True,-0.5768402052218232,True,-1.6245964558884385
ITW,2018-08-09,short,0.09964866753682798,0.2572888327254427,0.03525188888546343,0.2,True,True,0.6494337411736181,False,2.4330263505495164
ITW,2018-08-17,long,0.16102828937125002,0.3426763025875117,0.2710967651068236,0.2857142857142857,True,True,-0.8651095148672945,True,-0.3944212530180402
ITW,2018-08-22,short,0.17472976657759212,0.368539171032475,0.0019007118342140232,0.2857142857142857,True,True,0.9496057708256485,False,-3.60603016800205
ITW,2018-08-28,long,0.2607073170608466,0.4405485639747309,0.003739355177625299,0.3333333333333333,True,True,-0.9252145543243168,False,2.4145263737076927
ITW,2018-09-26,short,0.0036435009936715084,0.8751807394540838,0.5925464564193359,0.3,True,True,-1.2877843762322612,False,6.2917694030192095
ITW,2018-10-31,long,0.1281776817531325,0.3764815727600194,0.5849680672965114,0.3,True,True,-2.4449697557660577,False,4.421137667856745
ITW,2018-12-06,short,0.02397625201145361,0.33059160995445447,0.1251762265156977,0.3,True,True,-0.5508873068555902,False,6.048299191166995
ITW,2019-01-02,long,0.035979231632991174,0.30330455217200175,0.4072611095679187,0.3,True,True,-1.1925831456714056,True,2.6619598784862974
ITW,2019-01-03,short,0.012497095222792463,0.049705480547765815,0.3465688217774166,0.3,False,False,1.2124092068258279,True,-7.468583924799299
ITW,2019-01-04,long,0.3083567495172576,0.32119005065098954,0.2444165026703286,0.3,True,True,-1.0378956612043115,False,7.46185358860163
ITW,2019-03-04,short,0.07942255045670647,0.19941049306903708,0.20666828027951703,0.3,True,True,-1.419571124990138,False,-0.7205439254784007
ITW,2019-04-01,long,0.043023656748067386,0.9273104306992649,0.12091042144197026,0.3,True,True,0.7518350697253623,False,4.907634973965003
ITW,2019-04-25,short,0.780073543075785,1.1590023887215077,0.31420213194495483,0.2,True,True,-1.8106847179183325,False,-0.23148488362556563
ITW,2019-06-06,long,0.15786347950083623,0.5733260499481861,0.5077684421636305,0.2,True,True,-1.186808291351268,False,2.789563424280761
ITW,2019-07-05,short,0.09703865142370924,0.2771625694907707,0.055511048395353736,0.2,True,True,-0.288421925614992,False,-2.2300323476804884
ITW,2019-07-15,long,0.11069236295496815,0.3173960671598627,0.148618932894002,0.2,True,True,0.11358900066902473,False,2.9617773118129076
ITW,2019-08-01,short,0.1333595429956127,0.650900316700637,0.32332413355173756,0.2,True,True,-0.9813630838635777,False,3.163595078587611
ITW,2019-08-20,long,0.08404858023375458,0.3584356021933156,0.35989616474391367,0.2,True,True,-0.14096155448442108,True,-3.5292102178262508
ITW,2019-08-23,short,0.3205726866386497,0.7594475003103992,-0.043494338685852243,0.2,True,True,0.22205729380113326,False,-5.021856038571393
ITW,2019-09-05,long,0.26723244558430986,0.874965948487772,0.14808878474160547,0.1,True,True,-0.4952978266788849,False,2.898089171974516
ITW,2019-09-24,short,0.5014484689334355,0.5515287467466057,0.47437000000825574,0.1,True,True,-1.0884027172826791,False,3.156279434070286
ITW,2019-10-15,long,0.417934398724736,0.5163907299357511,0.5279973968010567,0.1,True,True,0.1458282180371673,False,10.695249281377016
ITW,2019-11-13,short,0.13602653352562866,0.43404327607454385,0.36347455829234476,0.1,True,True,-2.789163357892733,False,-0.9978245778829553
ITW,2019-12-13,long,0.045692943492030055,0.05792428873820658,0.2613981968939875,0.1,True,True,0.9636828456557042,False,2.0923393961494563
ITW,2020-01-03,short,0.07332589652079693,0.23338311911465645,0.04662330894843057,0.1,True,True,-1.1655860389478343,False,-0.7369718516564205
ITW,2020-02-04,long,0.0015580986029639196,1.0036211677919238,0.18621065956170532,0.1,True,True,0.07509308981985227,False,3.0214995940983203
ITW,2020-02-25,short,1.6264911973617937,1.669291052395943,0.45050264416435537,0.1,True,True,-0.9731453673727809,False,7.303322046993088
ITW,2020-03-27,long,0.2602722990910763,0.41283775893980573,0.9758582333029888,0.1,True,True,-2.1927858781568306,False,6.819915580006164
ITW,2020-05-07,short,0.0815267606726666,0.1618723608179718,0.17286970569086524,0.0,True,True,-0.450355049352985,False,-4.555584407752655
ITW,2020-05-20,long,0.17826284745863238,0.21496481090415587,0.18001965560323466,0.0,True,True,0.36707108893408,False,8.315191741517891
ITW,2020-06-11,short,0.49265427327824046,0.7686751850239844,0.2663913731077877,0.0,True,True,-0.9058034658514955,False,-3.5055048169620795
ITW,2020-07-02,long,0.07672933565439904,0.22638034535222218,0.26857177894479933,0.0,True,True,0.3454467880049188,False,4.284088493894456
ITW,2020-08-04,short,0.1370578137925763,0.2223250338450965,0.2283008545635052,0.0,True,True,-0.7733255800178226,True,-6.051094950017366
ITW,2020-08-07,long,0.1715315263697529,0.19891420643853935,0.02276489901452155,0.0,True,True,0.8560125007707964,False,2.408820494329178
ITW,2020-08-20,short,0.38068154294108986,0.5782565117579787,0.35352742838362095,0.1,True,True,-1.585628867355504,False,-0.45937055619844624
ITW,2020-10-06,long,0.20398399713176515,0.3733071483026589,0.2706719822243747,0.1,True,True,0.22032934832447595,False,3.5792166814478055
ITW,2020-10-26,short,0.3131779882308543,0.6572201645761798,0.1682781492901139,0.1,True,True,-1.5131550617321856,False,-6.9931589288621865
ITW,2020-11-05,long,0.6203780461709542,0.6873152308858531,0.6195850525129155,0.1,True,True,1.1905147907943283,False,-0.9527152279610318
ITW,2020-11-18,short,0.24842637315145455,0.7008374155674031,0.3409254361799954,0.1,True,True,-2.0508590532626605,False,1.2857767710269696
ITW,2020-12-31,long,0.07760159666412583,0.3898210791823318,0.07061360203643424,0.1,True,True,-0.4654463350591385,False,-0.3384278138628294
ITW,2021-01-19,short,0.02704274722777291,0.20665225177115706,0.4504673925075489,0.1,True,True,-0.40388232274761715,False,3.2078574817757333
ITW,2021-02-08,long,0.503902373416901,0.7787620611810815,0.4709345476639837,0.1,True,True,-0.7932755121983857,False,-1.3268678164579883
ITW,2021-04-01,short,0.0070511636037875695,0.41869308315587134,0.1951212914015951,0.1,True,True,-2.2649090416164084,False,-1.197037795076361
ITW,2021-04-23,long,0.06043622610156742,0.3222898893807843,0.17571640208234304,0.0,True,True,1.3932869147945395,False,4.27095730605882
ITW,2021-05-12,short,0.07223142767763593,0.8125645047424483,0.11137765190029479,0.0,True,True,-1.8412594137102423,True,0.7635995794112338
ITW,2021-05-14,long,0.022149952907819313,0.03479180680910619,0.39223602133111235,0.0,False,False,1.862538098706831,True,-2.82599528409877
ITW,2021-05-17,short,0.12623626942086355,0.14898413422986054,0.25839614516650056,0.0,True,True,-1.8159416137017654,False,1.8185635387211185
ITW,2021-07-02,long,0.3045899606849661,0.37542554888816143,0.3531452031293498,0.2,True,True,-0.7765008296676146,False,-0.25709992923700353
ITW,2021-08-02,short,0.14975797190454934,0.20180244937961458,0.08098874545672487,0.2,True,False,-0.0242801318070007,True,-4.306151858712037
ITW,2021-08-03,long,0.26607038307561,0.42028732493497095,-0.031032779764056943,0.2,True,True,0.15239525598343057,False,1.1273956655362127
ITW,2021-08-23,short,0.12293764930738552,0.15569238087874204,0.4371410107666021,0.3,True,True,-0.5584716941028497,False,3.9823209336082632
ITW,2021-10-06,long,0.14922365120465297,0.5705990199987129,0.20258164938731,0.3,True,True,-1.90469844548114,False,5.306009203331463
ITW,2021-11-26,short,0.4994201582457284,0.7558912455126715,0.16267125377517333,0.3,True,True,-1.7009011568312067,False,-3.416413600204593
ITW,2021-12-13,long,0.06306501710833498,0.16106176222288615,0.2343576326969241,0.3,True,True,1.0184070507884915,False,0.9366069518810471
ITW,2021-12-17,short,0.20962471304722113,0.4995268688221347,-0.0752799202245285,0.3,True,True,-0.9404467711511768,False,-2.7324767678945205
ITW,2021-12-29,long,0.3100523201963572,0.35400256597804103,0.35469989196086843,0.2,True,True,0.7986877786953116,False,0.1586369452655889
ITW,2022-01-10,short,0.051151915837590704,0.3993406817732312,0.11155822271567763,0.1,True,True,-0.9136131083794614,False,4.064128317941373
ITW,2022-03-03,long,0.2721333836033732,0.30667218144197905,0.10696274456008767,0.1,True,True,-1.5934945691511293,True,-1.829822802925496
ITW,2022-03-07,short,0.18202056432183156,0.4424875334690168,0.004138830681975576,0.1,True,True,1.6500637417679098,False,-2.6436779907461627
ITW,2022-03-15,long,0.24529425770809457,0.44569823311633194,0.08841639514144468,0.1,True,True,-1.5119599748588761,False,4.8549052026026995
ITW,2022-04-07,short,0.19030986349576426,0.2185018469417026,0.35595404328617125,0.1,True,True,0.538733761375674,False,0.771024952038124
ITW,2022-04-20,long,0.05879057095707431,0.7370692098169178,0.13533769139536886,0.1,True,True,-0.9257190423329269,False,3.132564057329379
ITW,2022-04-29,short,0.06115509148183308,0.3821533015249535,0.2010474109025656,0.1,True,True,0.8471848021018301,True,-5.34219199403938
ITW,2022-05-02,long,0.03537109540192464,0.09871114665852253,0.11578757672918676,0.1,False,False,-0.8323270184499261,False,3.529839219692521
ITW,2022-05-19,short,0.07613011744851415,0.6678060982150342,0.1285010093690301,0.2,True,True,0.006106986537947076,False,-3.500968787477854
ITW,2022-05-27,long,0.0011344385329112839,0.37821502053026845,0.05137084651859636,0.2,True,True,-0.15062163894008126,False,-8.764635281588406
ITW,2022-06-10,short,1.1488521647087042,1.219213707519675,0.28849639823990103,0.2,True,True,0.17488792706405049,False,4.812732675706776
ITW,2022-07-01,long,0.12461462237193976,0.3118711087072447,0.23341547051663694,0.2,True,True,-2.2456268042948544,False,-1.4216224528067811
ITW,2022-08-22,short,0.5008982993744785,0.5441399565788169,0.1964003399769258,0.1,True,True,-1.5006762725012146,False,4.301729135581778
ITW,2022-09-12,long,0.05378085749430635,0.3035732878133122,0.40964252790911276,0.1,True,True,0.005555553202572398,True,-9.798643037601407
ITW,2022-09-13,short,0.07142347505599866,0.12520178375266305,0.323835091929746,0.1,False,False,0.05141602092581137,False,8.441863525717896
ITW,2022-10-05,long,0.3261500305701857,0.33451251332226684,0.2649979720327021,0.2,True,True,-0.8257182719996227,False,-0.4460264753572307
ITW,2022-11-25,short,0.01930954638015246,0.13992798285398475,0.18229436814065847,0.2,True,True,-1.7670052770145517,False,4.022363525548311
ITW,2023-01-06,long,0.16248357954135292,0.39021770254850713,-0.005197487216446827,0.1,True,True,0.23357914815944475,False,0.907678504425169
ITW,2023-01-20,short,0.1430617149717717,0.17117999500424966,0.4473526797208369,0.1,True,True,-0.5937716649444539,False,-9.03746450264764
ITW,2023-01-31,long,0.4620610723743255,0.49053340351398117,0.025444711904638758,0.1,True,True,0.7393533598932543,False,0.8515516799035394
ITW,2023-02-10,short,0.3955645034789255,0.4077184072722681,0.6353881510979601,0.1,True,True,-1.0595614638811535,False,1.154886765395724
ITW,2023-03-28,long,0.07424337495275514,0.29616745539790584,0.08245513714959,0.1,True,True,-0.18520165642996986,False,-0.2057864299822132
ITW,2023-04-06,short,0.5388393645631165,0.9104019277073641,0.5356364312670255,0.1,True,True,-0.15565921300512675,False,-3.728595708304039
ITW,2023-04-20,long,0.3082589477202312,0.32381084666175247,0.27183937454340834,0.1,True,True,0.07364616796902083,False,-3.594180671255587
ITW,2023-05-04,short,1.0406900748744976,1.162614770603852,0.4025744795948801,0.0,True,True,-0.20184609164550252,False,-0.20689179609096886
ITW,2023-06-02,long,0.14921108910580475,1.0534414589989076,0.008229692773761742,0.0,True,True,-1.1997634067885061,False,8.207520519951373
ITW,2023-07-06,short,0.26064177844225195,0.5878862008020236,0.14344902770572057,0.0,True,True,-1.9665852697342636,False,-5.369302170942647
ITW,2023-07-18,long,0.029030589535134144,0.23915066128367107,-0.048473655060458316,0.0,True,True,1.825565077881531,False,-1.025703309145365
ITW,2023-07-26,short,0.034342831907219915,0.11926993909015073,0.06624857285059901,0.0,True,True,-1.763437225962817,True,3.3281030071424356
ITW,2023-07-28,long,0.12526264691043165,0.2705135056309725,-0.010431153351572237,0.0,True,True,1.7802701587481717,True,-8.68430018406341
ITW,2023-08-01,short,0.3099106361070358,0.841394692166099,-0.1651296979799034,0.1,True,True,-1.6357403860770867,False,5.71769174353377
ITW,2023-08-28,long,0.1285335559832066,0.45056134182649155,0.43883907327976346,0.2,True,True,-0.9356000857359389,False,-2.0294541492390406
ITW,2023-09-11,short,0.18211153004528807,0.26894399870785607,0.38468060466305365,0.2,True,True,0.4491498045779131,False,1.499750526894894
ITW,2023-10-05,long,0.21428732207051668,0.24000042981926592,0.1387991220794121,0.2,True,True,-0.7858228182515117,False,-3.405934163687374
ITW,2023-10-18,short,0.054482156164782365,0.763955009168271,0.07838275784914643,0.2,True,True,0.462843923315639,False,0.38596086327653545
ITW,2023-11-02,long,0.8978349575570787,1.1860893250659157,0.28196376294765046,0.2,True,True,-0.7329038804379794,False,3.1548102484306506
ITW,2024-01-03,short,0.44193422093022183,0.45458537004376437,0.2395893268572386,0.2,True,True,-1.7417563804901168,False,2.137038087990939
ITW,2024-01-25,long,0.04505125802038661,0.3590524663377089,0.3747492740912765,0.2,True,True,0.6291060660407083,False,-2.925480129152924
ITW,2024-02-01,short,0.18176648475522214,0.6661143092932685,-0.06276735470110374,0.2,True,True,-0.6958494024514549,False,-0.5008670266640536
ITW,2024-02-22,long,0.09251530073823036,0.28837531202044553,0.1853395982399145,0.1,True,True,0.03341722395111336,False,1.0863190949132129
ITW,2024-04-02,short,0.47307144912212534,0.5415289925329496,0.07746365586795467,0.0,True,True,-1.114995735863239,False,4.819433586600375
ITW,2024-05-08,long,0.25284983602119343,0.41374659088115945,0.3962297289445327,0.0,True,True,-1.2943354581906732,False,0.5416330051408069
ITW,2024-05-24,short,0.42728489565683125,0.5601884957075538,0.3635077222233926,0.0,True,True,0.8946767674185994,False,0.29158484107902893
ITW,2024-06-06,long,0.031011086783731108,0.17187661620782296,0.22592133935659148,0.0,True,True,-1.2840853464570163,False,-0.23653780033621175
ITW,2024-07-01,short,0.07664635842618157,0.4191438061693322,0.16424897425969673,0.0,True,True,0.886041409083707,True,-8.60288341454929
ITW,2024-07-03,long,0.017351675933895926,0.09890649552377594,0.12098429798207418,0.0,False,False,-0.8664414166802643,True,5.63581946157381
ITW,2024-07-05,short,0.25505490658708435,0.27316205076581895,0.12724753174859355,0.0,True,False,0.9463415399399043,True,-4.066207395488219
ITW,2024-07-10,long,0.10632600543478839,0.352760252746554,-0.07552120404160961,0.2,True,True,-0.8863737318048441,False,1.4369824529759656
ITW,2024-08-01,short,0.07446186788546373,0.8155540673539876,-0.10075118617555759,0.3,True,True,-0.7260273136055643,False,0.8255546109166234
ITW,2024-08-20,long,0.3072892986088029,0.37056476432678204,0.4567877869674692,0.3,True,True,-0.14265118070354413,False,0.5546983510515746
ITW,2024-09-05,short,0.1054946831657547,0.7098970057316566,0.29478859125031315,0.3,True,True,-0.7582354995506516,False,-6.1301673852605765
ITW,2024-09-13,long,0.23630721062362653,0.41586059144337,0.08962597978861793,0.3,True,True,0.7293503749740088,False,4.854012807857888
ITW,2024-10-07,short,0.4645180958685473,0.6671160591339567,0.4081086252041375,0.3,True,True,-1.625511752605667,False,-0.910007236332544
ITW,2024-11-01,long,0.1795344469252433,0.39073289045692855,0.47781190717918837,0.3,True,True,0.7522951451777532,False,2.8660431647619333
ITW,2024-11-19,short,0.500767346063328,0.6721336128745456,0.4602868924150305,0.3,True,True,-1.8849297580513893,False,-3.5427432204796716
ITW,2024-11-25,long,0.07591850920144487,0.5005957188886049,0.022812656742329487,0.2,True,True,2.0561608116169565,False,-0.948004540129721
ITW,2024-12-05,short,0.20408416074655125,0.3113104244321257,0.1621941800265408,0.1,True,True,-2.398418406302419,False,6.233880424753558
ITW,2025-01-15,long,0.2428643265130472,0.4808122633570098,0.32198528283529293,0.0,True,True,-1.579606522747621,False,2.494100810531008
ITW,2025-02-06,short,0.05888307149622551,0.08410363783222267,0.30201458515773794,0.0,True,True,0.23587041302691075,True,-3.6026472914045815
ITW,2025-02-10,long,0.05893703903426266,0.13213120714063448,0.06010288955797661,0.0,True,True,-0.195193104793193,False,2.6862241829025857
ITW,2025-03-04,short,0.34032674197992663,0.5437913034063749,0.1047908391916913,0.1,True,True,-0.29798459530282867,True,0.2663315214644135
ITW,2025-03-07,long,0.841530997936084,0.8616760685311254,0.06890253329315568,0.1,True,True,0.7555320050553763,True,-8.430487084962824
ITW,2025-03-11,short,0.15404378514622452,1.0652867089673936,-0.17998523640782532,0.2,True,True,-0.4834720611758185,False,-0.0667135287516718
ITW,2025-04-22,long,0.6701549802864519,0.7678974607767197,0.21475971980264139,0.3,True,False,-1.8636103528694963,False,1.5322756711788177
ITW,2025-05-23,short,0.11412505995099907,0.37116354248933436,0.3038567160676897,0.3,True,True,-0.547299538732921,False,-2.2494165492844775
ITW,2025-06-10,long,0.1060179130454336,0.1285080167981905,0.08043582527188808,0.3,True,True,0.433452972303098,True,-1.329327422233506
ITW,2025-06-12,short,0.057914920785403376,0.09303811399577647,0.015505316787773246,0.3,True,True,-0.36501106896457075,False,-0.8332891874261117
ITW,2025-06-26,long,0.07106432426273067,0.22928252192888554,0.27733830632374484,0.4,True,True,0.031446327635187,False,5.888529466472048
ITW,2025-07-18,short,0.2023780008607716,0.4298078167070651,0.39209446727022396,0.4,True,True,-1.1428759822767085,True,1.113063711037665
ITW,2025-07-23,long,0.10513658977902546,0.4358983284017239,-0.02765204730605118,0.4,True,True,1.1506584229360803,True,-2.176712987059759
ITW,2025-07-28,short,0.06150019941567527,0.26292001790349534,0.05972513751756229,0.4,False,False,-1.1108422902585882,False,1.1999484475417654
ITW,2025-08-13,long,0.6169659267833193,1.0514469585466617,0.27584124451178055,0.4,True,True,0.600221682021918,False,-0.18331824993925716
ITW,2025-09-02,short,0.23580561528460983,0.5297855736004382,0.2151030042129113,0.3,True,True,-0.7830953446160329,False,0.16013092032985954
ITW,2025-10-21,long,0.5885755350956814,1.2581047667011835,0.6378398793877914,0.3,True,True,-1.2867527612578464,False,-4.752278669098342
ITW,2025-10-28,short,0.24204044618746795,0.43840182885572837,0.21980162393634453,0.3,True,True,1.2259703350550866,False,0.20742360356790224
ITW,2025-11-07,long,0.15014044698668721,0.31711645845088676,0.27863244447070656,0.3,True,True,-1.268844164217737,False,0.9287486666429201
ITW,2025-11-20,short,0.010973556145623335,0.05111655804882496,0.2196367706714735,0.2,True,True,1.0389557574929615,True,-3.5669770520490918
ITW,2025-11-21,long,0.8416632178117895,0.8526316218940729,0.10721221651996861,0.2,True,True,-0.8178365827959315,False,0.1452960908298273
ITW,2025-12-22,short,0.11569846840643881,0.1702019882611737,0.4840108148193259,0.3,True,True,-0.6809389356956298,False,1.1863124290835803
ITW,2026-01-09,long,0.5410763433439323,0.5553927745416029,0.2690111321858561,0.2,True,True,0.56764929270288,False,1.5796517270952215
ITW,2026-01-28,short,0.03239277421930798,0.2720241872038789,0.2846759384315148,0.1,True,True,-1.254909326295719,True,-15.419162742285963
ITW,2026-01-29,long,0.3235605195205828,0.35618628332298036,0.22708795676175628,0.1,True,True,1.3630520300352726,False,13.562359943792401
ITW,2026-02-23,short,0.27163408291312185,0.5711055735729251,0.6537274720206486,0.2,True,False,-2.4359000012290593,False,5.674915617173982
ITW,2026-04-06,long,0.01733613024700881,0.0820326603854139,0.16518776563242552,0.2,True,True,-1.054418464084881,False,5.49364583692149
ITW,2026-04-30,short,0.3928738730147122,0.4281586767547827,0.14499260564703786,0.2,True,True,0.12477390133972736,False,2.806101017399487
ITW,2026-05-22,long,0.04313383282601882,0.25222597432744354,0.1584931036806782,0.2,True,True,-0.840093058968922,False,0.07533771712777693
ITW,2026-07-09,short,0.03629331535153683,0.431563585803838,0.2909979845328182,0.2,True,True,-0.8465946340145827,True,-4.305406133334033
ITW,2026-07-14,long,0.01908797604164746,0.06921160261651162,0.11740418992372725,0.2,True,True,0.9346697138250987,True,8.403116271995593
ITW,2026-07-15,short,0.030291529737194362,0.04984239547813697,0.006095697958644684,0.2,False,True,-0.9512035069650352,True,-7.752112398596611
ITW,2026-07-16,long,0.6760863339334252,0.7070773643337889,0.03620985531996305,0.2,True,True,1.1916721563075243,True,0.2579817589069222
ITW,2026-07-21,short,0.14384380020034654,0.31687757636081965,-0.04650114517434063,0.4,True,True,-1.1118290886259108,True,-8.481932480066344
ITW,2026-07-24,long,0.40400033548615905,0.5229861085047534,0.022427708323309307,0.5,True,True,1.2958116927377514,False,4.819452751720155
ITW,2026-08-12,short,0.17005885784872554,0.38294987887711623,0.2788202573642203,0.5,True,True,-1.628408988977293,False,2.3930804985473064
KHC,2018-07-03,short,0.07352647221023893,0.15430293378394858,0.31698652638726743,,True,True,-0.9560035862500902,True,1.6762746850371046
KHC,2018-07-05,long,0.10835325647481957,0.18255488409559698,0.21270652233165444,,False,False,0.9848226959160006,False,-4.081308538160866
KHC,2018-07-12,short,0.16750230596851756,0.17262579723111043,0.09996215188204426,,True,True,-0.8848612155337187,False,4.965447243940158
KHC,2018-08-03,long,0.10773887086532674,1.3451936449212587,0.08822995451667742,,True,True,-0.17827544220222644,False,-4.354327697446014
KHC,2018-08-09,short,0.16306023682314963,0.2552998676295429,0.006052951981425354,,True,True,0.19920263993236415,False,0.9523790310223545
KHC,2018-08-17,long,0.19947502167883366,0.532465364804269,0.09455637767294084,0.2,True,True,-0.27660328434895665,False,-4.506726901662406
KHC,2018-08-23,short,0.022770940781515026,0.2901890918832762,-0.018020583602030127,0.16666666666666666,True,True,0.2876508385915415,False,3.7584849515017504
KHC,2018-09-12,long,0.19336380142483578,0.863881980011395,0.2603700667504374,0.14285714285714285,True,True,-0.7224643856553666,False,-6.681328955547783
KHC,2018-09-21,short,0.05568439198660259,0.12928984835676335,0.3027771521249351,0.125,True,True,0.6718027257629666,False,2.153392215518346
KHC,2018-10-05,long,0.020523059517309882,0.38977203797515253,0.34248714277546677,0.1111111111111111,True,True,-1.2008517045335492,False,2.988025001841854
KHC,2018-10-11,short,0.1520542971480296,1.169246041207714,-0.3308019363284235,0.1,True,True,1.0955290862344684,True,-4.0133687119580985
KHC,2018-10-16,long,0.006896104161611292,0.6636487853630897,0.14165776050266166,0.1,False,False,-1.1066023990672886,False,0.7395319808748413
KHC,2018-11-02,short,1.9495912555855526,2.610163058395959,-0.03451073618999208,0.1,True,True,0.8889559577611142,False,-3.894707979530865
KHC,2018-11-29,long,0.09964234660652331,0.15349842724548607,0.29645237263346597,0.1,True,True,-1.8888205540156526,True,-7.286559508638368
KHC,2018-12-04,short,0.04175810591032691,0.5596986601238911,-0.15472552561392888,0.1,True,True,2.3125604842326593,False,9.783911115450849
KHC,2019-01-04,long,0.4655874736397571,0.8765085943070845,0.4134096016082092,0.2,True,True,-3.709235665929991,False,6.8329638047794905
KHC,2019-02-22,short,2.7299416734546957,2.8944911804162206,-0.04254929789002089,0.2,True,True,1.0274214643479656,False,7.022710239746965
KHC,2019-03-14,long,0.00023389720475431704,0.23562065937796162,0.35474043540512246,0.2,True,True,-2.9163661672274657,False,3.2004976055961976
KHC,2019-05-14,short,0.002995844780768691,0.00812733667134676,0.030998997021191806,0.2,True,False,0.22559112769646006,True,11.124881951390842
KHC,2019-05-15,long,0.025622109391406533,0.028845346155391905,0.03515762021426588,0.2,False,False,-0.21644442564640642,True,-14.235938341891996
KHC,2019-05-20,short,0.016774674753275903,0.13972606643067007,-0.03971842559806476,0.3,True,True,0.21641522481911,False,8.538805545046435
KHC,2019-06-10,long,0.30196433856261384,0.6942728030830981,0.296332834761851,0.3,True,True,-0.6879008141521071,False,0.6928815092844376
KHC,2019-07-16,short,0.22653233188345587,0.2342513259503278,0.1254267252762884,0.3,True,True,-0.041630476620823365,True,-5.01318112393172
KHC,2019-07-19,long,0.27466418588885644,0.36184502224569964,-0.02646894600874267,0.3,True,True,0.0962010013134747,False,2.124289718525829
KHC,2019-08-06,short,0.48069996078114796,0.6299828568402391,0.11065527944295166,0.3,True,True,-0.2758811489081266,False,16.490156855593195
KHC,2019-08-29,long,0.18951588921770368,0.26418617160691477,0.2803415343815979,0.3,True,False,-2.345011695497449,False,15.475721394924058
KHC,2019-09-27,short,0.07135184725472048,0.12199512455689425,0.14865738495820324,0.3,True,False,-0.324058339000854,False,2.7298576156857823
KHC,2019-10-16,long,0.06468230856193494,0.08993366953783566,0.14582418256436513,0.3,True,True,-0.2207839744487318,False,3.86296559379955
KHC,2019-11-15,short,0.21398968826335754,0.4293800605348912,0.40202523259418893,0.3,True,False,-1.6261080098129816,False,1.118206543871536
KHC,2019-12-12,long,0.0781855930823747,0.10281493103314143,0.18451357786386854,0.2,True,False,0.5276301047515046,True,-1.001877705830767
KHC,2019-12-17,short,0.06599479913261647,0.06706747641173415,0.008320898661300234,0.2,True,True,-0.4858770522596915,True,0.0316160299434598
KHC,2019-12-20,long,0.059521845596041414,0.11356823184815669,-0.01764147964395307,0.2,True,True,0.5121599375082402,True,-4.531372332960237
KHC,2019-12-24,short,0.027813850806254363,0.03277944019070547,0.026444198929193634,0.3,False,True,-0.48969308869703054,False,4.377735782279313
KHC,2020-01-16,long,0.02183866291639397,0.21966194485136092,0.32745301721083087,0.3,True,True,0.03945160160864337,True,-7.97352215536562
KHC,2020-01-17,short,0.13548263556581228,0.15901755270972623,0.31551821369071376,0.3,False,False,0.008457448830585324,False,6.058660022158868
KHC,2020-02-11,long,0.09546906186664167,0.6240731903436312,0.3929441730096284,0.4,True,True,-0.8959678332062818,True,-14.561794378663617
KHC,2020-02-13,short,0.7870025703053497,1.3890621274848733,0.18912482276310688,0.4,True,True,1.0385021751904966,False,10.803047197923688
KHC,2020-03-05,long,0.40120129825006595,0.75339094224695,0.6887030680593811,0.5,True,True,-1.5910287359559536,True,-14.960092889881382
KHC,2020-03-09,short,0.2718411444170296,0.8751655273425205,0.20121358408683912,0.5,True,True,1.6553472981031965,False,11.823119987103004
KHC,2020-03-18,long,0.0574770872671053,0.6552725747163731,0.6250221658069786,0.6,True,True,-1.714758186147245,True,-0.042205815496110244
KHC,2020-03-19,short,0.11900944081154825,0.1776659818924761,0.4691895799048124,0.6,False,False,1.7262208868374194,True,-10.59250029122829
KHC,2020-03-24,long,0.03880573642637307,0.8684516727914764,-0.25561771501006236,0.6,True,True,-1.6698558881063654,False,15.74597258407553
KHC,2020-05-04,short,0.18166125958731688,0.4110696716799163,0.18852132606995195,0.5,True,True,-1.3799061809609092,False,-6.705862641795046
KHC,2020-05-27,long,0.014936559466631557,0.235209967863772,-0.004602291301218426,0.5,True,True,0.7426461379032997,False,6.105138488742257
KHC,2020-06-15,short,0.1184553554203516,0.12495024389086533,0.40649725625152605,0.4,True,True,-1.012070942832712,True,1.4943880403792908
KHC,2020-06-18,long,0.062310125276188975,0.09821470707189414,-0.009507971259856985,0.4,True,True,1.0362997819193405,True,-4.128995115437273
KHC,2020-06-23,short,0.31883711481927285,0.42000840794246186,-0.019275025087284913,0.5,True,True,-0.9538816403228356,False,1.6666675994468139
KHC,2020-07-14,long,0.0475915670300574,0.6821863218230441,0.22760841304661053,0.5,True,True,0.34818685680075706,False,5.824087971567882
KHC,2020-07-31,short,0.10426356269448611,0.5307987540705632,0.2457008629717667,0.4,True,True,-1.0109869760402572,False,-3.51945058676848
KHC,2020-10-01,long,0.37810418757919195,0.5338414763986216,0.5203132175018207,0.4,True,True,-1.617090292249025,False,6.354954612466646
KHC,2020-10-27,short,0.15735151132367323,0.18753665645351356,0.2676607923836091,0.3,True,True,0.12231112691177162,False,0.6518831902791011
KHC,2020-11-03,long,0.18890562954974446,0.3157403818923263,0.1798284058623323,0.2,True,True,-0.1721850469735169,False,-0.5978574772438905
KHC,2020-11-10,short,0.048547585345185294,0.22661250287279924,0.07401995002214501,0.2,True,True,0.1327474107841107,True,-10.990811735098994
KHC,2020-11-11,long,0.05925695863439249,0.1083060064753885,0.14578036792215263,0.2,False,False,-0.08915926532898624,False,5.037813460240614
KHC,2020-12-22,short,0.15739740711175615,0.2594823965103008,0.09960028650383089,0.3,True,True,-1.219540872013777,False,2.0209232982884684
KHC,2021-01-26,long,0.5761898257395849,0.7178194759650548,0.48547965440356905,0.2,True,True,-0.1605061352124351,False,-1.9773125490262222
KHC,2021-02-04,short,0.16641016295547092,0.19092534228145652,0.27647749702274776,0.1,True,True,0.10954900413814425,True,-13.85176987102421
KHC,2021-02-05,long,0.10949868466790315,0.27882419132131064,0.12443449777242707,0.1,False,False,-0.033857372656662825,False,10.147943118775293
KHC,2021-03-19,short,0.0418252673264005,0.04509331800013127,0.04852945256571878,0.2,True,True,-2.232391546818106,True,-2.9892566388810105
KHC,2021-03-22,long,0.03536007684350426,0.07836823520613878,0.012776717815696665,0.2,True,True,2.2503404935765006,True,2.9077272847048308
KHC,2021-03-23,short,0.2392187775707413,0.2755053868547748,0.02523421940294701,0.2,True,True,-2.1364894289646648,False,-4.419307912150172
KHC,2021-03-29,long,0.20258527584671895,0.5788006292100162,-0.032563581227871015,0.4,True,True,2.1955411271562615,True,0.34329044143055487
KHC,2021-04-01,short,0.1384142465767648,0.20179190224875349,0.12270513778102045,0.4,True,True,-2.121175206903199,False,-2.4232115424367873
KHC,2021-05-04,long,0.49680527316009687,0.7815647803703759,0.8476678877127356,0.4,True,True,1.3879519130785312,False,3.1279452231083305
KHC,2021-05-26,short,0.2653157950932397,0.30022127750381655,0.04980817552211765,0.4,True,True,-1.9831354267999954,False,1.8958204873499085
KHC,2021-07-20,long,0.09464880391098339,0.17408976454960867,0.17098365508532784,0.4,True,True,-1.0892894469672905,False,-1.1675148652659062
KHC,2021-08-04,short,0.48355704320923765,0.7901104041818152,0.047055364270467415,0.4,True,True,0.9803418397639372,False,-0.027069943411173192
KHC,2021-08-13,long,0.17678264499831248,0.34567886009197024,0.2266068764319874,0.3,True,True,-0.9990341513113448,False,-3.934489204393299
KHC,2021-08-20,short,0.07136958398697964,0.2176303323486138,0.1257562131823525,0.3,True,True,0.9682106370929077,False,1.007548798725466
KHC,2021-08-31,long,0.027952510550034834,0.2530979160290036,-0.05575322122302226,0.2,True,True,-1.0083542965372765,False,0.6390607572260176
KHC,2021-10-20,short,0.01735362671204145,0.03975843764204869,0.1683982741914587,0.1,True,True,-0.1701623954093256,False,-1.3542885971818075
KHC,2021-11-02,long,0.07766180139552893,0.6853704833811702,0.11708902359051401,0.1,True,True,-0.1478379570893605,False,-0.10788139323383295
KHC,2021-11-17,short,0.34604430018736965,0.6791977950148707,0.20191550722708493,0.0,True,True,-0.3103157559416759,False,8.026568683554947
KHC,2021-12-13,long,0.2917879968867317,0.6804529798064755,0.19890909686547756,0.0,True,True,-1.7985321253009772,False,4.002313847373951
KHC,2022-01-21,short,0.17541087356714966,0.26413684368587104,0.32390023771991217,0.0,True,True,-1.4500323383788998,False,6.081062328610509
KHC,2022-02-17,long,0.9792209205536926,1.0024178818099845,0.4091219551696538,0.0,True,True,-0.26773675724499746,False,5.424716082283032
KHC,2022-03-09,short,0.12139394254284612,0.5524197311170251,0.26654788649053535,0.0,True,True,-1.7673860501840497,False,-1.3234625179925796
KHC,2022-03-25,long,0.05702977402803133,0.3647483649801852,0.21411633781982078,0.0,True,True,0.7610330061160908,False,4.199530701430709
KHC,2022-04-29,short,0.20918831528143936,0.35492260526748814,0.240444282741226,0.0,True,True,-2.1162519419703205,False,-3.89393889362164
KHC,2022-06-21,long,0.14141724144548737,0.31729592682116253,0.028738929755541265,0.0,True,True,-1.4226331358554656,False,4.343070344772748
KHC,2022-07-27,short,0.4691474460432679,0.5323108386935499,-0.006942969898029237,0.0,True,True,0.09682547131174492,False,-6.301596734324644
KHC,2022-08-09,long,0.2516214710976916,0.3705467423723834,0.16909280121025416,0.0,True,True,-0.17611331197948146,False,0.8333682203485404
KHC,2022-08-30,short,0.24553117607007235,0.4242263044785245,0.11389049056320517,0.0,True,True,-0.1600407621588686,False,6.549047929458207
KHC,2022-10-04,long,0.3650570080760383,0.5483736208439998,0.3195411168570325,0.0,True,True,-1.6221832536932994,False,5.068451244822381
KHC,2022-11-10,short,0.02105217848349198,0.17993817964544498,0.2313262275540389,0.0,True,True,-1.4344128212967988,False,-3.7853985952930325
KHC,2022-11-22,long,0.07365689335287691,0.28098421059180856,0.1740989440328773,0.0,True,True,1.0447239619818982,False,3.4491970403936367
KHC,2022-12-15,short,0.2073910481189753,0.22228559509410892,0.09238851706199304,0.0,True,True,-1.2809058278623746,False,-2.209390720589388
KHC,2023-01-05,long,0.013879266735030604,0.14203286756690192,0.06834526385471576,0.0,True,True,1.0365857598167507,False,-3.508374421996918
KHC,2023-01-18,short,1.9196101609935057,2.5173122191178705,0.3026088787260105,0.0,True,True,-0.9517692030104407,False,-2.2188729426110276
KHC,2023-02-15,long,0.1442158889852624,0.3110483820440708,0.45288541015010236,0.0,True,True,-0.3184968432267325,False,-3.663124820557695
KHC,2023-02-28,short,0.32605792607590767,0.40889746884402056,0.025250731127212364,0.0,True,True,0.44492967969082176,False,1.0212464707015867
KHC,2023-03-16,long,0.003829192770044254,0.1836817182762928,0.2034561327926127,0.0,True,True,-0.8364174271335789,True,1.728653353239018
KHC,2023-03-17,short,0.16011105770709577,0.16393813420598372,0.1853626487281314,0.0,True,True,0.8769572849957147,True,-2.7637214354039763
KHC,2023-03-21,long,0.11235030861291845,0.16180733970029124,0.044173866115965806,0.0,True,True,-0.7889914824353785,True,1.4984020769303497
KHC,2023-03-22,short,0.029088982384191154,0.14348946665864332,-0.03681844126887236,0.1,False,True,0.8153602525722896,True,-3.8594613930227117
KHC,2023-03-24,long,0.22772659414817967,0.40630813250791364,-0.042151267783278004,0.2,True,True,-0.7438486695380857,False,2.409626115234187
KHC,2023-05-16,short,1.427454006483912,1.4382461035932304,0.505659703342683,0.4,True,True,-0.7773072066632035,False,2.000023406327578
KHC,2023-07-05,long,0.1983545030157652,0.4057714903255967,0.281488457288018,0.4,True,True,-1.9703461343184872,False,0.8089346149259713
KHC,2023-08-04,short,0.18620533717669657,0.431955534254351,0.23704938552993854,0.4,True,True,0.3851087459469497,False,4.591845279127749
KHC,2023-08-28,long,0.19084841952308157,0.3568181004931403,0.3633882458404256,0.4,True,True,-1.5404816008177338,False,0.36491513424374844
KHC,2023-09-06,short,0.006768252013174937,0.047763023021378616,0.16806401677477928,0.4,True,True,1.4901555741996477,True,-4.451961576209507
KHC,2023-09-07,long,0.08675683473631214,0.09364153792996462,0.17688833904751242,0.4,False,False,-1.4658367039444364,False,5.538565702311149
KHC,2023-10-02,short,0.07518602771562141,0.584463511097409,0.4013674851077339,0.4,True,True,-0.05034288712667028,False,4.563310921065589
KHC,2023-10-25,long,0.17058572940970598,0.5440773770752927,0.20642994963560454,0.3,True,True,-2.0466508278473254,False,3.3977405218058143
KHC,2023-12-19,short,0.2400759412328526,0.36691687825022085,0.3826550649529981,0.2,True,True,-1.8244182414975527,False,-3.5352272944485508
KHC,2024-01-03,long,0.18653806859840455,0.3248148181941858,0.31068191081150914,0.1,True,True,1.3531296050398114,False,-2.809882533869601
KHC,2024-01-11,short,0.20597678257652355,0.37002451374276396,0.022424473945304862,0.1,True,True,-1.3092844110038568,False,0.9845616258869816
KHC,2024-02-26,long,0.04951095340403168,0.13946128860878643,0.5894432753898934,0.1,True,True,-0.5833516085449785,True,-1.6119435986128527
KHC,2024-02-28,short,0.027293454863541167,0.1059100145800176,0.09448707136016816,0.1,False,False,0.5938243364873157,False,1.7298924425899198
KHC,2024-03-11,long,0.08019400634467544,0.2566918610031159,0.10738452647450054,0.2,True,True,-0.6926503632443928,True,3.43054609034783
KHC,2024-03-13,short,0.010472516870525491,0.044664765823707354,0.1213348778416203,0.2,True,True,0.7167917832786912,True,-5.792065063300855
KHC,2024-03-18,long,0.25125765663914446,0.40024433648150703,-0.038206719603403,0.3,True,True,-0.6808855181135957,False,7.073333650060021
KHC,2024-04-12,short,0.525150727417983,0.6819471321589913,0.39393254035628295,0.3,True,True,-0.7154508018485666,False,-6.176971284143096
KHC,2024-04-19,long,0.18772899021065884,0.5058407482026168,0.14867349379510508,0.3,True,True,0.7584108329658698,False,-3.785054048540759
KHC,2024-05-01,short,0.5877208538045208,1.6992781552031424,0.10206784542238836,0.3,True,True,-1.0047605312807724,False,1.1852314013235388
KHC,2024-07-05,long,0.13043099973752126,0.1645546049138192,0.03773958225106571,0.3,True,True,-1.7246974257140262,False,3.2097007813225886
KHC,2024-08-14,short,0.17197663426971505,0.28639368261974063,0.424600868712318,0.3,True,True,-0.9173404349382024,False,-2.609441997214268
KHC,2024-08-21,long,0.14887958130859877,0.15398997231661318,0.17533960650545313,0.3,True,True,0.9121859714985213,False,3.116754949795375
KHC,2024-08-29,short,0.16350529209680728,0.3334107500444034,0.11763218787767948,0.2,True,True,-0.9443774484711351,True,-2.0941035024511168
KHC,2024-09-03,long,0.04119406980344375,0.1177712534814574,0.14949678684972395,0.2,False,False,0.9907689740503649,False,-1.5453606874082815
KHC,2024-09-10,short,0.013518266365600775,0.38588107013254175,-0.006734650798258529,0.2,True,True,-1.047832037413841,False,2.3085553400386316
KHC,2024-10-11,long,0.08481754005751695,0.4677359438577714,0.2153112336816703,0.1,True,True,-0.10509169954422305,False,-1.3628601772923798
KHC,2024-10-25,short,0.5541229103421208,0.7143998321918797,0.4409480494781287,0.1,True,True,-0.20289299376851627,False,5.008634947039092
KHC,2024-11-25,long,0.03453237613082968,0.627108928776563,0.440444164279365,0.1,True,True,-1.9039692591016497,False,-0.09131432036492138
KHC,2024-12-19,short,0.18723802430585706,0.4003657214174601,0.3016414374442493,0.1,True,True,0.9211185649301142,False,0.1661190346928687
KHC,2024-12-27,long,0.131559008813636,0.1376210344974347,0.0669724526384612,0.1,True,True,-0.8696092790850122,False,-6.421126482974926
KHC,2025-01-07,short,0.12706434684098303,0.29798793663798706,0.030840078753964505,0.1,True,True,0.8984137260704199,False,2.3513750253979615
KHC,2025-01-22,long,0.034188863233913645,0.12361227449729717,0.421406348578228,0.1,True,True,-1.3812517172075294,False,-1.5823752494265486
KHC,2025-03-13,short,0.32511020945069974,0.7728221336004134,0.44782889409607757,0.1,True,True,-1.0537986164262747,False,0.39747403654207814
KHC,2025-04-03,long,0.3736019229872714,0.3949942085387649,0.24190296830130426,0.0,True,True,0.1358150865721106,True,-4.381696782424327
KHC,2025-04-04,short,0.008868972979233948,0.38349095754017576,-0.022174948522788826,0.0,False,False,-0.018429565281318682,False,-0.8760237101695711
KHC,2025-04-21,long,0.3438548439047843,0.45732186938389013,0.1008345077515594,0.1,True,True,-0.502245909218043,False,-4.5090201012669695
KHC,2025-04-29,short,0.2356382654792712,0.27786640978763233,0.29085747665814465,0.1,True,True,0.4976900181044192,False,4.4336741359508824
KHC,2025-06-02,long,0.2773380702025793,0.30797420620134125,0.3933454728478596,0.1,True,True,-1.7088848801646934,False,-3.15433537371963
KHC,2025-06-17,short,0.12754014152016258,0.2598153387732512,0.26950837476189116,0.1,True,True,1.3893560539736893,False,-5.087373635370396
KHC,2025-06-24,long,0.28010821745704884,0.31685320194895816,0.03801562558660108,0.1,True,True,-1.3136627518152721,False,1.6135177402029077
KHC,2025-07-31,short,0.0823425835510986,0.9631030000493912,0.40619609502774906,0.1,True,True,-1.3271835745700316,False,-0.6919236417033847
KHC,2025-08-27,long,0.039408522938228906,0.12403181420890472,0.14128607874835045,0.1,True,True,0.25251057345956684,True,-3.5158546695942428
KHC,2025-08-28,short,0.04537788798797808,0.08482579559542949,0.02585505712754743,0.1,False,False,-0.22127687543432406,True,4.074896525265914
KHC,2025-08-29,long,0.3518596243281015,0.3971156959916526,0.01813190141155815,0.1,True,True,0.37645093812964303,True,-8.366101981419705
KHC,2025-09-02,short,0.6331383466486086,0.9817422437129391,-0.08830170714108836,0.1,True,True,-0.006552866744790534,False,0.34588306188827467
KHC,2025-09-24,long,0.3638525024457187,0.37310189388055137,0.40381330151882877,0.3,True,True,-0.5965388027337571,True,-6.207931150194446
KHC,2025-09-25,short,0.003154494165614912,0.3817914204232665,0.1256117867307269,0.3,False,False,0.7098043267733557,False,2.9833352967725157
KHC,2025-10-01,long,0.09037153390604855,0.31702979235117973,-0.07430106906585751,0.4,True,True,-0.7243583808127994,True,-4.14763932788853
KHC,2025-10-06,short,0.4758738175811103,0.6979037964048956,0.015428598527708462,0.4,True,True,0.8588175610166974,False,-1.741178421271572
KHC,2025-10-17,long,0.20268331189699812,0.620639231486829,0.30859723639318754,0.5,True,True,-1.1417197968424337,False,-3.0956230008068797
KHC,2025-10-29,short,0.16423848831153479,1.441332684564572,0.016834240182963627,0.5,True,True,0.9298405933105665,False,-1.5176343905179746
KHC,2025-11-12,long,0.559290604138353,0.6676301057898437,0.6486677626404668,0.5,True,True,-1.296138510762404,False,3.434349838592343
KHC,2025-12-08,short,0.293161385016409,0.3195314243597101,0.6328723658306642,0.4,True,True,-0.08225761782735333,False,1.4687851841714838
KHC,2025-12-18,long,0.13288560385711484,0.17886620848116544,0.2425547868538005,0.3,True,True,-0.09687387261030687,True,-3.959590477413233
KHC,2025-12-22,short,0.407785175842375,0.4251536869810986,0.10572083473242981,0.3,True,True,0.33216423391778743,False,4.72049520210247
KHC,2026-01-02,long,0.01637225329932982,0.22850477993930032,0.25844159682355916,0.3,True,True,-0.6453323868444863,True,-3.5260306065931335
KHC,2026-01-05,short,0.4370625039658189,0.4536650857706746,0.23609729021611997,0.3,True,True,0.8725674941610781,False,0.04207115316482435
KHC,2026-01-14,long,0.09090067922704173,1.0283158576907485,0.19696765537309208,0.3,True,True,-1.5208305165966822,False,-4.851977293011545
KHC,2026-01-21,short,0.8516898458158337,1.313772739160272,-0.12186122230058713,0.2,True,True,1.9306795587221883,False,-9.285700020535481
KHC,2026-01-27,long,0.2724574615458111,0.5846777597136474,0.17889039465326706,0.2,True,True,-1.7632509829633805,False,5.063279996133407
KHC,2026-02-19,short,0.19478606091225723,0.42209526930873376,0.7067664567528336,0.2,True,True,-0.6491655025589185,True,-1.0004147628827287
KHC,2026-02-23,long,0.17247656743404913,0.222510051066023,0.2945489483669947,0.2,True,True,0.7711573534274274,False,1.2642151551970127
KHC,2026-03-03,short,0.2563408826518418,0.4586394912019071,0.09722131429129922,0.3,True,True,-0.7199177697815159,False,3.9049498678570993
KHC,2026-03-09,long,0.2531671202944001,0.34178064467852953,0.05572105106016575,0.3,True,True,0.7716308095058149,True,-13.216046942971982
KHC,2026-03-10,short,0.4232782943151832,0.6807152771476501,0.16694617098347458,0.3,False,False,-0.5334405558134055,False,9.890109431933258
KHC,2026-03-31,long,0.35502760830080554,0.6559216232283235,0.6550394976113744,0.3,True,True,-2.0617213028782544,False,-2.1342746946139135
KHC,2026-04-21,short,0.2099894562202928,0.2418360748548289,0.04371022902271237,0.2,True,False,0.7666804792457497,False,-2.547770986502429
KHC,2026-04-29,long,0.25254151980604606,0.26732044810423045,0.1592807610673954,0.2,True,True,-0.7531153817891654,False,3.3898276745711886
KHC,2026-06-02,short,0.14167847707015047,0.5834979097324832,0.20038743212816856,0.2,True,True,-1.1579739885679465,False,-3.863498998845727
KHC,2026-06-10,long,0.22927000677685158,0.8171815732999292,0.39303373272737946,0.2,True,True,0.7940308345577328,False,-2.4116420699083263
KHC,2026-06-18,short,0.7380680760037004,0.8740701753584598,0.4297347634700145,0.2,True,True,-0.7815366613684024,False,-8.764242012155755
KHC,2026-06-29,long,0.3565537671162317,0.8766659488773346,0.5812159549753284,0.1,True,True,0.5576103484326761,False,3.6792077903964993
KHC,2026-07-24,short,0.13719158072215462,0.23985545251645038,0.36169431275308056,0.1,True,True,-1.7985549904701996,True,1.3634570736323237
KHC,2026-07-27,long,0.0590782010596884,0.1999247312205125,0.26132020259666666,0.1,False,False,1.8332045737551308,False,-4.919908449906862
KHC,2026-08-03,short,0.2150773862027181,0.22475021509646254,0.3030667635247345,0.1,True,True,-1.820934127417382,False,6.320972905128485
KHC,2026-08-31,long,0.04748655983842064,0.22407544669560006,0.01675466504813037,0.1,True,True,0.10266940597402079,False,-2.1216839370122087
MCD,2018-06-20,short,0.2809772183916698,0.7909310096556724,0.3901215359286225,,True,True,-0.6698801025987905,False,3.2234257831877833
MCD,2018-07-13,long,0.0008827576317711442,0.02115038601000667,0.23513719631376337,,False,True,-0.6446228483441636,False,-0.6498293636674313
MCD,2018-07-26,short,0.043941069534738406,0.34991273045588206,-0.09755244559415335,,True,True,0.7261634516559571,True,-2.0238047757690447
MCD,2018-07-30,long,0.21142258217034898,0.23044742070883822,0.04362383877636546,,True,True,-0.7072438243447609,True,-0.3151734084630764
MCD,2018-08-02,short,0.24201291827168983,0.319803485488597,-0.019229227958898646,,True,True,0.9957831632053886,False,-4.06663929682769
MCD,2018-08-08,long,0.3677140974267984,0.5543619674782714,0.022930566989168785,0.4,True,True,-0.8597923816497296,False,1.0256782857024804
MCD,2018-09-14,short,0.39682939790199107,1.1199458055326077,0.4299265128413517,0.3333333333333333,True,True,-1.3343684879919993,False,-4.010185186245541
MCD,2018-09-25,long,0.7763281864627427,1.0334232846632438,0.7872287339808399,0.2857142857142857,True,True,1.0096876964333448,False,2.055144541159293
MCD,2018-10-11,short,0.30800882904795773,1.265670534740279,-0.19037477606881453,0.25,True,True,-1.4130324210205372,False,-7.571951857666148
MCD,2018-10-23,long,1.7398895560950791,2.0109853289161714,0.22926073668625016,0.2222222222222222,True,True,1.718569637505619,False,3.138601100377758
MCD,2018-11-20,short,0.2321262887093203,0.6271503088934045,0.15147663023658609,0.2,True,True,-2.451643921977305,False,-1.5696700893518267
MCD,2019-01-07,long,0.14857683190273685,0.4728490059310651,0.26207296249744705,0.2,True,True,-0.6430838414574431,False,2.4136994079618557
MCD,2019-01-31,short,0.3798997747578893,0.5162462533056384,0.32945017042887126,0.2,True,True,-0.4102136245309544,False,1.6276850424016054
MCD,2019-02-19,long,0.11669139901746645,0.33913746778219933,0.33973549044622037,0.1,True,True,-0.5207418726151465,False,1.8156997827880161
MCD,2019-03-08,short,0.028861732286750087,0.31532512715882005,0.24601074266752906,0.0,True,True,-0.4370386864501861,False,-4.072405664344858
MCD,2019-03-14,long,0.09006470385849216,0.09454904983819636,0.009905679528681063,0.0,True,True,0.46767789159719586,False,3.639053802212966
MCD,2019-04-10,short,0.03797458171840417,0.26334187454294233,0.07237357989878189,0.0,True,True,-1.2694783821328084,True,-4.603089792479542
MCD,2019-04-15,long,0.04328370739558713,0.13289157847837835,0.04784280896220632,0.0,True,True,1.3551048169027626,False,2.9814818396721066
MCD,2019-05-01,short,0.004442389069215472,0.9462125221490411,0.20265373907084352,0.1,True,True,-1.9722789640140537,False,-2.523538612467835
MCD,2019-06-06,long,0.804938331277058,1.0719705644710842,0.5104379622263383,0.1,True,True,1.410191049187477,False,1.0194588168527696
MCD,2019-06-21,short,0.03639658960475883,0.44523609900591044,0.26632716946575785,0.1,True,True,-1.905690949061882,False,-3.8676201060892756
MCD,2019-06-28,long,0.05238611323168885,0.45589262336166414,0.02669430621521727,0.1,True,True,1.8811493051638635,True,3.154195209997801
MCD,2019-07-01,short,0.11148330994452679,0.16453592136783282,0.09863200455315536,0.1,False,False,-1.8751804699852954,True,-3.596724612976132
MCD,2019-07-02,long,0.6005756164800441,0.7125712020694643,0.17751360925841853,0.1,True,True,2.106611611236677,False,1.9706269789236286
MCD,2019-07-22,short,0.026346706775041306,0.17329634388897402,0.2331695146354619,0.3,True,False,-4.6337423620060925,False,2.1162849361886282
MCD,2019-08-09,long,1.067116065099875,1.2000953182234613,0.8250355848716644,0.3,True,True,3.7823657519782112,False,-2.9346508809546035
MCD,2019-08-23,short,1.1870780799559075,1.3950343207635723,0.018745776586050956,0.3,True,True,-3.1871941661144896,False,-1.7463741083755924
MCD,2019-09-06,long,0.11621165978549866,0.3110894270501659,0.15109920634653826,0.2,True,True,2.5866180837122257,True,-4.835688842551955
MCD,2019-09-09,short,0.40176228440731093,0.517865489137055,0.22149040481364293,0.2,False,False,-2.2830719603659446,False,2.632795463120985
MCD,2019-09-26,long,0.060933239372727384,0.35144327859092317,0.5528852327222884,0.3,True,True,-0.8230268016451234,False,-0.395129191007737
MCD,2019-10-02,short,0.6382749959079724,0.8278897671295634,-0.04339915879040737,0.3,True,True,0.9250431411949801,True,-0.9841639150479642
MCD,2019-10-07,long,0.2011203465227298,0.31933315429271747,0.02548636955749765,0.3,True,True,-0.6603975800085355,False,-0.9767952762054777
MCD,2019-10-14,short,0.1946470346972219,0.41857152539415027,0.030416671506085357,0.3,True,True,0.6210709835173716,False,7.966234612483292
MCD,2019-11-11,long,0.11342320766773113,0.21573808793068278,0.4642858510778042,0.2,True,True,-1.7978514045174323,False,-0.3893316116033385
MCD,2020-01-28,short,0.03842357441441724,0.27368095290702205,0.29693095846196255,0.2,True,True,-1.5069292114692951,True,-2.5381514544412287
MCD,2020-01-29,long,0.15742138941792444,0.19639834961698954,0.35640889006770965,0.2,False,False,1.5480041108191265,False,1.4083213273899942
MCD,2020-02-05,short,0.1255930474867104,0.19345176777036863,0.12305752435548695,0.3,True,True,-1.4230141794479072,False,-0.33118703942101035
MCD,2020-03-26,long,0.10456756230087466,0.9904898880174405,0.8391162518275916,0.3,True,True,-2.5971124608506657,False,9.76994419367423
MCD,2020-05-05,short,0.05189394585967965,0.18262847762911774,0.1363572362858317,0.2,True,True,-0.362044069964123,False,-0.1840971060699914
MCD,2020-05-21,long,0.13277666229171484,0.16374648561116248,0.17290726504708878,0.2,True,True,0.08530492426100068,False,7.2371792269322555
MCD,2020-06-12,short,0.03511530720247782,0.3261517229335721,0.29260581027957605,0.2,True,True,-0.6634867175073588,False,4.984964093482869
MCD,2020-07-14,long,0.2911006009363062,0.5037026918994573,0.026171516812350967,0.1,True,True,-0.007485789019620854,False,2.894299380922427
MCD,2020-08-03,short,0.05656729115038076,0.25031879012782915,0.3463752844980852,0.1,True,True,-0.4412179209455644,True,-7.3405312995525
MCD,2020-08-04,long,0.13619599867880125,0.19324860402693678,0.28134078056587764,0.1,False,False,0.47757636137717363,False,5.497596923438874
MCD,2020-09-01,short,0.039164952619600304,0.20991877453000754,0.1159171438717384,0.2,True,True,-2.56646568505,True,-5.698438650377091
MCD,2020-09-02,long,0.11693648935330025,0.15746193162092004,0.06969521783294111,0.2,False,False,2.6539581801333365,True,2.936693427113757
MCD,2020-09-03,short,0.11105097799417668,0.2328330979013389,0.05107348764912957,0.2,True,True,-2.569955192322283,False,-3.026188119075912
MCD,2020-09-14,long,0.15946326289559476,0.39752755799379036,0.20010841336229065,0.3,True,True,2.4293919739747305,False,-0.13602869853973631
MCD,2020-09-21,short,0.6380734251834974,0.965634163408108,0.07650921378116383,0.3,True,True,-2.265805483873702,False,-4.463760601573297
MCD,2020-10-05,long,0.033176106206455745,0.7785373440983588,0.2697516568473608,0.3,True,True,1.6263050249459423,False,-0.030955050612535562
MCD,2020-10-19,short,0.014834142297268805,0.6882531080737174,-0.06606919005657812,0.3,True,True,-2.0412383099114537,False,5.946925574180928
MCD,2020-11-19,long,0.05030487550366182,0.08559648954478224,0.31152201980667715,0.3,True,True,-0.7232986486238697,False,-1.4492297388792874
MCD,2020-12-03,short,0.15195742298918952,0.3623537618477787,0.2819515602316283,0.3,True,True,0.412014537022868,False,-1.2954421606550026
MCD,2020-12-15,long,0.24857160444982793,0.7177721301411062,0.19420822883025232,0.2,True,True,-0.6051573170787329,False,-1.5358966512800665
MCD,2021-01-14,short,0.287339254343389,0.5891462246848838,0.12081485415830254,0.2,True,True,0.1890892460418112,False,0.3165477566805408
MCD,2021-01-21,long,0.34237885301473403,0.44771980710416054,0.09094126771151727,0.1,True,True,-0.13362751588445232,False,-1.1708131570734803
MCD,2021-01-27,short,0.17902101565862513,1.5007202358100913,-0.3070736383785588,0.0,True,True,0.12894787317104028,False,-3.57486744842741
MCD,2021-02-05,long,0.3653953017180164,0.7198878496929826,0.3713256018659716,0.0,True,True,-0.283746091797422,False,-0.2446041630946194
MCD,2021-02-23,short,0.16053045069355193,0.5146414553390724,0.3862620563672342,0.0,True,True,-0.19206186866107583,False,0.7035922769573433
MCD,2021-03-10,long,0.5674468415204055,1.3245205927743153,0.5350165882310808,0.0,True,True,-0.3207999682068051,False,5.034936918853927
MCD,2021-04-14,short,0.0767787191852128,0.31464885133280646,0.19114856969530025,0.0,True,True,-2.189904385925474,False,-0.9118188527204252
MCD,2021-05-28,long,0.06673171479694971,0.3032474840973956,0.25865905941004447,0.0,True,True,0.3780092241866719,False,1.3211366235303723
MCD,2021-06-07,short,0.05390889036507779,0.2791484911387132,-0.001710796899543932,0.0,True,True,-0.40665641693825605,True,-0.522244028890162
MCD,2021-06-10,long,0.0363949010772074,0.39167852728170943,-0.03384139094446486,0.0,True,True,0.41018855083435046,False,-0.5371120659312667
MCD,2021-06-18,short,0.7608959772771593,1.151239096500091,0.22658652232233675,0.1,True,True,-0.4331822729903076,False,-1.746372353040626
MCD,2021-07-07,long,0.01362049616189182,0.4537306084566441,0.3097021380725311,0.1,True,True,0.08673267665428515,True,0.5540356692236736
MCD,2021-07-08,short,0.019303599675814888,0.03314528296503715,0.36085887993452315,0.1,False,False,-0.07842115465630933,True,-2.503857840752266
MCD,2021-07-09,long,0.4686855098320074,0.4882781449172675,0.20270395238213826,0.1,True,True,0.20639486426911005,False,3.088951770249748
MCD,2021-07-19,short,0.515267028513611,1.3261358166466877,0.04875318141393523,0.3,True,True,-0.23410924453017878,True,-4.728248512466893
MCD,2021-07-22,long,0.6755504247310773,0.7448184953377586,0.2595501263537231,0.3,True,True,0.49382904950893725,False,-0.9427430739476717
MCD,2021-08-03,short,0.044038415870969544,1.4286962051890129,0.5893222569920196,0.4,True,True,-1.3762021209483424,False,-1.4053337894179618
MCD,2021-08-17,long,0.07533338629575884,0.4095545853221054,0.645680301717463,0.4,True,True,0.4308044745515338,True,-0.6318025959089035
MCD,2021-08-18,short,0.039792205792078546,0.11521459610391259,0.5919176572670948,0.4,False,False,-0.4008775546424482,True,-0.5777922358978227
MCD,2021-08-23,long,0.030797777144349864,0.2286646095981152,-0.04056587542063008,0.5,True,True,0.4040041901533553,True,-0.9076039395531921
MCD,2021-08-24,short,0.0413488983295992,0.07271722551148711,0.0031874565524311824,0.5,False,True,-0.3852271834582893,False,-0.6283399378998133
MCD,2021-09-02,long,0.3772778252097863,0.4902779190073983,0.1219231148853599,0.6,True,True,0.4491800756302985,False,1.0922713300128173
MCD,2021-10-01,short,0.2655637112775233,0.2863497142953355,0.6302462219377536,0.5,True,True,-2.4289322518730248,True,0.2799191907558507
MCD,2021-10-06,long,0.27694771493656606,0.5156754007670139,-0.07159238449326884,0.5,True,True,2.62250689166043,False,-2.9866380562472483
MCD,2021-10-12,short,0.04126808231931037,0.7791239287137471,-0.13709692938159262,0.5,True,True,-2.613689004526183,False,3.312607074084828
MCD,2021-10-29,long,0.2716804540631826,1.0067668363913858,0.8601587463209385,0.4,True,True,-0.002073376503968654,False,2.0851097609737357
MCD,2021-11-19,short,0.037553508293322026,0.30202306645973126,0.14346763743044,0.4,True,True,-2.5557373728598742,True,-2.0869471967057907
MCD,2021-11-23,long,0.16134914139498646,0.23094658078668645,0.08806179061548654,0.4,True,True,2.659965593359624,True,2.10017757367833
MCD,2021-11-26,short,0.4127081358881082,0.8687040603421434,-0.13898726637434533,0.5,True,True,-2.3709406931417107,False,-6.571342875586872
MCD,2021-12-07,long,0.7401779398521642,1.207339456954084,0.5923695956385706,0.4,True,True,1.9137890135098155,False,1.7236726465100105
MCD,2022-01-03,short,0.02407814649125183,0.10143806398198171,0.14793397980622772,0.3,True,True,-2.984950996944129,False,4.505178127799436
MCD,2022-02-02,long,0.5632106512150818,0.6200634244717592,0.7069404485104348,0.3,True,True,-0.633326650113673,False,-3.5039042704249623
MCD,2022-02-14,short,0.20697754168007956,0.3600451948657264,0.24044871627317388,0.3,True,True,0.4288857244144287,False,4.904289294308695
MCD,2022-03-16,long,0.3384436594628747,0.9212572133898687,0.583101357880797,0.2,True,True,-1.922111561073742,False,4.572941250515816
MCD,2022-04-26,short,0.26990148265477737,0.29842668234773556,0.15611345700192267,0.2,True,True,-0.708617781606803,False,1.1666422598772819
MCD,2022-05-26,long,0.35527673771496115,0.53092700570557,0.5149555184805193,0.2,True,True,-0.562665828551395,False,-3.7866861705243005
MCD,2022-06-10,short,0.34682648980304787,0.6022492460313029,0.2923316433195995,0.2,True,True,0.03849626174129393,False,-4.065217247696928
MCD,2022-06-23,long,0.0033688258323997956,0.4377079351630585,0.272286151179317,0.1,True,True,-0.4133264979876365,False,3.9658472946935586
MCD,2022-07-25,short,0.32699863018453645,0.37091204715794385,0.15296192501536054,0.0,True,True,-0.7263763535350822,True,-2.56409980128931
MCD,2022-07-27,long,0.19176245122048302,0.27527359148894137,0.031413810533258785,0.0,True,True,0.8885915689458328,False,0.9540684993398107
MCD,2022-08-08,short,0.4770154019998674,0.5100505604606285,0.2990671199277168,0.1,True,True,-1.2923473058037325,False,-2.3948626051675914
MCD,2022-08-16,long,0.2267265028736752,0.32428858054956156,0.14442686768244906,0.1,True,True,1.6144341150877592,False,-4.8067983389138424
MCD,2022-08-22,short,0.08158190408541591,0.521747028015742,-0.06475168287942111,0.1,True,True,-1.6504233627992917,False,2.72580841981509
MCD,2022-09-12,long,0.12276945492631844,0.3248213722426405,0.5437012733059744,0.1,True,True,0.1433009628913221,True,-6.37936698980377
MCD,2022-09-13,short,0.3268935432587912,0.4538849210994994,0.37028931767591017,0.1,False,False,0.02334907337387811,False,6.931949066243481
MCD,2022-10-12,long,0.1079428624866136,0.3865271053155564,0.30925568497949124,0.2,True,False,-1.8481600962179927,False,8.24686689515306
MCD,2022-11-15,short,0.4223391160896092,0.4479807302139776,0.3801428638014028,0.2,True,True,-1.7618598093405138,False,-2.421712490607586
MCD,2023-01-10,long,0.0966723295056292,0.2108279589406105,0.1906981810561436,0.2,True,True,-0.19759821670464744,False,1.5209612379276427
MCD,2023-02-01,short,0.13606365024321368,0.45052155530196786,0.26891692811152385,0.2,True,True,-0.10869950786469133,False,-0.1089151609077188
MCD,2023-02-17,long,0.48725436005503514,0.542525125739165,0.27735844991123143,0.1,True,True,-0.12112921589286589,False,0.8195085567469951
MCD,2023-02-27,short,0.06991012775607254,0.1875811544220677,0.19825350255531324,0.1,True,True,0.13762844380597467,True,0.06836449948369738
MCD,2023-03-02,long,0.2681876345807803,0.5298480219485958,-0.04556553790138702,0.1,True,True,-0.09544091464838488,False,1.1211929946056687
MCD,2023-03-09,short,0.10565653437605141,0.8938892958049787,0.04759944875172119,0.2,True,True,0.005664904910891811,False,-3.0539014557521726
MCD,2023-03-16,long,0.9946382068122913,1.0125935679841034,0.23650437334117047,0.2,True,True,0.10532910690776026,False,2.6684511695771906
MCD,2023-04-26,short,0.2383566546001835,0.5643953284712646,0.23474274759229116,0.1,True,True,-2.4549449691519616,True,-2.3502051219608244
MCD,2023-04-28,long,0.05486298875249374,0.1372110288648344,0.2171849647243411,0.1,True,True,2.463187371329572,True,0.13187792960844824
MCD,2023-05-03,short,0.043646507833999315,0.40243347449461264,-0.09177795166363979,0.2,True,True,-2.359845993568945,False,0.5962007324825658
MCD,2023-06-13,long,0.13937855585066863,0.234224268106938,0.2910760969950531,0.3,True,True,-0.22460941747309615,False,1.1055318775351708
MCD,2023-07-14,short,0.02207855601500164,0.0871815399589089,0.035613474311318095,0.3,False,True,-0.7031964853934113,False,0.30853400494763594
MCD,2023-08-29,long,0.025308987592063674,0.29968162915620533,0.5150334515828652,0.3,True,True,-0.9464839597787829,False,-0.10760047111117998
MCD,2023-09-06,short,0.522455419810012,0.6973771333078309,0.07395770598718411,0.3,True,True,0.9951414721768156,True,-0.6389481808999342
MCD,2023-09-11,long,0.17436047473860788,0.32739844821866054,0.008766605510856179,0.3,True,True,-0.917257016405193,False,-3.567349526464725
MCD,2023-09-21,short,0.9529542076262996,1.1123826591037123,0.3359063171479593,0.3,True,True,1.0312649948369232,False,7.001684583460555
MCD,2023-10-18,long,0.8294862470945285,0.8985163998819178,0.5013818074422883,0.3,True,False,-2.433332636720914,False,2.3200399295466356
MCD,2023-12-15,short,0.08678423366031776,0.3454171873345096,-0.01678180511698723,0.3,True,True,-1.4349205370943001,False,-3.400992620792942
MCD,2024-01-23,long,0.22425937779954866,0.2508343797467978,0.3887819049682327,0.2,True,True,0.6628091799807196,True,-5.132461416324574
MCD,2024-01-26,short,0.5088598797919094,0.6626519347402675,-0.04141611592791824,0.2,True,True,-0.548433665981206,False,0.9546270925150702
MCD,2024-02-21,long,0.3041785990889275,0.39374677052999585,0.4818407289980315,0.2,True,True,-0.04201514456888793,False,0.23363301163992212
MCD,2024-03-07,short,0.10872006674334152,0.19106968940647942,0.05737819405835948,0.2,False,True,-0.1364929535845897,True,2.6038194803389314
MCD,2024-03-11,long,0.21931132284169774,0.2877550245223894,-0.011050147905476648,0.2,True,True,0.2138016647867844,True,-5.494870774175798
MCD,2024-03-13,short,0.9734363476540469,1.2888833095355001,-0.06846220562088004,0.3,True,True,0.02924516799458609,False,0.29695536486403773
MCD,2024-04-18,long,0.3061602634102355,0.5634444955823984,0.2874281881158918,0.3,True,True,-1.33560352906772,False,0.8487427304582296
MCD,2024-05-08,short,0.12783057194468772,0.13100690431671091,0.3885619745920612,0.3,True,True,0.6308369113476968,True,1.013056868755069
MCD,2024-05-10,long,0.3794277020139638,0.6101169980986724,0.05474791856114028,0.3,True,True,-0.5242276446772428,False,-6.141799462155417
MCD,2024-05-21,short,0.1651075533711976,0.4432857130542197,0.1215635683968031,0.4,True,True,0.52910080588859,False,1.5767075453764878
MCD,2024-06-05,long,0.27992242815746354,0.37105578679844636,0.8396003200049784,0.4,True,True,-1.5316909628974251,False,-2.38084660130935
MCD,2024-06-18,short,0.12342337447535982,0.19337884169390995,-0.009559801072483451,0.3,True,False,1.781933762653819,True,0.31501343496330714
MCD,2024-06-20,long,0.11627773828993603,0.2442824491169495,-0.04115260269231316,0.3,False,False,-1.7329613563946715,False,-1.0677882810642414
MCD,2024-07-02,short,0.2940095201798775,0.6856242743674248,0.3734136033744328,0.4,True,True,1.3720973779015255,False,-5.331132835089725
MCD,2024-07-11,long,0.2743992883926945,0.9121413657765316,-0.05518603158341178,0.3,True,True,-1.4496100124042373,False,-1.31083296009461
MCD,2024-09-03,short,0.1724876566775816,0.3472191167298928,0.3707054580717004,0.2,True,True,-1.8464850665009265,False,-2.8824745640745775
MCD,2024-09-26,long,0.20592928679705091,0.23720294143124243,0.16472525142684116,0.2,True,True,1.4664996847426828,False,0.1284383364645647
MCD,2024-10-02,short,0.0003840514725857576,0.14289456408396461,0.02913403252719351,0.2,True,True,-1.4350496239243984,False,-3.0155469581366834
MCD,2024-10-15,long,0.21480217731879542,0.6575869377014159,0.22031013053954202,0.1,True,True,1.2307706698488445,False,-5.853079958240626
MCD,2024-10-23,short,1.5626772435478056,2.2465604573703795,0.06078002544197553,0.1,True,True,-1.1410275503981593,False,1.5306512737867761
MCD,2024-11-14,long,0.08071985500792586,0.15218118750116105,0.33532482101683003,0.1,True,True,-0.24974535719030547,True,-0.8540873644553137
MCD,2024-11-15,short,0.33197446657433544,0.41296532964617766,0.09179975831317898,0.1,True,True,0.3560335651285777,False,-0.5362202346320677
MCD,2024-11-26,long,0.12870686949447993,0.44820263363988566,0.19547826099578183,0.1,True,True,-0.5186339921434255,False,0.5234714660216966
MCD,2024-12-18,short,0.24924835025691014,0.5221884126478795,0.16320974882091835,0.1,True,True,-0.052821763108711894,False,-1.3407322331824734
MCD,2025-01-24,long,0.039803806970171926,0.60209239684754,0.4644369757099348,0.1,True,True,-0.8397802093151229,False,3.0967492075305136
MCD,2025-03-03,short,0.11017606857677029,0.31836675383626944,0.18959780822543465,0.1,True,True,-1.480404425539842,False,0.1051546810063475
MCD,2025-03-07,long,0.870289112998525,0.9032952331662907,0.026056814622390904,0.1,True,True,1.8176344413986036,True,-4.9332361501383755
MCD,2025-03-12,short,0.853955571183257,1.1013959028902078,-0.07159102823655207,0.1,True,True,-1.3245389817454352,False,-4.73612668583745
MCD,2025-03-26,long,0.0072067956635607534,0.5472559973499723,0.1070992562449249,0.2,True,True,0.77598788194765,False,-3.0677754001894986
MCD,2025-04-04,short,0.40113747845611525,1.1310564585445237,-0.16517117082527358,0.2,True,True,-0.7784990580239944,False,-2.868952977687367
MCD,2025-04-14,long,0.12174090084294384,0.7677621142922002,0.30018570110802306,0.2,True,True,0.4609921656643843,False,-0.4967322565859744
MCD,2025-05-02,short,0.29228838178248123,0.6287245325785938,0.28060532785976605,0.1,True,True,-0.9489727204888664,False,-2.1316798299137574
MCD,2025-05-19,long,0.27425972269549603,0.8221567480736323,0.3371515280862112,0.1,True,True,0.5907355681817104,False,-2.200374587203091
MCD,2025-05-23,short,0.25320790972507234,0.2627698210384491,0.09659078573167146,0.1,True,True,-0.5178523437941143,False,2.5626726818029355
MCD,2025-07-01,long,0.33315000248662446,0.9753311858985164,0.5373316358443717,0.1,True,True,-1.7413443407207034,False,0.4739547128753463
MCD,2025-09-09,short,0.2672431058981167,0.30708406213768563,0.18671171853016738,0.1,True,True,-1.2061655489514809,False,2.98539783502616
MCD,2025-10-14,long,0.35457724216056935,0.7994639755849641,0.2790320435117113,0.1,True,True,-0.7273159664153072,False,0.6041479736514477
MCD,2025-10-30,short,0.01840564173776835,0.38473716373432665,0.27994589644879425,0.0,True,True,-0.21563239271175885,False,-1.702878345072678
MCD,2025-11-12,long,0.37245852628142445,0.43503450227139234,0.22929034803607776,0.0,True,True,-0.06330300012186493,False,1.7788503164976266
MCD,2025-12-02,short,0.029972928036906654,0.7378770340933543,0.051148341617164826,0.0,True,True,-0.5841202387690392,True,-4.582336778399809
MCD,2025-12-03,long,0.19090011950363833,0.2218979849498081,0.4189894689686505,0.0,False,False,0.6867385997899075,False,3.568290223971826
MCD,2025-12-23,short,0.08734558622493573,0.8804998806785626,0.250227584556357,0.1,True,True,-1.662407600898781,False,0.6305442901556768
MCD,2026-01-23,long,0.08242361620444048,0.43497420616715693,-0.11340522449356713,0.1,True,True,-0.32542347481820155,False,5.791441963833832
MCD,2026-03-04,short,0.13869329442606804,0.33551703760740087,0.09696342939786472,0.1,True,True,-2.333931991986714,False,4.826059525657255
MCD,2026-04-15,long,0.0589280543596659,0.17813638471992854,-0.02561994631441947,0.1,False,False,-1.3170379985796086,False,-5.283093138085471
MCD,2026-04-24,short,0.14631107878852578,0.18354263048282568,0.22719205428991335,0.1,True,True,1.148699034576822,False,7.886811842290642
MCD,2026-05-18,long,0.11184181311404223,0.6432897019613588,0.24980213994433537,0.1,True,True,-1.828185964926721,False,-1.499528029008168
MCD,2026-06-23,short,0.4197729623780191,0.5355242228490896,0.6648606346472613,0.1,True,True,0.3694547793656797,False,-2.4258255723063282
MCD,2026-07-02,long,0.04092581846956297,0.8830672105461033,0.10585383905538738,0.1,True,True,-0.6312486130353749,False,-4.603931557676921
MCD,2026-07-14,short,0.04473428771438789,0.41873840306650467,0.22020868654010367,0.1,True,True,0.42349384621700903,False,-1.517057049431525
MCD,2026-07-28,long,0.37325864447840024,0.6006618240923236,0.24976456348497436,0.0,True,True,-0.8784632865994054,False,0.4138946669761667
MCD,2026-08-18,short,0.2825423335801205,0.3443614908173326,0.4144011601099464,0.0,True,True,0.2393232459716739,False,1.5071977816921933
MCD,2026-08-24,long,0.09058710063020332,0.29988262343396166,0.03654755022575892,0.0,True,True,-0.18876024868228813,True,-5.47139173894603
MCD,2026-08-25,short,0.11392185544592126,0.20906659643625958,0.14391209977242111,0.0,False,False,0.2576865373267881,False,4.7811626098893
MCO,2018-06-14,short,0.360154752437733,0.5041778636086438,0.25987133348123737,,True,True,-1.5721136840011167,False,3.040970428164247
MCO,2018-07-09,long,0.11244046056369543,0.7058131453770821,0.3216900496105132,,True,True,-0.1425031562380995,False,6.081546479668365
MCO,2018-07-27,short,0.13769130765753274,1.2937802008663803,0.2113327537371904,,True,True,-1.9288080886687313,False,3.17665112932517
MCO,2018-08-22,long,0.08399395768225655,0.12924426192380908,0.2003077440591058,,True,True,-0.8629825027500809,False,2.81111334471551
MCO,2018-09-21,short,0.27914655304452024,0.38289382978389574,0.11184263314240514,,True,True,-0.5480180262375915,False,7.577744643882999
MCO,2018-10-19,long,0.04364648914870705,0.3351175664117125,0.5306930173258834,0.0,True,True,-1.9314232338611044,False,-6.453026810412266
MCO,2018-10-25,short,0.010007325850827168,0.016979581029593467,0.013586587671978788,0.0,True,True,1.8221960954685361,False,-0.17409658118630045
MCO,2018-11-05,long,0.27475304410324036,0.5596123340942597,0.5680036589357418,0.0,True,True,-2.073315523642225,False,-1.8544263051144538
MCO,2018-12-10,short,0.3845920541615676,0.4304284190912684,0.6011090182404784,0.0,True,True,0.3645375504153723,False,11.252141999303811
MCO,2019-01-02,long,0.22102752560751346,0.4022447490370763,0.5654913924115471,0.0,True,True,-1.6095258503839516,False,10.330123557453973
MCO,2019-03-05,short,0.1922031186206666,0.35624054455340953,0.1563213207710985,0.0,True,True,-1.310585392874779,False,-4.425332451436392
MCO,2019-03-19,long,0.10250601683938608,0.1638557100644317,0.23552593427543267,0.0,True,True,1.0595966301697484,False,3.594031537068787
MCO,2019-03-25,short,0.09464805109708439,0.25250462993926015,-0.014020980359809431,0.0,True,True,-1.0553580016877733,False,-5.501397252436946
MCO,2019-04-01,long,0.1996656268988346,0.49332607173604853,0.01361549595248573,0.0,True,True,1.1374792841279264,False,2.5639709879805572
MCO,2019-04-11,short,0.37299177388422317,0.4961465639269382,0.3753039812771796,0.0,True,True,-1.3075951709983529,True,-5.565469012051061
MCO,2019-04-16,long,0.10196576937084173,0.31604840264915457,-0.02717149150829938,0.0,True,True,1.3859407224758673,True,1.7634101360143983
MCO,2019-04-17,short,0.3097374110393495,0.4150317780814594,0.10310461753397256,0.1,False,False,-1.3463128228726278,False,-2.5535837579124365
MCO,2019-04-25,long,0.19671544703922808,0.27505587397399356,0.13246032181154882,0.2,True,True,1.385863038650107,False,-2.251196323686877
MCO,2019-05-02,short,0.3654621253573777,0.7649297208762853,0.11827861650434078,0.2,True,True,-1.3902326012111166,True,1.8156431180392452
MCO,2019-05-06,long,0.012153714566505828,0.19402567303260262,0.30134489139122267,0.2,False,False,1.4361080497175303,True,-6.074104934545376
MCO,2019-05-07,short,1.0948221193294774,1.1073122234808739,0.14419279345676123,0.2,True,True,-1.31550064312256,False,2.301085088676824
MCO,2019-06-07,long,0.5434581023173521,0.5672160697154405,0.524349205685441,0.4,True,True,-0.11916841871960342,False,2.4485114774722927
MCO,2019-07-19,short,0.08984596888037825,0.4705985152543152,0.14281200106636932,0.4,True,True,-1.785531630345252,False,-6.6753207425277905
MCO,2019-07-31,long,0.5362177861849244,1.5755724027955564,-0.03072120025566068,0.4,True,True,1.743678057760191,False,-3.6530792501326292
MCO,2019-08-07,short,0.10616555883365095,0.14540004476654078,0.5866424734131667,0.4,True,True,-1.8694978323544602,True,-5.427292408918416
MCO,2019-08-08,long,0.650587279744564,0.7578473029482152,0.6956016587043264,0.4,False,False,2.1336126652804475,False,1.223852606533593
MCO,2019-08-14,short,0.397863089607516,1.2049388419366884,-0.042516189841551685,0.3,True,True,-2.0101160435089813,True,-4.04403585662878
MCO,2019-08-19,long,0.4924504679962408,0.7637667491285491,0.17821840005345785,0.3,True,True,2.231497436896821,False,-2.018121540252804
MCO,2019-08-23,short,0.28665967722236074,1.2676774857002415,-0.15394034760099487,0.4,True,True,-2.1894967328700443,False,-3.312756299456998
MCO,2019-09-06,long,0.18082572002229472,0.734697669383337,0.10566806703724077,0.3,True,True,1.949015454658692,True,-2.929156808080624
MCO,2019-09-09,short,0.022175789049482163,0.20550673480906648,0.38677904341261243,0.3,False,True,-1.9132614950242979,False,0.9155073352718812
MCO,2019-10-10,long,0.3863155863844068,0.7742419423423003,0.870358699790267,0.3,True,True,-0.8972424341029667,False,2.1464342429486027
MCO,2019-11-05,short,0.1439318767044403,0.6658616350225266,0.05727492319090787,0.3,True,True,-1.0155558751050549,False,-5.073667122825132
MCO,2019-11-18,long,0.1778418890065172,0.17974726446475073,0.08607696934640734,0.3,True,True,1.0036215813662939,False,1.7721434403898506
MCO,2019-12-30,short,0.2642746866104362,0.44242969621863737,0.14522155443289458,0.3,True,False,-2.312497450717345,False,-4.952433589534033
MCO,2020-01-08,long,0.25168307004762425,0.6822477979650581,-0.01617507541210452,0.2,True,True,2.2902429434724065,False,4.669806392899534
MCO,2020-01-31,short,0.2688436570118248,1.0570558219897084,-0.21789386835062008,0.2,True,True,-2.5898378897347305,True,-8.193458650484263
MCO,2020-02-04,long,0.3631982668815413,0.7585417571814089,0.008839632994790248,0.2,True,True,2.6368754907911303,False,6.913762309523297
MCO,2020-02-24,short,1.9590430863564272,2.1387758428118553,0.6317571263833816,0.2,True,True,-2.4081509515234885,False,20.81048881983163
MCO,2020-03-26,long,0.8758626025874673,1.2863088757367338,0.7524942962502947,0.2,True,True,-2.0583008376099903,False,7.7341441381576725
MCO,2020-05-06,short,0.03229232788318257,0.172568397601794,0.11040943945051401,0.1,True,True,-0.749791300434263,True,-6.349566070409707
MCO,2020-05-11,long,0.026268645889633676,0.03603304082550614,0.04607444333411391,0.1,True,True,0.7697237950519576,True,2.845552064101464
MCO,2020-05-12,short,0.01248727102089283,0.039291335390871256,0.0026526363736051268,0.2,False,False,-0.7500349543019077,False,-3.536677537573607
MCO,2020-05-18,long,0.03395657667068981,0.12730122401733215,-0.026715401540931726,0.3,True,True,0.7433484133318039,True,6.630676007713943
MCO,2020-05-19,short,0.003652753083261307,0.03867228893368645,0.024984593046026723,0.3,False,True,-0.726618189284753,True,-11.287036816557606
MCO,2020-05-20,long,0.001157140611980594,0.0049281713919000405,0.0204691651917008,0.3,True,True,0.7279119437199026,True,7.710633143418799
MCO,2020-05-21,short,0.06483436621300645,0.0660345082695699,0.03395898542762843,0.3,True,True,-0.6963478525650936,False,-10.213960620802954
MCO,2020-05-28,long,0.11100285852693963,0.12562489356155415,0.021161699122677236,0.5,True,True,0.7534429684320232,False,-2.4585526096444266
MCO,2020-06-11,short,0.6012908904651759,0.8051838658945549,0.2033162027709332,0.5,True,True,-0.8622512733611949,False,-6.926590310827541
MCO,2020-07-07,long,0.40693072305221567,0.44221937151939505,0.4578608477268422,0.5,True,True,0.5392105065504386,False,1.9308035651395272
MCO,2020-07-22,short,0.09462289894884746,0.09556511213347232,0.19288318858579656,0.5,True,False,-0.7217402315751846,False,5.41054875271918
MCO,2020-08-18,long,0.19446589548622384,0.3702362097817932,0.4297232152155073,0.4,True,True,-0.07686481054722392,False,3.909732627694451
MCO,2020-09-08,short,0.6328204831729507,0.8961421725286803,0.4081503818950642,0.3,True,True,-0.6539184378220715,False,-0.15427084939720892
MCO,2020-09-30,long,0.3863596517049682,0.514277854488172,0.4470811524468697,0.3,True,True,-0.15141861660862646,False,0.08967732883373714
MCO,2020-10-19,short,0.4875488473928895,0.49268189228324666,0.287169566815072,0.2,True,True,-0.34810490491683516,False,6.537085551896348
MCO,2020-11-04,long,0.057733735766761426,1.3056122650620579,0.3907282250968673,0.1,True,True,-1.360448859357777,False,-4.548173218959284
MCO,2020-11-23,short,0.056899865798907524,0.13925634212497637,0.09784486363300408,0.0,True,False,0.6032710320568838,True,-2.9426941624048686
MCO,2020-11-25,long,0.19830478259509923,0.2851405171276011,0.01632699134312329,0.0,True,True,-0.5048412274856032,False,-0.9364656878068534
MCO,2020-12-11,short,0.18661844666011507,0.20950317649632708,0.39159218171581694,0.1,True,True,-0.009909684145582442,True,-1.212506882881792
MCO,2020-12-16,long,0.05747366055646274,0.2810744493982692,-0.06637365259673986,0.1,True,True,0.07088866361549004,False,3.453955988059332
MCO,2020-12-28,short,0.05908330092435082,0.08479074747367929,0.11779463155765735,0.2,True,True,-0.195136689951227,True,1.406640995694164
MCO,2020-12-29,long,0.07639649973799659,0.1353957286342953,0.12352009358833034,0.2,True,True,0.26370135608984474,False,-2.308291441919652
MCO,2021-01-08,short,0.1432908423198139,0.3968498916435915,0.48624995965604934,0.3,True,True,-0.681302916067571,False,4.874903560265221
MCO,2021-02-02,long,0.6668979698958797,1.1614792449497244,0.4775259214777071,0.3,True,True,-1.0702972308774041,False,0.8265810963766329
MCO,2021-02-26,short,0.19033247131395387,0.29342577771879375,0.16525427580527485,0.3,True,True,-0.33440335241810126,True,-6.0933526955806006
MCO,2021-03-01,long,0.25625961192631297,0.4467243574077102,0.011159779459027293,0.3,True,True,0.5244688330930242,False,5.271361018101528
MCO,2021-03-22,short,0.14325766263239562,0.18660765099884882,0.5426808573144233,0.4,True,True,-1.5353092092083116,True,-6.61748126343753
MCO,2021-03-24,long,0.041081541613486774,0.3003664691523238,0.10243325106420409,0.4,True,True,1.6015283743285251,False,5.687747606119076
MCO,2021-04-28,short,0.6565091112845258,0.8896446944038888,0.22533955411020234,0.4,True,True,-2.304752042035176,False,0.09690806935438445
MCO,2021-06-09,long,0.1338674621876134,0.20136304089640786,0.059165346607310175,0.3,True,True,1.1291657821933627,False,5.555204027308469
MCO,2021-07-15,short,0.33154416771538014,0.3551863072854549,0.29107306815115447,0.3,True,True,-3.597478069910929,False,-0.6831259970925929
MCO,2021-09-02,long,0.28226219646477957,0.43769264288428067,0.33069475829120293,0.2,True,True,0.7226177320049375,False,-4.0680409613126685
MCO,2021-09-13,short,0.32008581395632474,0.37252502941793053,0.10736567097497587,0.2,True,True,-0.5856776888938773,False,2.893179273673152
MCO,2021-10-12,long,0.17611737971923852,0.2675483560440166,0.5280773733105245,0.2,True,True,-1.086718587597302,False,8.148394942797266
MCO,2021-11-08,short,0.12856970098157852,0.30927005698864474,0.5374453326495521,0.2,True,True,-1.2000105849634908,False,0.537993625783284
MCO,2021-11-17,long,0.08114632218719631,0.11555210992940033,0.19283124583900463,0.1,True,True,1.120508459100336,True,-1.889406008381811
MCO,2021-11-19,short,0.3814892087312218,0.40187850146314846,0.18194427926922313,0.1,True,True,-0.9541997626703709,False,0.35935101778309386
MCO,2021-12-08,long,0.128261573530614,0.3683915298942158,0.17720670436182812,0.1,True,True,0.5775229059995556,False,-0.7762590596372632
MCO,2021-12-20,short,0.4828096067493155,0.49720146995215825,0.06490803538480648,0.1,True,True,-0.5228646584197268,False,0.17317644382932595
MCO,2021-12-27,long,0.0812257280726807,0.2537494824292038,0.1043673940910914,0.1,True,True,0.6474565672091858,True,-9.432487070539219
MCO,2021-12-30,short,0.22290318552084054,0.44794077640035845,-0.011670900022774145,0.1,True,True,-0.5753569111112529,False,7.280180355830068
MCO,2022-02-01,long,0.01786945946535075,0.7169147207185002,0.6202205312327113,0.2,True,True,-2.285113717206247,False,-4.094170374980132
MCO,2022-02-18,short,0.07791870458074632,0.10244761183539292,0.14003404467819414,0.2,True,True,1.4585052599105792,False,2.5334553216485367
MCO,2022-02-25,long,0.1123246179162574,0.21128373461665245,-0.006809407648877233,0.2,True,True,-1.399949789675144,False,-5.940684111624495
MCO,2022-03-11,short,0.14587062307511442,0.4551227579511866,0.057137204941731266,0.2,True,True,1.1724649184451457,False,-8.552545819944978
MCO,2022-03-17,long,0.5225942369923232,0.5706251269317624,0.03315242801812461,0.2,True,True,-1.0248795250670815,False,4.8410725504346885
MCO,2022-04-13,short,0.24233570503725615,0.2816440902098485,0.4440682817513906,0.1,True,True,-0.4664494713130268,False,2.115927653421945
MCO,2022-05-23,long,0.2996222267744776,0.4829435164660782,0.1744594247500419,0.1,True,False,-1.8036508290030786,False,-1.9515333844209448
MCO,2022-06-10,short,0.3358116104085151,0.3431640806575301,0.12855640390670267,0.1,True,False,1.2859621534706114,False,-1.6725985778470287
MCO,2022-06-24,long,0.5420188974220022,0.697632428607928,0.4394043423275072,0.1,True,True,-1.7897395236693525,False,2.212621449902885
MCO,2022-08-19,short,0.34668648327814977,0.49995111387779106,0.17731567504030082,0.0,True,True,-1.246439246916355,False,8.520716153472375
MCO,2022-09-12,long,0.055878228482156074,0.37712502458584024,0.40274433483526534,0.0,True,True,-0.28768152402205144,True,-17.47602373760586
MCO,2022-09-13,short,0.07044763678977906,0.127369150106175,0.3521223654069006,0.0,False,False,0.33708172154239013,False,14.09306465358896
MCO,2022-10-05,long,0.15153983285140737,0.4753344510838226,0.3765276723369749,0.1,True,True,-1.589431869194701,True,-7.630035177218009
MCO,2022-10-10,short,0.00790176421385437,0.1288133476562977,0.07334916682170352,0.1,True,True,1.6174044054480232,False,-0.7857834590152546
MCO,2022-10-17,long,0.09894803207232192,0.2663529754250208,-0.01595092662820873,0.2,True,True,-1.6061459185142875,False,8.973080291424562
MCO,2022-11-29,short,0.04888760037885604,0.33370865245841386,0.16375047538297782,0.2,True,True,-1.2225257515733108,True,-4.179178171738629
MCO,2022-12-01,long,0.12849169513035483,0.1838070552392727,0.20044612225089728,0.2,True,True,1.2609549946723686,True,-6.27939537915807
MCO,2022-12-05,short,0.31298761061131214,0.39313066899695,-0.008782010281252322,0.3,True,True,-1.1049253604841645,False,4.45590225910697
MCO,2023-01-06,long,0.032991600027730016,0.3709697001786968,0.1089799428699873,0.4,True,True,-0.1578238295450529,False,10.524690988846563
MCO,2023-02-06,short,0.2554144011163866,0.5196138865357246,0.008797957289220554,0.4,True,True,-1.0177652201468617,False,6.257143191959025
MCO,2023-03-16,long,0.2711719983127931,0.3078228101540277,0.08581399015495096,0.4,True,True,-0.5554658201227874,False,1.0035474155748902
MCO,2023-05-03,short,0.13231273380950404,0.7202481228255977,0.027133109305945768,0.3,True,True,-0.553700380890927,False,-3.080960369846686
MCO,2023-05-11,long,0.04646156392710642,0.15656186656859405,0.2731174217403875,0.3,True,True,0.47126444348605023,False,0.4830337165608878
MCO,2023-05-25,short,0.08645177726195519,0.5220422237509162,0.18424364968125498,0.2,True,True,-0.6818706252496777,True,-8.334701339742146
MCO,2023-05-31,long,0.25560537497871805,0.34189196433323327,0.12308316613729543,0.2,True,True,0.7446304751097992,False,7.520200565584179
MCO,2023-06-22,short,0.024652250046034715,0.8964053310091763,0.6822757255307433,0.3,True,True,-2.011283902817551,False,-1.1106371378969415
MCO,2023-07-17,long,0.5087070946567069,0.5902220742971881,0.562502829448722,0.2,True,True,1.6056383853357168,False,-1.0269277351741546
MCO,2023-07-27,short,0.6512198571627732,0.942804124964284,0.1909485359632557,0.1,True,True,-1.7168759525308295,False,3.4434628515120136
MCO,2023-08-28,long,0.13695613281895153,0.32938502557294713,0.47415874689538107,0.1,True,True,-0.9815482509220635,False,1.3384021154966508
MCO,2023-09-21,short,0.7395410737259762,0.8490346268834109,0.25343376142527874,0.1,True,True,0.15812907176733473,False,3.1701994979404513
MCO,2023-10-10,long,0.11379711606146801,0.39690604080292785,0.31668122333591947,0.1,True,True,-1.164423910102945,False,-5.051717419745049
MCO,2023-10-20,short,0.07224890657272665,0.2710678274569757,0.18260308042889226,0.1,True,True,0.8796535025746912,False,-7.047796243774318
MCO,2023-11-01,long,0.24014847078935236,0.48319391933134215,-0.04179268852625776,0.1,True,True,-0.9028672246861494,False,12.087701449698285
MCO,2023-12-20,short,0.23354904864929973,0.5280366290686446,0.11378717295180352,0.1,True,True,-1.811988398777483,False,2.8134428732711547
MCO,2024-01-23,long,0.1676769546419826,0.17150092669416905,0.24189938613056883,0.0,True,True,0.5191611565993947,False,2.1112308287950965
MCO,2024-02-13,short,1.6503642564126253,2.020252981821925,0.14283703900506006,0.0,True,True,-0.4930580818527203,False,-3.112141265280055
MCO,2024-03-05,long,0.11894342465721582,0.1226704981571208,0.17975036668278063,0.0,True,True,-0.21978598299024274,False,1.2287418599483901
MCO,2024-04-10,short,0.2187741987828594,0.7976356357234188,-0.099604492826094,0.0,True,True,-0.3753134411074599,False,0.8453427964436933
MCO,2024-05-03,long,0.2439099369270673,0.6508625562738636,0.07695410611676544,0.0,True,True,-0.6071930533628563,False,8.992058590889695
MCO,2024-05-29,short,0.34655852124989844,0.6838379839977172,0.516828971538981,0.0,True,True,-1.9403509437875,False,-3.0459159478137376
MCO,2024-06-18,long,0.3656624517982935,0.4166844344770781,0.10933954095839818,0.0,True,True,1.317092878194255,False,1.4068862836315699
MCO,2024-07-24,short,0.7399812011053372,1.0275120406579596,0.31152482490647915,0.0,True,True,-2.0979806988958654,False,-3.9740888760745774
MCO,2024-08-01,long,0.2780617959770789,0.3675053362453677,0.39686744809576285,0.0,True,True,2.1463004934782184,True,1.3539342827377343
MCO,2024-08-05,short,0.9922007887510463,1.4275946173752543,-0.020871744815737957,0.0,True,True,-1.8027698052463224,False,-6.989774917181291
MCO,2024-08-13,long,0.16572298248563636,0.25513602822315556,0.46324729668627496,0.1,True,True,1.8663761629919515,False,4.433586368856646
MCO,2024-09-04,short,0.03623717450471218,0.29442387278301685,0.27430785315730116,0.1,True,True,-2.2855008356812223,False,-0.0371432221652368
MCO,2024-10-14,long,0.12136102496654246,0.6304354561166143,0.5153549156429952,0.1,True,True,-0.2691845183607274,False,-3.6083723506045495
MCO,2024-10-23,short,0.28990035987975116,0.6820778208905371,0.38200539933740557,0.1,True,True,-0.24299537651313774,False,1.6465325615862336
MCO,2024-11-08,long,0.5214917332043219,0.805145316875979,0.37409049387183424,0.1,True,True,-0.5809451754394134,False,0.9087652627943754
MCO,2024-12-10,short,0.063652124768612,0.2289262412656894,0.3471626696652322,0.1,True,True,-1.3159412198417813,False,2.254504290859616
MCO,2025-01-16,long,0.13395035880937825,0.6762110068752419,0.21544779834371033,0.1,True,True,-0.7994347965911232,False,4.267227821905073
MCO,2025-02-21,short,0.2175820294401756,0.7889623707450778,0.30446173796511017,0.1,True,True,-1.9064207273766396,False,7.576230743342604
MCO,2025-03-24,long,0.42750309494004796,0.4646817101121249,0.44673620428739563,0.1,True,True,-1.5447524291623203,False,-15.165726801073165
MCO,2025-04-04,short,1.0343631055137361,1.2782584884464048,0.1882069825702479,0.0,True,True,1.54027366174143,False,-2.701093699986812
MCO,2025-04-15,long,0.05934924602252012,0.32259596875991114,0.3935303156400479,0.0,True,True,-1.6698004531574104,True,4.153535859717983
MCO,2025-04-21,short,0.07392045974947326,0.20545034492969144,0.046586499914567765,0.0,True,True,1.6532848702487548,True,-12.431641290813356
MCO,2025-04-22,long,0.21511332215261128,0.2895847407321589,-0.004284359203392414,0.1,False,False,-1.5115123257384722,False,7.688366657835455
MCO,2025-05-23,short,0.2782530952595996,0.3313361589684869,0.3957666071066528,0.2,True,True,-1.0317118403507308,False,-3.385495853645959
MCO,2025-06-27,long,0.00619491921667675,0.2388303298431415,0.24928872005026298,0.2,True,True,0.2991444718586663,False,3.153497815099704
MCO,2025-07-15,short,0.014747899401542178,0.34883895338431187,0.12306808182231242,0.2,True,True,-0.7687386917199636,False,-3.072997696809887
MCO,2025-07-24,long,0.12040306795641754,0.3965159056987765,0.02203151823722737,0.2,True,True,0.7155015362318902,False,0.1890457217902597
MCO,2025-08-01,short,0.48660169191899955,0.9005913149205018,-0.06434160302619342,0.2,True,True,-0.6608229889539857,True,-3.214348177302795
MCO,2025-08-04,long,0.11327466867706466,0.6127703435268239,-0.10009053899424394,0.2,False,False,0.7391489674955799,False,-1.8678735035158267
MCO,2025-08-08,short,0.13523245383319357,0.13770129603836964,0.03870851985694807,0.3,True,True,-0.7586593709359499,False,-0.3206292702518265
MCO,2025-08-14,long,0.013813210647329013,0.18626893639140288,-0.009412198978286875,0.3,True,True,0.7878210698613403,True,-2.104218943542746
MCO,2025-08-15,short,0.22280309770809523,0.23680014588027637,0.18429246297831237,0.3,False,True,-0.7620161152652606,False,1.2973007961217364
MCO,2025-09-11,long,0.31646492263430004,1.1603670354242892,0.5911090178640203,0.2,True,True,0.0019882219214989953,False,-8.870245838072021
MCO,2025-09-18,short,1.8799127860271332,2.400812642158406,0.04849962007235645,0.2,True,True,0.4603223287955217,False,0.031093727612696576
MCO,2025-10-06,long,0.19735075908462507,0.3663906190057479,0.5826749301206663,0.2,True,True,-1.357444317853652,False,-1.859556530163231
MCO,2025-10-16,short,0.22927641637197485,0.5735150839131167,0.29258172000247673,0.2,True,True,1.1077214032382285,True,-2.2217032278493587
MCO,2025-10-21,long,0.3381828791586028,0.6386412366343813,0.013267656143308597,0.2,True,True,-0.970568490682594,False,0.5237913264716454
MCO,2025-11-17,short,0.3915986776864007,0.8038463770531017,0.22150871132174121,0.3,True,True,0.12328082517189863,False,-3.5347590946990026
MCO,2025-11-25,long,0.08565507092955182,0.5235752644084948,0.2222708693420733,0.2,True,True,-0.28510747556325294,False,-1.1695308649815828
MCO,2025-12-11,short,0.10361707301392224,0.12060703554042704,0.5710449025859685,0.2,True,True,-0.26633747342587794,True,-7.11209670346693
MCO,2025-12-16,long,0.32359532558737586,0.39076835822491107,-0.016624892104446252,0.2,True,True,0.38327440905671323,False,3.620689032022306
MCO,2026-01-20,short,0.5962826412408981,1.3262814280963193,0.15291717841798366,0.2,True,True,-1.8408897776604705,False,8.940652600472255
MCO,2026-02-23,long,0.02612650081248522,0.18260514906403405,0.7645350660807056,0.2,True,True,-2.239479543862823,False,6.080865388954004
MCO,2026-03-12,short,0.1576996703519211,0.5418674114917881,0.31949809535811824,0.2,True,True,0.7660767365906795,False,-1.362344173906327
MCO,2026-03-31,long,0.14087878223471437,0.17057676977936886,0.05143122279102351,0.2,True,True,-0.8852203436155999,False,2.4206276789785486
MCO,2026-05-05,short,0.04216040119379717,0.1106668385099321,0.2333657133038467,0.2,True,True,-0.3263642471412007,False,4.185069472404123
MCO,2026-05-26,long,0.2391169441684785,0.3851196463462367,0.45858213776586026,0.1,True,True,-0.11172558702137037,False,-0.2571510757655049
MCO,2026-06-08,short,0.049639264430286524,0.39163353805062373,0.24129321628277525,0.1,True,True,-0.07988632285989397,False,-0.04732447200341827
MCO,2026-06-16,long,0.7984659678870114,0.8147803088262185,-0.0018645266778103782,0.1,True,True,0.24958075711907787,False,-0.006404861270126183
MCO,2026-06-23,short,0.3880479940137528,0.4249986814279024,0.27724377254977106,0.1,True,True,-0.07089196394623663,False,-9.264141546689375
MCO,2026-07-01,long,0.9355675265315214,1.0015746646316994,0.3077720318447297,0.0,True,True,0.22621434965542314,False,10.811732681445152
MCO,2026-07-22,short,0.20434844049092799,0.7971201241055844,0.5936950153478641,0.0,True,True,-1.9385679999104415,False,1.1680639264541548
MCO,2026-08-19,long,0.3545717430200576,0.49719028789238245,0.11780634440281133,0.0,True,True,0.42065088841739556,False,-1.414401303052637
MCO,2026-09-02,short,0.32252034992891926,0.5286810947767179,0.343587824011189,0.0,True,True,-1.297167611259977,False,5.73877451371173
MSFT,2018-06-13,short,0.19887930552205468,0.4760947648131596,0.3834101764281872,,True,True,-2.3376784678016125,False,3.2820703053156763
MSFT,2018-07-09,long,0.12185559341064403,0.7528950959167381,0.4808816981914427,,True,True,0.5960590402558658,False,6.008830581165059
MSFT,2018-07-31,short,0.15496711248590164,0.6205420106837256,0.6304234962087101,,True,True,-2.5746156308407793,False,-3.2805456772101227
MSFT,2018-08-09,long,0.05457441878477392,0.10849806183085979,0.13078601843720664,,True,True,2.3525300845118147,True,-1.5465454625828157
MSFT,2018-08-10,short,0.0927240087356682,0.14742581744994893,0.11812395922346806,,False,False,-2.2765196550467435,False,0.1677680429202133
MSFT,2018-08-29,long,0.6040353625079191,0.6396406043142344,0.43121753805374874,0.2,True,True,2.0771725176726057,False,0.7945275622991632
MSFT,2018-09-06,short,0.39062467613432056,0.5525997546495077,0.26450346888753046,0.16666666666666666,True,True,-2.1752894679153787,False,-4.441780031581377
MSFT,2018-09-13,long,0.3701202162273124,0.528539759171249,0.27758225346176496,0.14285714285714285,True,True,2.304511976569757,False,1.3284720910426762
MSFT,2018-10-04,short,0.8372782108069761,1.059603947935482,0.03853200130873894,0.125,True,True,-2.789665766220651,False,3.803524105406797
MSFT,2018-11-05,long,0.04329117550333344,0.5597218747504427,0.44921131776191475,0.1111111111111111,True,True,-1.3027986630768449,False,-2.267723879953454
MSFT,2018-11-19,short,0.03052147118545621,0.5666995131282673,0.09758554811893973,0.1,True,True,0.5392366543955731,False,-3.7277571062313664
MSFT,2018-11-27,long,0.08842226633305852,0.5928112447009202,0.12850582206520317,0.1,True,True,-0.7470289463656075,False,1.8107063397583945
MSFT,2018-12-14,short,0.08134733447867254,0.5085811693620417,-0.07038240063837237,0.1,True,True,-0.15493137010635796,False,4.2063316703086056
MSFT,2019-01-07,long,0.1773247047682388,0.4655416907844203,0.23961552049423157,0.1,True,True,-1.4501160300162639,False,3.546961820819461
MSFT,2019-02-01,short,0.2489877385873411,0.4065968804418531,0.2616695343418409,0.0,True,True,-0.1963463588777902,True,-5.29287445712352
MSFT,2019-02-05,long,0.23236034018769042,0.3138789468678396,0.1109771852388574,0.0,True,True,0.4118222550169883,False,0.36148837421456914
MSFT,2019-02-11,short,0.009251727600883736,0.0968174664170536,0.051088076659902164,0.1,True,True,-0.36785401265896156,True,-7.211272441692129
MSFT,2019-02-12,long,0.16598332276739663,0.17538615457784398,0.0815270863647164,0.1,True,True,0.4593729593706837,False,5.387807806516776
MSFT,2019-03-08,short,0.31086098662043943,0.3311918860160112,0.37707747774741796,0.2,True,True,-1.471765344797365,True,-5.918007959213578
MSFT,2019-03-12,long,0.0679570354507934,0.22803729649559762,0.13521449429460936,0.2,True,True,1.5452910625107428,False,3.7757496808055624
MSFT,2019-03-27,short,0.0444070087148803,0.5083681998651385,0.3996512125800754,0.3,True,True,-1.8169572554283455,False,-2.928843386202429
MSFT,2019-04-18,long,0.046769106582156515,0.5397393498827243,0.03540663440204856,0.3,True,True,1.464563464233321,False,4.482405218826058
MSFT,2019-05-06,short,0.0020246195678756663,0.46121350909437436,0.782050732461328,0.3,True,True,-1.9592324889844814,False,1.1414308268383744
MSFT,2019-06-07,long,0.6204649207879354,1.3512561440578585,0.6436109362645384,0.3,True,True,0.7200784875350692,False,4.238980390052838
MSFT,2019-06-27,short,0.05636557668789833,0.3594520283804728,0.45509708375693325,0.3,True,True,-2.9152441850954913,False,-3.540783060838204
MSFT,2019-07-26,long,0.24006248064723223,0.2593712530476037,0.31196746762739375,0.2,True,True,2.6996103068675166,True,-2.568298916670242
MSFT,2019-07-31,short,0.8215462248489439,0.9457019371561161,-0.03474271513896561,0.2,True,True,-2.151642830065161,False,1.3531047354573555
MSFT,2019-08-21,long,0.3030929462339355,0.45324524758868,0.4457808066197056,0.2,True,True,0.3282195075676712,True,0.9078429233559282
MSFT,2019-08-23,short,0.49345705571153187,0.8900604256942819,0.009390195089073478,0.2,True,True,-0.044752892834424504,False,-3.0961843442834924
MSFT,2019-08-30,long,0.32944199446176514,0.36298413247270606,0.23575207337184545,0.2,True,True,0.15879446878568282,False,-1.1097914395824526
MSFT,2019-09-11,short,0.25105950770980334,0.4678220051643,0.31935075362955023,0.2,True,True,-0.22912184738032476,False,-2.38027341891911
MSFT,2019-09-18,long,0.12114933615109107,0.41147385111675844,-0.04711398070134628,0.2,True,True,0.26272059897029043,False,-2.7938153134277166
MSFT,2019-10-01,short,0.48983167484362566,0.5965198707569165,0.14560335852563136,0.2,True,True,-0.43378789360286235,False,-3.2829744160441265
MSFT,2019-10-11,long,0.4815080845230032,0.5683259466189023,0.31021369679120037,0.2,True,True,0.2293577697021088,False,0.7516902341959675
MSFT,2019-10-22,short,1.0326525507912878,1.072233908809781,0.6690784353415843,0.2,True,True,-0.20508985592618373,True,-5.932389852349496
MSFT,2019-10-25,long,0.4626925948774878,0.9560912792352207,-0.14992293258868392,0.2,True,True,0.40394573966987357,False,3.716342161774411
MSFT,2019-12-02,short,0.18415483773950247,0.7748136047650986,0.09810136403678799,0.2,True,True,-2.799440222622623,False,-3.9986417385314166
MSFT,2019-12-16,long,0.4405816108875706,0.4594260621039864,0.3132835358363321,0.2,True,True,2.39267048729852,False,1.3952558804451343
MSFT,2020-01-06,short,0.04024780743480274,0.22724163575852416,0.12467403798206012,0.1,True,True,-2.4688383669588534,True,-4.6972066625507125
MSFT,2020-01-09,long,0.08016716738742839,0.5168804060849045,-0.08226663338757574,0.1,True,True,2.4440616458404367,False,1.8199953744066688
MSFT,2020-01-27,short,1.066183472103532,1.4379886248612312,0.4870920560287564,0.2,True,True,-2.5597179620889703,True,-16.280482603180623
MSFT,2020-01-30,long,1.250529085772846,1.761519326989199,-0.039301019285378144,0.2,True,True,2.9823986666538205,False,6.325984643034754
MSFT,2020-02-21,short,1.4128573863912584,1.645185787113832,0.46364825137082827,0.3,True,False,-3.1639575337114376,False,9.530216410198333
MSFT,2020-03-26,long,0.5400988496025347,0.7815685353523925,0.43460639176535193,0.3,True,True,-1.6728678685536205,False,5.784346796527151
MSFT,2020-05-13,short,0.018217678874433985,0.2577473917423685,0.03381200584737137,0.3,True,True,-1.2007642239707803,False,-1.1990047041555707
MSFT,2020-06-09,long,0.059783274636927244,0.18122398915360213,0.10487880243006094,0.2,True,True,0.7286719439752386,False,6.380407297181856
MSFT,2020-06-15,short,0.058338062556685895,0.07933154520534114,0.015997302442132714,0.2,True,True,-0.7460469526863733,True,-5.0280444335444985
MSFT,2020-06-16,long,0.1806307162240228,0.24115944831158784,0.20071513901963753,0.2,True,True,0.8081597860713973,False,5.135123345310788
MSFT,2020-07-15,short,0.5898742718121526,0.630820431342714,0.7195005477793593,0.3,True,True,-1.334681028151049,False,1.9130972732130824
MSFT,2020-08-04,long,0.13837142241258904,0.529653006717132,0.6158149799748913,0.2,True,True,0.6408204652195435,False,-0.8439208014178523
MSFT,2020-08-11,short,0.9263829266898659,0.9655738512468117,0.12676310510635092,0.2,True,True,-0.6202555701499644,False,-6.693560989250491
MSFT,2020-08-20,long,0.022707392756139564,0.5220087172425444,0.14216619901904903,0.1,True,True,0.995818825514654,False,1.2675968189095332
MSFT,2020-09-04,short,0.2644526470588635,1.234569997992708,0.41769104536232443,0.1,True,True,-3.1335366836157332,False,5.465582602734487
MSFT,2020-09-29,long,0.09711669474864756,0.17888184341773652,0.40819927302434444,0.1,True,True,-0.7664986331609285,False,7.526771758205597
MSFT,2020-10-23,short,0.025903363790524894,0.05481744841262336,0.28105157955895343,0.1,True,True,-0.7389023059710309,False,-3.4639064029283517
MSFT,2020-11-05,long,0.4068043786525794,0.8989767959900477,0.3308117020651297,0.1,True,True,0.03292375220077663,False,-4.619041480394992
MSFT,2020-11-18,short,0.08402134073034846,0.32405327405595147,0.08261960941495192,0.1,True,True,-0.32747795257177886,False,-1.4970781941020528
MSFT,2020-12-01,long,0.17227293593841347,0.2156068588419438,0.1559720954310106,0.0,True,True,0.2649844534028678,False,-0.9620352964870404
MSFT,2020-12-09,short,0.20396848525334207,0.35142243453821276,7.808864501254368e-05,0.0,True,True,-0.20195601594475207,False,-4.353179173805599
MSFT,2020-12-16,long,0.3924374771691029,0.6067768770310129,0.1196779482559672,0.0,True,True,0.31242525510961255,False,1.4319650045685473
MSFT,2021-01-04,short,0.06622740682968131,0.8535676931598221,0.32029566677168175,0.0,True,True,-1.15459102838261,False,0.5741966994937342
MSFT,2021-01-21,long,0.8304625232832248,1.0219020185322727,0.6058147490265219,0.0,True,True,0.40489713262143084,False,7.5743598943627255
MSFT,2021-02-18,short,0.12801415904955782,0.23997308111622973,0.2505717821603406,0.0,True,False,-2.6747267940167334,False,6.997820751488703
MSFT,2021-03-16,long,0.17425426649718706,0.23782058095359856,0.27782346004245956,0.0,True,True,0.18707184170917865,True,-2.4652161425792074
MSFT,2021-03-18,short,0.05319197482265141,0.3262137654318166,-0.03501235537000799,0.0,True,True,-0.09946868226576128,True,-5.04077145955617
MSFT,2021-03-23,long,0.1520493873545777,0.23048609571942458,0.06785243714702077,0.1,True,True,0.17325636207034872,True,5.1856024468678985
MSFT,2021-03-25,short,0.03908497952897069,0.20088831486768707,0.04439931515247956,0.2,False,True,-0.09588707186823123,True,-10.118800351267021
MSFT,2021-03-26,long,0.09343582169430577,0.13304350539655896,0.01393128120855102,0.2,False,True,0.1705727582211014,True,8.216342388176944
MSFT,2021-03-30,short,0.13551035676495826,0.23012025798386632,0.025050357547268837,0.3,True,True,-0.061127499471980776,True,-10.239380337755799
MSFT,2021-04-01,long,0.48488227523868627,0.504448386657658,0.025975840864653984,0.5,True,True,0.40652029384219895,False,7.588188557228337
MSFT,2021-04-28,short,0.5010870684139924,0.6152095080986566,0.09653654471396206,0.6,True,False,-2.1411462740140257,False,6.112501396330849
MSFT,2021-05-25,long,0.30186309536264566,0.3857181619064026,0.35294573811356134,0.6,True,True,-0.17807934376929457,False,0.7429011659334961
MSFT,2021-07-19,short,0.2982591531869381,0.47585657789049707,0.14069428447251192,0.6,True,True,-2.1903174049636447,False,-2.819425322348601
MSFT,2021-07-23,long,0.21815844573957863,0.44226052806542826,0.04056307548754334,0.6,True,True,2.2111876647568938,True,-0.07250142566707085
MSFT,2021-07-28,short,0.0789087125775458,0.262761612692154,0.02339305428190755,0.6,True,True,-2.1417664733872464,False,-0.2550549613722142
MSFT,2021-08-19,long,0.07932704363809516,0.4160085819867825,0.07891914406585794,0.5,True,True,1.6901582277107852,False,1.4759040146475
MSFT,2021-09-01,short,0.16982900465599357,0.2724944580286968,0.23534581740912633,0.4,True,True,-2.0458244060055786,False,-1.1231712594916177
MSFT,2021-10-08,long,0.10122757723710024,0.5100590937120707,0.7334069394829964,0.3,True,True,-0.4995755219024299,False,4.853339585483729
MSFT,2021-11-15,short,0.07412076776171686,0.1574678659715618,0.3412374571275848,0.2,True,True,-2.9073029901352525,False,1.450669122185233
MSFT,2021-12-27,long,0.20218386647445444,0.5845451703183169,0.3381413357959713,0.1,True,True,0.34245840886898515,False,-8.228922488984114
MSFT,2022-01-04,short,0.21748503827134089,0.45923722636947983,0.17357249815133005,0.1,True,True,-0.4160652260926461,False,7.805252876058177
MSFT,2022-01-31,long,0.5323889603515993,0.634401454879055,0.5364637487104907,0.1,True,True,-1.3303848130277447,False,-5.138585118523265
MSFT,2022-02-17,short,0.13334860588404945,0.35210476093188275,0.055139596009947826,0.1,True,True,0.857818525583506,False,0.29923806836411604
MSFT,2022-02-25,long,0.044607986029574935,0.5145052849049073,-0.005568016279016058,0.1,True,True,-0.9394899615574102,False,-5.798677893002635
MSFT,2022-03-07,short,0.1789391792594931,0.7536024680933041,0.008375277151091313,0.0,True,True,0.7896889181791453,False,-7.260368434369702
MSFT,2022-03-16,long,0.5014291064899559,0.7052665835588398,0.03506948539442144,0.0,True,True,-0.7461781594683369,False,6.613655794144169
MSFT,2022-04-07,short,0.11189529347688723,0.5164430326746323,0.4297322149885772,0.0,True,True,-0.6531859434068185,False,9.071897078992308
MSFT,2022-05-02,long,0.007397630258396136,0.30392279531591704,0.3870298274380642,0.0,True,True,-1.22643614262482,False,-8.074686691732147
MSFT,2022-05-09,short,0.5368585582213684,0.5625381334004811,0.030042185445768317,0.0,True,True,1.4703840359195008,False,1.2559110074631286
MSFT,2022-05-25,long,0.26692879957693993,0.3350664940846165,0.23963895625018336,0.0,True,True,-2.0471619909732524,False,0.8647003666702346
MSFT,2022-06-13,short,0.8407417158223172,0.9178324725163061,0.43604099696784526,0.0,True,True,1.196184923622687,False,-5.869731857741178
MSFT,2022-06-23,long,0.08052863402871784,0.48366581913364043,0.28481529065901134,0.0,True,True,-1.5202513891989113,False,3.399531954425994
MSFT,2022-07-14,short,0.25215602574203905,0.254668310836533,0.4852498435708245,0.0,True,True,0.37786633796698726,False,-8.788533787946129
MSFT,2022-07-20,long,0.14521386143791096,0.2922912458650338,0.03542691541924835,0.0,True,True,-0.28774790451389515,False,7.702031269796206
MSFT,2022-07-26,short,0.14599100739097307,0.4566641843827064,-0.05215155089623387,0.0,True,True,0.29612825691864614,True,-12.06828830011004
MSFT,2022-07-27,long,0.48286381463025985,0.6321813958762637,0.11564667583531121,0.0,True,True,-0.02884191406542648,False,7.598437752082621
MSFT,2022-08-22,short,0.6358445867107576,0.7984840251250229,0.34910395141510486,0.1,True,True,-1.277149502340977,False,8.820868374195923
MSFT,2022-10-03,long,0.04362867317483923,0.3096853772501611,0.13219480061279199,0.1,True,True,-1.6392922162057764,False,-1.3333998752862342
MSFT,2022-10-11,short,0.14695856274588345,0.3787380405827544,0.22834058002824406,0.1,True,True,1.4373201892085723,False,-11.201816136785236
MSFT,2022-10-17,long,0.26701689343175455,0.3853054291899248,0.01450565076611608,0.1,True,True,-1.33795932588657,False,-2.2734061503731917
MSFT,2022-11-01,short,0.010313941828545533,0.2554333820886746,0.26922577384765056,0.1,True,True,0.7327854742181528,False,-6.048131446669491
MSFT,2022-11-10,long,0.7957878820966466,0.9586603969831888,0.2970909251196143,0.1,True,True,-0.7161472738756369,False,2.1431570286224444
MSFT,2022-12-08,short,0.01948665072697344,0.147671639888698,0.44551560753757596,0.1,True,True,-0.6418366231735956,True,3.7227028861442912
MSFT,2022-12-13,long,0.35575389803051516,0.36515589732411985,0.03979661706304973,0.1,True,True,0.7280598887661699,True,-8.71477570109871
MSFT,2022-12-16,short,0.3513180028720712,0.5405061420635737,-0.05974154449963011,0.2,True,True,-0.5833893108435958,False,2.0883555864782632
MSFT,2023-01-13,long,0.2976209875049787,0.42582901429023867,0.49204634528979824,0.2,True,True,-0.6564773848893414,False,1.4546631570991453
MSFT,2023-02-17,short,0.010220617992172686,0.6536139906954602,0.2867388920229596,0.2,True,True,-1.4979480122229702,False,0.4611320489144366
MSFT,2023-03-15,long,0.41179448618694403,0.4653037968705127,0.15740470283473632,0.2,True,True,0.43771302257753303,False,5.677356747901063
MSFT,2023-04-12,short,0.25755616421943983,0.2778979209229493,0.15790902067433296,0.2,True,True,-2.0439496046635814,False,-4.190621420617591
MSFT,2023-04-27,long,0.10219354935466728,0.9751206182574147,-0.005295193866392459,0.2,True,True,1.4799076226006722,False,1.7320991689002696
MSFT,2023-05-15,short,0.04750748268792188,0.23505806618859537,0.166608822361315,0.2,True,True,-1.9940135420356346,True,-7.2623491052336675
MSFT,2023-05-18,long,0.22499755394940593,0.2723601952767302,0.0498336971957015,0.2,True,True,2.0479401116366494,False,5.299526287743372
MSFT,2023-05-24,short,0.35482560488523274,0.4185408003280668,0.05592302896416074,0.3,True,True,-1.9452758625813815,True,-3.6354896887554444
MSFT,2023-05-25,long,0.12710111490682438,0.4855537176571899,-0.01472782904036128,0.3,True,True,2.0855863135701003,False,0.2669185755738157
MSFT,2023-06-07,short,0.5317092296413264,1.2699703450496322,0.11633096701273406,0.2,True,True,-2.6285134529268173,False,-5.049780137363702
MSFT,2023-06-15,long,0.4035176535960147,1.1855933372894258,0.3152061406160791,0.2,True,True,2.9050563951113677,True,-2.1717782121941642
MSFT,2023-06-21,short,0.7924255434601836,0.8339937108143368,0.2573936952247307,0.2,True,True,-2.746697069409936,False,-2.311419804606918
MSFT,2023-07-17,long,0.11859032995533919,0.43445312548961484,0.5569544933974736,0.3,True,True,1.492775855377156,False,-2.837484690473946
MSFT,2023-07-24,short,0.0028482808543006575,0.4901821416375226,0.37394095715048414,0.3,True,True,-1.8904359745831605,True,4.346453099538417
MSFT,2023-07-25,long,0.16804953247458546,0.17093044477845687,0.6726640369057755,0.3,False,False,1.9935508213578257,True,-7.102990404733667
MSFT,2023-07-26,short,1.008877085572568,1.1744783635145992,0.38496176618172734,0.3,True,True,-1.6292554785030113,False,4.600729176647144
MSFT,2023-08-23,long,0.186778228301748,0.5233161511216197,0.28222236800880024,0.4,True,True,-0.9191882292272904,False,0.8898926963488041
MSFT,2023-09-20,short,0.5533571934011794,0.5969168081514893,0.38391472272572547,0.4,True,True,-0.03918113612608106,False,0.5642698852240002
MSFT,2023-10-06,long,0.39179524424029766,0.5440414147599373,0.18027708251364782,0.3,True,True,-0.4938075454653543,False,-0.18028792815281136
MSFT,2023-11-30,short,0.16784675538914057,0.23597010884446526,0.14389061650663143,0.3,True,False,-2.1915130983113658,False,3.425605325701375
MSFT,2024-01-10,long,0.10698021180047902,0.45397398471194084,0.1416066431916808,0.3,True,True,0.43047678068627787,False,5.773703329938495
MSFT,2024-02-06,short,0.04844356186461855,0.24902568328146757,0.1318745603767101,0.2,True,True,-1.8130839906416505,True,0.632874855921095
MSFT,2024-02-07,long,0.17272501983963295,0.22155189839709674,0.09715682221581767,0.2,False,False,1.8833450239239349,False,-0.3957920791147429
MSFT,2024-02-13,short,0.2578419722679578,0.6350191203839851,-0.06861596797150275,0.3,True,True,-1.8138996115097754,False,-0.530124555912237
MSFT,2024-03-14,long,0.6015064225712038,0.8208865745549575,0.3035365770815661,0.2,True,True,1.1145684824025575,False,-1.0582699656632943
MSFT,2024-03-28,short,0.13793385985253598,0.31585462747001525,0.40318005619917985,0.1,True,True,-1.519569337624819,False,-0.28047874169467857
MSFT,2024-05-06,long,0.28435924055021494,0.9844677901024708,0.43195873087139663,0.1,True,True,-1.0450590382014866,False,3.038901849735587
MSFT,2024-05-31,short,0.345493518761791,0.5606030228629517,0.42236339260969474,0.1,True,True,-0.8937289361684596,False,-6.609967291181196
MSFT,2024-06-11,long,0.3010468177484362,0.34973427712602273,0.19081597358405922,0.1,True,True,0.8800553480661925,False,4.502177253850159
MSFT,2024-07-11,short,0.20005055752206966,0.6303130534936234,0.14920983682732256,0.1,True,True,-2.338076833654607,False,7.983274949100183
MSFT,2024-08-14,long,0.23725771882192656,0.49310399442974445,0.47250251150673006,0.1,True,True,-1.5623389437840995,False,-1.3241479374988319
MSFT,2024-09-06,short,0.20438150985179857,0.24217511741642928,0.13448147850105652,0.1,True,True,0.7109290920943763,True,-8.356967006080929
MSFT,2024-09-10,long,0.07115627906101049,0.28204957994689395,-0.028030907923966796,0.1,True,True,-0.6210940545140834,False,3.614192637242941
MSFT,2024-10-01,short,0.2509298686876516,0.36691173784949893,0.17696116806648512,0.1,True,True,-0.46651536369920726,False,0.4635248996521346
MSFT,2024-10-22,long,0.398710328893758,0.47700863142497857,0.12168975373804038,0.1,True,True,-0.10668705150448728,False,-3.7543013292562155
MSFT,2024-10-31,short,0.05176457965889014,1.2368263144014846,-0.10202295825840021,0.1,True,True,-0.09164698680210437,False,-5.054748902367123
MSFT,2024-11-08,long,0.07887664224293202,0.24012435962840886,0.3248278153826927,0.1,True,True,-0.09690008970113549,False,-1.1135931316244907
MSFT,2024-11-18,short,0.12538673885109272,0.28359825899483054,0.018355800477704822,0.1,True,True,0.07175285061165605,False,-3.921298013280583
MSFT,2024-11-26,long,0.5259839582344212,0.7161388518426546,0.06972428556548509,0.1,True,True,0.0005414573319393472,False,4.9066515154965185
MSFT,2024-12-19,short,0.2771071123951505,0.8691158812678926,0.46666973288162134,0.1,True,True,-1.3723985233734741,False,2.1005492309810636
MSFT,2025-01-21,long,0.1811734745979908,0.2874267727356389,0.46324690969425275,0.1,True,True,-0.661597646585139,False,-3.764295887793556
MSFT,2025-01-31,short,0.6533970850461682,0.7713362704636231,0.3886695752276602,0.1,True,True,0.09223071782793464,False,1.5973639789808924
MSFT,2025-02-20,long,0.08722330677706248,0.3122746946061598,0.19153881568339975,0.0,True,True,-1.3528770043745753,True,-4.6235464606170895
MSFT,2025-02-24,short,0.13080742018875313,0.16532836328755507,0.18247662116405233,0.0,True,True,1.4719371642315884,False,5.900989478527164
MSFT,2025-03-17,long,0.040537388650500515,0.37229184498215495,0.16728846745407575,0.1,True,True,-1.859747863563362,False,-3.424229953173119
MSFT,2025-04-03,short,0.25304059289678116,0.41845777647870164,0.1913514932220407,0.1,True,True,1.2446861274243706,False,1.4285254417562676
MSFT,2025-04-10,long,0.4313913545543425,0.777135469213372,0.3032085786907247,0.1,True,True,-1.3476818577079912,False,2.7533854108051647
MSFT,2025-04-21,short,0.3961488995668816,0.9752050316746761,0.4616068756119178,0.1,True,True,1.1407226598387323,True,-21.455235766507165
MSFT,2025-04-24,long,1.1773734573656813,1.2080040862154704,0.20204858837478176,0.1,True,True,-0.7750541528408849,False,13.134527969331122
MSFT,2025-05-23,short,0.0970145535284746,0.4038514513007308,0.3349537716107083,0.2,True,True,-2.0890113129346637,False,-5.013553335859511
MSFT,2025-06-26,long,0.1620214193255472,0.17987560638547317,0.1506287615244553,0.2,True,True,1.2969396041954704,True,1.180009353883782
MSFT,2025-07-01,short,0.06530130414491674,0.22952712471706938,-0.048598311271722476,0.2,True,True,-1.245573586314069,False,-2.7578482133417292
MSFT,2025-07-31,long,0.48373793397717724,1.6449793315203058,-0.014378275430973546,0.3,True,True,1.0312076996521553,False,-2.065588915190042
MSFT,2025-08-07,short,0.3106920966173657,0.9215619200538901,0.0028670202220370125,0.2,True,True,-1.1119883266450459,False,3.028007148948497
MSFT,2025-09-15,long,0.5189918288864316,0.6967388262229156,0.3667807020758303,0.2,True,True,-0.18689281110806455,False,-0.14747299726494134
MSFT,2025-10-13,short,0.18934086420867063,0.33227166665754637,0.3179472971931104,0.2,True,True,-0.43536445707744303,False,-3.398505482634384
MSFT,2025-10-23,long,0.014935651856630015,0.15449922399639912,0.2011497784278316,0.2,True,True,0.29639417863397133,False,-4.506685281387068
MSFT,2025-11-03,short,0.3119313964437337,0.7041448695270676,0.4351573730843354,0.2,True,True,-0.6124750105638238,False,1.8451500977577528
MSFT,2025-12-02,long,0.03132591217793675,0.4733925237513981,0.6710221941581004,0.1,True,True,-1.4241689321713897,True,-2.7775448323789753
MSFT,2025-12-03,short,0.1683667506503562,0.20006152688665782,0.5731517449580672,0.1,False,False,1.4825779162811232,True,0.337011137297516
MSFT,2025-12-05,long,0.10953563251264245,0.20703778480389998,0.11874936588324585,0.1,False,False,-1.4041815257252894,False,0.5712359568273762
MSFT,2026-01-05,short,0.11267606372160428,0.40474363854706885,0.31190440283495163,0.2,True,True,0.7806765664787807,True,3.876500567979946
MSFT,2026-01-07,long,0.15761418025876528,0.25203589503002455,0.28094466409815666,0.2,False,False,-0.7121029868956994,False,-6.687075574916057
MSFT,2026-01-13,short,0.27880851270649293,0.337431246665145,0.0380214299540204,0.3,True,True,0.9131041285378206,False,-2.328587444633823
MSFT,2026-01-27,long,1.0174953805101083,1.1581070466733054,0.7163976172951607,0.3,True,True,-1.2855884995411542,True,-14.005995512631664
MSFT,2026-01-29,short,0.15685168618938058,1.966214207259548,-0.2354154287888367,0.3,False,False,1.5248638342577943,False,7.3033538315445785
MSFT,2026-02-25,long,0.5493256443581064,0.6449120773472983,0.0758737059691127,0.4,True,True,-2.4625823082131917,False,1.0683975276197577
MSFT,2026-03-20,short,0.14435779843923552,0.35418680190653334,0.22073915031578767,0.4,True,False,1.2414433095282875,False,2.3542095348872305
MSFT,2026-04-06,long,0.10961860699860748,0.28909451285459176,0.38544360061250155,0.4,True,True,-2.1398792247479523,False,12.119186642754975
MSFT,2026-05-04,short,0.08463108618121366,0.2558467054615816,0.43817042429338465,0.3,True,True,-1.0250766024758449,False,-2.3983472303752196
MSFT,2026-05-29,long,0.797515197050449,0.8526396505299918,0.02348319409926388,0.2,True,True,0.694010613653529,False,-13.215176986315736
MSFT,2026-06-05,short,0.2651568318298429,0.6121218124951544,0.38406894749928977,0.2,True,True,-0.6321662071321423,False,11.83910404241686
MSFT,2026-07-02,long,0.4014844882958847,0.5864100276352879,0.45829483425497247,0.1,True,True,-1.0679169222326945,False,0.8527793805175987
MSFT,2026-08-18,short,0.14023493775187892,0.396503167605467,0.4431796004775988,0.1,True,True,-2.1768225121003537,False,-4.221738175990719
NEE,2018-06-18,long,0.22282586567728677,0.4938745156063594,0.39285067446177263,,True,True,-0.32108876856269647,False,5.3612666790396
NEE,2018-07-18,short,0.0083826514407471,0.1408905262824655,-0.014027713992599061,,False,False,-2.0502354438162813,False,0.8971656099618919
NEE,2018-08-07,long,0.010759264145480748,0.11305559727121024,0.40988907199644453,,True,True,1.0926239524676664,True,1.1720894723915354
NEE,2018-08-08,short,0.03277768385575645,0.04375131769448531,0.3182367870215445,,False,False,-1.0743975492217033,True,-0.9584066534883418
NEE,2018-08-09,long,0.0420607221044083,0.07585526404490342,0.13294383699671353,,True,True,1.1094710576566778,False,0.45654930853311626
NEE,2018-08-23,short,0.3589012048723347,0.41497565275330284,0.3841628594817354,0.4,True,True,-1.4437183804638691,False,-0.930688827121573
NEE,2018-09-13,long,0.6331531797170288,0.6711192734659599,0.02845918726696496,0.3333333333333333,True,True,1.1384639777598964,False,-5.160380943434895
NEE,2018-09-19,short,1.1376621337967783,1.702220865373708,0.04675895582231569,0.2857142857142857,True,True,-0.8080377814706927,False,0.549743223643584
NEE,2018-10-05,long,0.5797443450170365,1.1011045808866096,0.6261092594794843,0.25,True,True,-0.4249297580682584,False,0.6323830917885909
NEE,2018-11-01,short,0.2377124077380385,0.5936566828542141,-0.010672369231910193,0.2222222222222222,True,True,-0.545878593133118,False,-5.1093725401017975
NEE,2018-11-08,long,0.3094639013833111,0.5018429396024072,0.3160636962189517,0.2,True,True,0.5079902973927496,False,1.937223128528598
NEE,2018-11-26,short,0.03130692963443261,0.4160157707750383,0.6605118492460867,0.2,True,True,-2.088584732640451,False,-4.009421497800436
NEE,2018-11-30,long,0.3981563580223838,0.7511033114387811,-0.10697115567102834,0.2,True,True,2.3071272879047102,False,-3.334989301777924
NEE,2018-12-14,short,0.29236484028411724,0.4667087605558289,0.35846747561880776,0.1,True,True,-2.5783813391728336,False,4.094016533276756
NEE,2019-01-10,long,0.3207363261902,0.5222849008415242,0.36666228686531943,0.0,True,True,-0.9257706697145031,False,-0.6785504067374104
NEE,2019-01-29,short,0.045571321376182056,0.39559252440707976,0.3672160192555728,0.0,True,True,-0.014502429195304093,True,-6.022227027082616
NEE,2019-01-31,long,0.3613057844095136,0.5746946688497072,0.2844595385312418,0.0,False,False,0.2125292108516107,False,2.0281514776411047
NEE,2019-03-07,short,0.04076045436122477,0.1631129277051115,0.15608375452693904,0.1,True,True,-2.1352712647609415,True,-2.1178130489363234
NEE,2019-03-12,long,0.05443726164287196,0.15505023296978807,0.015120196672791986,0.1,True,True,2.10626465512349,False,2.1531052979868237
NEE,2019-03-18,short,0.14815059865956007,0.17122120523626555,0.014017190467331225,0.2,True,True,-1.9981653858318915,False,0.19908542542196317
NEE,2019-03-26,long,0.27320243842857733,0.2968713143606096,0.30028481969754406,0.2,True,True,1.9142397940638556,True,-2.7128324937196413
NEE,2019-03-28,short,0.316140266013214,0.5014180639762755,0.00866756490501433,0.2,True,True,-1.7505480002037779,False,0.9795606830955372
NEE,2019-04-29,long,0.12281637672687193,0.22987965710135616,0.2146431160314422,0.3,True,True,0.31741606618642143,False,1.6477893546600342
NEE,2019-05-07,short,0.4497783329755663,0.5845923648665399,0.3050300063874216,0.3,True,True,-0.3522135557847109,False,-4.822115340330924
NEE,2019-05-13,long,0.23801016811245973,1.1956375621496929,-0.16211712887525437,0.3,True,True,0.3184608560103989,False,3.201183111385131
NEE,2019-06-04,short,0.09936475489358955,0.15254158382513236,0.3840405202268602,0.3,True,True,-1.9747018407427899,True,-3.02934827280954
NEE,2019-06-05,long,0.5987372035276838,0.6969538203139879,0.15102087119872512,0.3,True,True,2.293308981000476,False,0.7769683191462651
NEE,2019-06-20,short,0.02410563876946911,0.14926049799236515,0.16737662684564752,0.3,True,True,-2.720634955519239,True,-0.8382414717275299
NEE,2019-06-21,long,0.02402827853916536,0.04921412975366167,0.1946974991611516,0.3,False,True,2.760345001618594,True,0.7612672789667263
NEE,2019-06-25,short,0.3597130014793122,0.4623145863432519,0.01207166586899754,0.3,True,True,-2.6867844157618537,False,-1.5808484650971621
NEE,2019-07-11,long,0.1362335655432879,0.24440844131134365,0.15180684127115363,0.4,True,True,2.1657215899591638,True,-1.3165140097934902
NEE,2019-07-12,short,0.11652530917585834,0.2549705701236501,0.037999436125160574,0.4,False,False,-2.080633651707215,False,-0.2107922366864079
NEE,2019-07-18,long,0.04735032694643048,0.5652580045361884,-0.13369108603471597,0.4,True,True,2.0417260318055583,True,-0.9888959379118156
NEE,2019-07-19,short,0.20101185750589023,0.24923243944365944,0.0892743334332042,0.4,False,True,-1.962486239498286,False,-0.8010985019295092
NEE,2019-08-07,long,0.10172459599095025,0.8301533717057605,0.23866106687486788,0.5,True,True,1.284511030035865,False,3.9413396939169454
NEE,2019-09-05,short,0.27642302618373016,1.009196219394294,0.07447281453879473,0.5,True,True,-3.1323798203321345,False,-2.315656388957943
NEE,2019-09-20,long,0.31737343381224237,0.5013024664239122,0.6744380329937765,0.4,True,True,2.4657084043413318,False,3.4865649954915368
NEE,2019-10-08,short,0.033645218242469944,0.6111795520258233,0.1501769571507776,0.4,True,True,-4.514625642125767,True,-2.7264312135320212
NEE,2019-10-09,long,0.031323257881315715,0.0653608976610342,0.19095606860814676,0.4,False,False,4.551191827646852,True,1.1313017772869305
NEE,2019-10-10,short,0.2193915012652952,0.2512144993094211,0.2475684433411627,0.4,True,False,-4.375059159463848,False,-2.3922375624366277
NEE,2019-10-23,long,0.2404983531708555,0.3463637315217496,0.4512176101785647,0.4,True,True,3.3845895182638954,False,-3.605936543189614
NEE,2019-10-29,short,0.4702360062085133,0.5543760439529486,0.056214641842213676,0.3,True,True,-3.140049067687276,True,4.032674844496686
NEE,2019-10-31,long,0.05599940788995904,0.4786642521464357,0.10802972338666841,0.3,True,True,3.3984594854533516,True,-3.5537594931861705
NEE,2019-11-01,short,0.13964464104997917,0.19734605129410518,0.01104864165349003,0.3,False,True,-3.2885557031142576,False,1.820030431153774
NEE,2019-11-18,long,0.05914014051260793,0.6469471651531696,0.8655750984633642,0.4,True,True,-0.35788673105990343,False,0.5652111060661991
NEE,2020-01-02,short,0.24847466405084012,0.5849149169293515,0.12358826398602742,0.4,True,True,-1.9446364889481405,False,-5.7204024045571344
NEE,2020-01-13,long,0.2579132064896536,0.42433465987495034,0.09471768184199754,0.4,True,True,1.9489375668676683,False,7.8774374248513634
NEE,2020-02-12,short,0.3063824184530504,0.35645803493013695,0.023242842212591767,0.4,True,True,-3.070129940862061,True,4.837491871816724
NEE,2020-02-14,long,0.431758344413202,0.4409278419864478,0.02195848923093755,0.4,True,True,3.1688895795232703,True,-3.148266942307587
NEE,2020-02-20,short,0.005288969946740763,0.2951101912388687,-0.09352308715999187,0.4,True,True,-2.9774875895875543,False,-0.20656316531746377
NEE,2020-03-27,long,0.5713305743119272,0.944230747396454,1.0205709427621952,0.4,True,True,-2.068634899571207,False,1.8365792120279556
NEE,2020-04-30,short,0.09338048760927108,0.22413417875443023,0.12099825265091177,0.4,True,True,-0.11745972849304918,False,-0.4802413582942311
NEE,2020-05-18,long,0.10016682679098983,0.18031496800844338,0.08490389473681612,0.3,True,True,-0.21326860952937887,False,9.583138784550126
NEE,2020-06-12,short,0.10720815196528763,0.4361201095782225,0.3228652084460977,0.2,True,True,-0.8319027744467136,False,4.329533573482158
NEE,2020-07-08,long,0.3313395204032479,0.44255454633645147,0.27992223488638796,0.2,True,True,0.14962041540486504,False,10.719767201270457
NEE,2020-08-05,short,0.019453141880806803,0.0810455387180183,0.18531253760290456,0.2,True,False,-1.273835719271218,False,0.5074459727465452
NEE,2020-09-15,long,0.4010532082108987,0.9023007335733445,0.02627967742957282,0.2,True,True,0.678958954139795,True,-4.254296883136554
NEE,2020-09-17,short,0.15604490775391647,0.2553109212739173,0.21066212148773006,0.2,True,True,-0.48213829740966596,False,-1.1591332789923303
NEE,2020-09-29,long,0.07671034745211314,0.20468301437816236,0.3275663163172263,0.2,True,True,0.2090530494994129,True,6.481304788204301
NEE,2020-09-30,short,0.17263384161499132,0.2536517451450239,0.3135209661781272,0.2,False,False,-0.12728727995639866,True,-8.315321398947685
NEE,2020-10-01,long,0.02773378172096649,0.21157326307292923,0.14780667884450854,0.2,True,True,0.18740079807221222,False,5.552457066302519
NEE,2020-10-26,short,0.08153170929120679,0.11326773907719016,0.21778535493883933,0.3,True,False,-1.7871863495147293,False,0.2015361544003169
NEE,2020-11-11,long,0.2539092053714876,0.6624387467005438,0.31572922073585963,0.3,True,True,1.1526776467452253,False,-1.5652619294114656
NEE,2020-11-18,short,0.08652754216381477,0.5393344057909151,-0.0301576774222042,0.3,True,True,-1.2395904283242214,False,2.7655510315289566
NEE,2020-12-16,long,0.1304968765015597,0.19776040218286725,0.3031471921009449,0.3,True,True,-0.25209811998279946,False,3.6405119283572596
NEE,2021-01-28,short,0.2116446689234036,0.5240155719728198,0.5069507565323556,0.3,True,True,-2.849105057875423,False,-1.8069686095205206
NEE,2021-03-11,long,0.0361191574579843,0.42290827402004494,0.4025260496459737,0.3,True,True,-1.5958565579068311,False,-1.883574323528081
NEE,2021-03-19,short,0.08127486283394543,0.259251932378631,0.16508178457377543,0.2,True,True,1.3022666082661245,True,-8.38507079775157
NEE,2021-03-23,long,0.22093457407131556,0.32777169530447203,0.1584448536856892,0.2,True,True,-1.1515914826205491,False,4.579837385596641
NEE,2021-04-26,short,0.18270470085141416,0.19433749011762338,0.3168338860828327,0.2,True,True,-0.6974837603658904,False,4.016397298736263
NEE,2021-05-24,long,0.16902557807857824,0.1899392429323043,0.3659875917930657,0.1,True,True,-0.6626676651504041,False,-2.037917202619721
NEE,2021-08-26,short,0.2457979771785537,0.4487157055153919,0.5361475605356537,0.1,True,False,-2.0729667231994444,False,-1.3363650221660306
NEE,2021-10-08,long,0.07443304514363705,0.1405568408804177,0.4795352625939598,0.1,True,True,-0.7422709742985287,True,5.248733593287613
NEE,2021-10-11,short,0.28664809837451083,0.3611910962672257,0.35034386897509995,0.1,True,True,0.8814706283994636,True,-8.300140649373123
NEE,2021-10-13,long,0.037570249514353816,0.31198958449413483,-0.06907782895342446,0.1,False,False,-0.8019054273971851,False,6.010718388415448
NEE,2021-11-09,short,0.038648786856769236,0.141517162551675,0.23023696498980956,0.3,True,True,-1.0525709097162894,False,-2.790203522395518
NEE,2021-11-15,long,0.22597679713540827,0.23646766636288927,0.00959110218348408,0.3,True,True,1.1657321030771925,False,-0.20115109342685455
NEE,2021-11-26,short,0.23229460851860337,0.29908042692744624,0.14745295096876523,0.3,True,True,-1.1857436145116933,True,-4.867003221060284
NEE,2021-11-29,long,0.03657289416442083,0.27648642994548006,0.033416439281540256,0.3,True,True,1.2917910405859911,True,3.4739348804903036
NEE,2021-11-30,short,0.18788208362413827,0.22579071652500804,0.04437846097881582,0.3,False,True,-1.1953522068258318,True,-3.7451249040749257
NEE,2021-12-02,long,0.0161686378453353,0.17111575347963012,0.03831605395366999,0.3,True,True,1.2578301225358557,True,4.073548259709692
NEE,2021-12-03,short,0.040135590271180716,0.057036817620327605,0.00870210658428234,0.4,False,False,-1.237221904986603,True,-3.305698173762095
NEE,2021-12-06,long,0.14709601054221563,0.18907660300056134,0.06032370926737043,0.5,True,True,1.3048953823908616,False,0.886176193240229
NEE,2021-12-20,short,0.16583812896046018,0.6881447915073335,0.028452244607747215,0.6,True,True,-1.574409551581408,False,-0.8227409183342083
NEE,2021-12-31,long,0.24504104646227193,0.3421319302056783,0.22615996263242255,0.5,True,True,1.4748943236405696,True,-10.882586908000436
NEE,2022-01-03,short,0.22083296112361842,0.48072545430451685,0.10879079726412397,0.5,False,False,-1.3770752215914082,False,11.357181787591408
NEE,2022-02-08,long,0.1316121440654464,0.1680868446794912,0.2424366001961585,0.6,True,False,-1.9879138844771347,False,-4.161133881896973
NEE,2022-04-11,short,0.15555947045665908,0.40071213701406544,0.07781443670232188,0.6,True,True,-0.9091261155570981,False,13.01723930977381
NEE,2022-05-17,long,0.32142133123430516,0.39303615090370386,0.12423450360971892,0.5,True,True,-1.3981126230639118,False,6.364709125814216
NEE,2022-06-13,short,0.013869971328477216,0.6405672944921164,0.34868006642576777,0.4,True,True,-0.3558016332731713,False,-5.565510238611027
NEE,2022-06-24,long,0.25481207556516744,0.3599274745191233,0.2902482976867727,0.3,True,True,0.07702863488611006,False,3.4093840981521017
NEE,2022-07-18,short,0.25623751498996317,0.38553084590262454,0.20721064504033807,0.2,True,True,-0.6746075243658676,False,-10.06320351051546
NEE,2022-07-28,long,0.49062035884299826,0.5668040387840572,0.07311443202240767,0.1,True,True,0.8120886702470753,False,5.7842271447255955
NEE,2022-08-19,short,0.09059648954648404,0.3789610482455697,0.3120171116759977,0.1,True,True,-1.5354013894123986,False,4.66752296579317
NEE,2022-09-12,long,0.20186648842035554,0.29182875890657156,0.5256052750296216,0.1,True,True,0.6566738459020696,True,-10.637588527547305
NEE,2022-09-14,short,0.11570875106611496,0.14198888269202106,0.11336584842058935,0.1,True,True,-0.5848294324847055,False,7.324473257199626
NEE,2022-10-25,long,0.33009051071701884,0.658254215581225,0.12205241924477661,0.1,True,True,-1.6200862233076336,False,3.1769120541966567
NEE,2022-12-09,short,0.12921443520837747,0.1858341601790549,0.05396093213850465,0.1,True,True,-0.8453379774461567,True,0.4023361466665709
NEE,2022-12-13,long,0.07780286649571683,0.1110996723109882,0.0157837001781328,0.1,True,True,0.9058723428505042,True,-4.578312829642139
NEE,2022-12-15,short,0.06755491844255772,0.17288196640804404,0.011525824581841133,0.2,False,True,-0.8643776259566669,False,2.5754664355641665
NEE,2023-01-12,long,0.02153071343177681,0.129879428348557,0.17143185163834182,0.3,True,True,0.16195658089593976,True,-11.155514179060443
NEE,2023-01-18,short,0.002993277214233978,0.22810307085608655,-0.03413176820713385,0.3,False,False,-0.17680311772676863,False,11.408112625134304
NEE,2023-02-14,long,0.36074538552756963,0.4516476046995159,0.26015022752411165,0.4,True,False,-1.250961810871523,False,-7.5084505130726615
NEE,2023-02-27,short,0.07587691459717671,0.13853199376526354,0.19659533747179458,0.4,True,True,1.1153213572208907,False,-1.9899933991908814
NEE,2023-03-03,long,0.3892771846062108,0.5870312385339582,-0.04034717289762053,0.4,True,True,-1.047554630135379,False,2.4922078436499406
NEE,2023-04-25,short,0.28636144723420925,0.36978225308832324,0.07390010907699977,0.3,True,True,-0.6351072081826329,False,2.8784517923432618
NEE,2023-05-12,long,0.0622715054527888,0.47904344468290405,0.1939834486185236,0.3,True,True,-0.09270028616435232,True,-4.573630476529978
NEE,2023-05-17,short,0.2156796609717868,0.26026312960438946,0.13011148257276028,0.3,True,True,0.1646426135863388,False,2.5374821146462168
NEE,2023-06-07,long,0.2146626990180781,0.33048233983480263,0.22813817294307065,0.3,True,True,-0.614976376651565,False,1.2943281343184454
NEE,2023-06-28,short,0.07096246927808943,0.391878657076948,0.3689838094291652,0.2,True,True,0.14685112310860074,False,-0.36762885449670435
NEE,2023-07-05,long,0.3031087732395466,0.35978700681896447,0.004866600352879871,0.2,True,True,-0.1126316398260463,True,-3.802549524981047
NEE,2023-07-06,short,0.1592883287203809,0.46215878293183565,0.07552009294275439,0.2,True,True,0.2253111249005506,False,-1.4790313659725385
NEE,2023-07-20,long,0.21505867677911256,0.9658712226129194,-0.1778501732358006,0.2,True,True,-0.5706154671972239,False,-5.398109590612288
NEE,2023-08-01,short,0.5996800363230896,0.6895724837223268,0.64160209798189,0.2,True,True,0.32052376392564647,False,6.678673852747408
NEE,2023-08-25,long,0.32924983648201034,0.3906005276027858,0.2980111349692779,0.2,True,True,-1.991762039323814,False,0.05568964266564613
NEE,2023-09-26,short,0.13806796046012237,0.6729012660801015,0.1698190135113986,0.2,True,True,0.8395086186946453,False,21.05906096047657
NEE,2023-10-16,long,0.4561943441398126,0.5271594449756757,0.7733852119923533,0.2,True,True,-3.0277230820034857,False,5.185707848404308
NEE,2023-11-13,short,0.016138183167889248,0.2627988873088822,0.373656207380282,0.1,True,True,0.2634181097462636,True,-7.583987664077507
NEE,2023-11-14,long,0.1285340067742495,0.14468850187284382,0.35038355849216235,0.1,False,False,-0.17759757019556485,False,2.2326781108502836
NEE,2023-12-21,short,0.20513388332156182,0.31095296107611897,0.24236627166189723,0.2,True,True,-0.618003274161269,False,-5.570487769565879
NEE,2024-01-04,long,0.019616731982555046,0.04535140194917639,0.10418621428179682,0.2,True,True,0.5193107674384536,False,-7.3462786074193875
NEE,2024-01-11,short,0.28689586859572835,0.4164865536147932,-0.010593428234232352,0.1,True,True,-0.47127672823941447,False,3.6890804814605827
NEE,2024-02-01,long,0.20819572988562862,0.4324541767105622,0.4564988822499262,0.1,True,True,-0.21926451494392027,True,-4.1506026999095
NEE,2024-02-05,short,0.6916165298312649,0.7238789832089849,0.11225731462406224,0.1,True,True,0.36729194838908485,False,-1.1434651642480809
NEE,2024-02-16,long,0.06472264725965081,0.29743808792377896,0.09135328926234211,0.2,True,True,-0.48183593311804446,False,-2.72986737228913
NEE,2024-02-28,short,0.03246187098244121,0.18791087389074754,0.1077185802805139,0.2,True,True,0.46305592797624884,False,-8.175860532232937
NEE,2024-03-05,long,0.12192431025948527,0.18963302527475856,-0.010729169139774359,0.2,True,True,-0.5350031127677057,False,10.595672513780464
NEE,2024-04-12,short,0.5308754311450024,0.5380830058953218,0.23606595445453554,0.2,True,True,-1.7572360518187227,False,-4.613198628728754
NEE,2024-04-23,long,0.002799771993804641,0.47133067066537265,0.2814435977615958,0.1,True,True,1.4292379837698952,False,8.68578091075063
NEE,2024-05-23,short,0.2028429605517969,0.5081682060386024,0.30782075764184785,0.1,True,True,-2.338946935017276,False,-0.7413010837012735
NEE,2024-07-11,long,0.40095004637351694,0.44676949943536853,0.20934940757310921,0.1,True,True,-0.15289143936547703,False,-1.6867176126545647
NEE,2024-07-17,short,0.13789893448487364,0.2855789616983922,0.08616306928508806,0.1,True,True,0.23235901047299454,True,-7.7432980184886535
NEE,2024-07-22,long,0.036391152592442126,0.19086424337849692,0.0009714590116987969,0.1,True,True,-0.2024711790098304,False,5.185194123826542
NEE,2024-08-28,short,0.030463651104025775,0.2195194899872647,0.012442363170895934,0.1,True,True,-1.176253411391012,True,-5.780819961892014
NEE,2024-08-30,long,0.10619639819726585,0.18654197655803778,0.11996267483593206,0.1,True,True,1.2109408849373606,False,5.1297817565205905
NEE,2024-09-06,short,0.19079483635820388,0.27885869996267143,0.013296199884390928,0.2,True,True,-1.1631048877267163,True,-3.475857990788156
NEE,2024-09-10,long,0.3764083215786412,0.4131412974377877,0.077031747053028,0.2,True,True,1.2757549369273717,False,2.4179741126819865
NEE,2024-09-20,short,0.38973007286261474,0.6364484904158307,0.5071133729525925,0.3,True,True,-1.482009260068385,False,-1.3170555689199004
NEE,2024-10-21,long,0.14148015236929437,0.17609084971216138,0.681043866173593,0.3,True,True,0.5206913240662738,True,-6.735692611172195
NEE,2024-10-24,short,0.08162501978589261,0.6212674068050634,-0.1676703086076527,0.3,True,True,-0.542149108441293,False,9.890122562632175
NEE,2024-11-19,long,0.1719752005711611,0.5011988941391393,0.4954951473676154,0.4,True,True,-1.4858591717073129,False,-1.079944991660342
NEE,2024-12-09,short,0.0028947226355797158,0.2662455342405562,0.2552352494714615,0.4,True,True,0.6388688912861532,False,2.9585193864755444
NEE,2024-12-26,long,0.00308526561590412,0.23217801848081307,0.4247896488154708,0.3,True,True,-1.096663293727083,False,-7.475473247819753
NEE,2025-01-10,short,0.5512781760506644,0.6692122100110764,0.09211012475900335,0.3,True,True,1.1398221893659268,False,-9.572591315145807
NEE,2025-01-16,long,0.17545491009757808,0.8107781993377012,-0.011038010370587067,0.2,True,True,-1.1066511192203403,False,0.2662110043794019
NEE,2025-02-07,short,0.46144145556375826,0.46252950613293065,0.46328228714135394,0.2,True,True,0.5867727003027894,True,-3.705897847944861
NEE,2025-02-11,long,0.021574146258317783,0.3381900509238121,0.007615007817364965,0.2,False,False,-0.5304371898133352,True,0.9668685743652317
NEE,2025-02-12,short,0.061271755472966864,0.08387692785606703,-0.007132665535113659,0.2,False,False,0.56543569931546,False,-0.14435005863930872
NEE,2025-02-20,long,0.2764521250084286,0.6298363741722731,-0.0019264462689497625,0.3,True,True,-0.6694294589860101,False,0.6371178086851614
NEE,2025-03-19,short,0.6137773576556954,0.6388722322126054,0.5622380525961564,0.2,True,True,-0.6938692555155328,False,0.028376067834745555
NEE,2025-04-03,long,0.02975477514330819,0.5230382689739552,0.24546793214843057,0.2,True,True,0.009724906484510342,True,-8.08152376463973
NEE,2025-04-04,short,1.0261702245814517,1.0556531572484178,0.2750745095217757,0.2,True,True,0.40917168409839605,False,3.3328435641468923
NEE,2025-04-24,long,0.0854294624545037,0.12178972545978836,0.23298260210245617,0.3,True,True,-1.560669156000344,False,2.9691134046684553
NEE,2025-05-23,short,0.654723833881425,0.8487846638804087,0.8703237685843732,0.3,True,True,-0.9191468922518766,False,-6.968394786118148
NEE,2025-06-05,long,0.15787556266711977,0.32940322326909516,0.25065296738233506,0.3,True,True,0.6781062805508807,False,0.04194719498598065
NEE,2025-06-20,short,0.257547735763645,0.34301824611646614,0.40598106093900294,0.3,True,True,-1.193442231068299,False,-4.501605477121218
NEE,2025-07-03,long,0.19132137668822272,0.44722807669374326,0.27029286947317666,0.2,True,True,0.7166495829415239,False,2.801834009467674
NEE,2025-07-24,short,0.7915565621022872,0.8014208534051942,0.21333721054725488,0.1,True,True,-0.9644106678120249,False,-0.8475651034798082
NEE,2025-08-13,long,0.05016877607257858,0.1859408553855068,0.303816121557459,0.1,True,True,-0.3201559682067994,False,2.1991707327425836
NEE,2025-08-28,short,0.3073538996600113,0.7035742795463815,0.4889292198567699,0.1,True,True,-0.6433330807810888,False,0.6242125758790462
NEE,2025-09-22,long,0.16894972113653484,0.4366084556514374,0.14211529234682083,0.1,True,True,-0.6381654193876292,False,13.490000530475843
NEE,2025-10-22,short,0.3703343708494352,0.48837494282465654,0.37335505727271556,0.0,True,False,-2.623148115555365,False,0.8449906501129867
NEE,2025-11-12,long,0.018757625488271163,0.23333639975525947,0.36143932997394335,0.0,True,True,1.1252007810560005,True,0.26689448388215187
NEE,2025-11-13,short,0.11302936283633691,0.13206025152383383,0.31136933101809877,0.0,False,False,-1.0559080178967626,False,-3.434120821635256
NEE,2025-11-28,long,0.12580058072850492,0.2031669909207762,0.1153081389196355,0.1,True,True,0.9607123856061592,True,-5.3772136318233965
NEE,2025-12-01,short,0.01844809872479504,0.14466334072333562,0.08183603580240112,0.1,False,True,-0.9021071352496722,False,3.544001281966269
NEE,2026-01-02,long,0.12018469585216054,0.2344065296255254,0.15453565119651388,0.2,True,True,-0.5382109166695833,True,3.336222225240526
NEE,2026-01-07,short,0.07152815680070793,0.5513820894127209,-0.12056973180643854,0.2,True,True,0.5341134132880462,True,-8.549200995865425
NEE,2026-01-12,long,0.30777801797731125,0.3755411014541175,0.14877079295590742,0.3,True,True,-0.4368903556842441,False,7.43342281151651
NEE,2026-02-26,short,0.05714745595942411,0.7350521111338938,-0.1883599487406872,0.4,True,True,-1.902712630905847,False,-0.3972933542771173
NEE,2026-04-02,long,0.12558705373196782,0.1656221504605723,0.24790802188309405,0.4,True,True,0.5010796612865996,False,-1.256039530794173
NEE,2026-04-14,short,0.39596601618830984,0.563985575524457,0.13255216050245688,0.4,True,True,-0.5048696333037074,False,-5.694890550192011
NEE,2026-04-23,long,0.018666771981313307,1.4793283310695422,-0.17833594390137758,0.4,True,True,0.2308312427322546,False,-3.0441482833475364
NEE,2026-05-07,short,0.13733886403572168,0.8444742809571345,0.3491010823378431,0.3,True,True,-0.8751179138051819,False,3.8898380112296183
NEE,2026-06-12,long,0.37699392307615426,0.41446049952580866,0.29249125480312116,0.3,True,False,-1.3746789456367459,False,3.1050193451936714
NEE,2026-07-30,short,0.18042524879986813,0.21874416621489295,0.13521254781276687,0.2,True,True,-0.3047083598063087,False,2.183555756813882
NEE,2026-09-03,long,0.14589444330840579,0.49316537064231036,0.20395606432018548,0.2,True,True,-0.9997922804065167,False,-4.270754749175709
PFE,2018-06-14,short,0.052331431686117466,0.2381158470176532,0.2756602376863025,,True,True,-0.9094174407415478,False,-0.5530641306522366
PFE,2018-07-05,long,0.09827335041999787,0.503219197834156,-0.004331940518741242,,True,True,0.7172716784673406,False,1.3290242919465234
PFE,2018-07-23,short,0.1638429210841977,0.5456597297641752,0.4045607371717156,,True,True,-1.8180723787915425,True,-11.232056702609604
PFE,2018-07-24,long,0.059537773532074345,0.2274929940943791,0.44731884957196005,,False,True,1.8692778538286001,False,9.251269904381076
PFE,2018-08-27,short,0.7142843332000542,0.8090966483727299,0.2479917757653782,,True,True,-2.5421820335132495,False,-1.7556685537316596
PFE,2018-09-18,long,0.29136061032961413,0.30241440046420265,0.2348471955972116,0.2,True,False,1.7149747547244247,False,1.6318264026176976
PFE,2018-10-02,short,0.024868133986690397,0.08206627018667417,0.04776522296873812,0.16666666666666666,True,True,-1.9347998770353794,True,0.6558221840973322
PFE,2018-10-03,long,0.2027313951072902,0.2275119436318058,0.018272493279174098,0.16666666666666666,True,True,2.039767692076991,False,-0.5355957550576385
PFE,2018-10-10,short,0.026919774719204793,0.5990145635613556,-0.11853494826715347,0.25,True,True,-2.174083138892683,False,4.560791808236364
PFE,2018-11-08,long,0.40492733983829615,0.4205789214489762,0.42546752437459223,0.2222222222222222,True,True,0.09304434700184552,False,-1.619162002148844
PFE,2018-11-15,short,0.0589630354091677,0.24085289801606036,0.28141081239163546,0.2,True,True,-0.16358309107228877,True,-6.989116706208498
PFE,2018-11-19,long,0.48609827135050904,0.4982731478663806,0.2977904481231319,0.2,True,True,0.3206560621108428,True,2.172919586034716
PFE,2018-11-21,short,0.1402021368977121,0.45629573792442174,-0.08402863114857319,0.3,True,True,-0.18377563960491888,True,-1.9025755722414495
PFE,2018-11-27,long,0.14416006765292236,0.5430395583332757,-0.02809577916328913,0.4,True,True,0.20985824450533258,False,0.20422259172023782
PFE,2018-12-11,short,0.5187014782769972,0.5576800440882969,0.71110183725415,0.4,True,True,-0.8415513050838788,False,4.1354261206723475
PFE,2019-01-02,long,0.24142142362985594,0.3533113036008347,0.7727758104857573,0.4,True,True,-0.6542128067810676,True,-2.6358266545998044
PFE,2019-01-03,short,0.08347615644224157,0.3289012580257863,0.4598208153484155,0.4,False,False,0.7566555925020875,True,-1.022844789929822
PFE,2019-01-04,long,0.186850295141072,0.2713310243572503,0.28819683968736876,0.4,True,True,-0.6653300700313698,False,-1.0930010328059514
PFE,2019-01-16,short,0.13276277855124757,0.3300071130079852,0.10094017008265059,0.5,True,True,0.561323939154059,False,-1.6878370517820596
PFE,2019-01-31,long,0.06409613065581832,1.244449458661027,0.07336605988479394,0.5,True,True,-1.0519644561238064,False,-1.130755369345049
PFE,2019-03-06,short,0.12894765326164428,0.8386417294016365,0.19685145187558886,0.5,True,True,-0.661224929504154,False,-0.7405618627298383
PFE,2019-03-21,long,0.20756707159909554,0.29780493406340336,0.36480976028431017,0.4,True,True,-0.23109077599892677,False,0.9208736194378231
PFE,2019-04-12,short,0.6083949083036952,0.6921689432793606,0.33294795619201134,0.3,True,True,-0.28156011109923595,False,5.082666808437775
PFE,2019-05-02,long,0.5810655545356,0.5925037910343935,0.6207098898441105,0.2,True,True,-1.677050378302211,False,2.436742214358678
PFE,2019-06-26,short,0.0010938771311203707,0.42723596373179173,-0.0002017843839810495,0.2,True,True,-1.5839207569800657,False,0.023227179994655955
PFE,2019-07-02,long,0.09179419728753889,0.27637662712499667,-0.061096255976077395,0.2,True,True,1.5270956511035685,True,-3.3468901952434016
PFE,2019-07-08,short,0.38456904405124415,0.5666799456479887,0.012802558227671132,0.2,True,True,-1.3574446968351281,False,1.1085220582762845
PFE,2019-08-22,long,0.058769474871090174,0.42523296575895164,0.43278228457147094,0.1,True,True,-2.401754136139165,False,4.047932023393752
PFE,2019-09-26,short,0.027991451454050197,0.11103783218743458,0.15867057990665548,0.1,True,False,0.24062747067114607,True,-0.027942211449305532
PFE,2019-09-27,long,0.006976543232162065,0.03527625857671253,0.1221837770626209,0.1,False,False,-0.22719267062171036,True,-0.3037009081122921
PFE,2019-09-30,short,0.03063939198971274,0.03768710542155164,0.0725356570384382,0.1,True,False,0.2434564233562997,False,-1.0297666401537287
PFE,2019-10-10,long,0.04940323474708528,0.07786304070423099,0.05274565906021664,0.3,True,True,-0.32534383137322875,False,1.6764446330329585
PFE,2019-11-08,short,0.08147577108357865,0.19322378126182796,0.3564032898058804,0.3,True,True,-0.498047139113223,False,-3.45479364233805
PFE,2019-11-22,long,0.543047263666819,0.569433273361547,0.20852192310394052,0.3,True,True,0.44154538619721384,False,-0.026090047075644218
PFE,2019-12-05,short,0.15120111475868192,0.3315978215137093,0.3826387758520743,0.3,True,True,-0.539874571380604,False,-2.4717225318995117
PFE,2019-12-16,long,0.12767313158702606,0.5335145586683337,-0.07396298768107347,0.3,True,True,0.5154420685331168,False,0.10220047436690916
PFE,2019-12-30,short,0.18139643717660525,0.5062763823085701,0.06562062034060182,0.2,True,True,-0.5537920823584391,False,-2.981246606019372
PFE,2020-01-14,long,0.3599113634211366,0.925788183727819,0.3089137928170802,0.2,True,True,0.5947375011042693,False,-6.214132469368138
PFE,2020-01-27,short,0.053894163867205185,0.40947831541796387,0.535190971949588,0.2,True,True,-1.3739994025916462,False,4.8898690859343175
PFE,2020-03-04,long,0.14791451669283023,1.3131632176016224,0.33225501377030014,0.1,True,True,-2.0722729355329275,False,-11.0988884096205
PFE,2020-03-11,short,0.6563189762405063,0.9733846537765408,0.08655798433625711,0.0,True,True,2.0320481264946824,False,7.522549571207959
PFE,2020-03-27,long,0.372895456687598,0.47079841877095413,0.6223115263108047,0.0,True,True,-2.0914809262912533,False,13.721661075996128
PFE,2020-05-07,short,0.0723053010061039,0.34031974590081576,0.10428165624586595,0.0,True,True,-1.2956222663754482,False,-0.81167061265488
PFE,2020-07-01,long,0.20105100275921262,0.5500340263141011,0.2351700497346062,0.0,True,True,-1.0358994833368154,False,5.51273722946608
PFE,2020-08-10,short,0.08194744913950061,0.1342973320469336,0.18010024215681145,0.0,True,False,-1.1352496517555524,False,-1.172187914171663
PFE,2020-09-30,long,0.18954826994386512,0.24173093173915977,0.11789868814045529,0.0,True,True,-0.40392884826784275,False,0.435975207368422
PFE,2020-10-28,short,0.47918554964036336,1.1986243805698285,0.02643862426973888,0.0,True,True,-0.15826902587500286,False,-9.72060610250054
PFE,2020-11-09,long,1.342418781102953,1.4749452440015307,0.372495705232105,0.0,True,True,0.27782876415675206,False,-1.8059053375722445
PFE,2020-12-15,short,0.7341345771219848,1.0989226806988797,0.7916418068745336,0.0,True,True,-2.2283005903304947,False,5.089130542169828
PFE,2021-01-25,long,0.04516992204299692,0.23744217701985776,0.003925750266061191,0.0,True,True,-0.5038865469941418,True,-5.582629886348689
PFE,2021-01-28,short,0.07277516828069122,0.10618779255528471,0.05638394070388475,0.0,True,True,0.5320264571006945,False,3.987726075656106
PFE,2021-03-03,long,0.1741491746690723,0.4572857377156833,0.011490151186228077,0.1,True,True,-0.9558687968847549,False,4.0709380600828515
PFE,2021-04-08,short,0.09142031751160395,0.22644728937132322,0.2936769193279051,0.1,True,True,-0.5083982731898014,True,-7.452724067477301
PFE,2021-04-09,long,0.1508021620531037,0.24208607333056942,0.2445812835498974,0.1,False,False,0.5550268858288596,False,5.628394336105136
PFE,2021-04-30,short,0.23399216258174912,0.23586605497385008,0.3412013967668475,0.2,True,False,-1.2512273048706237,True,-4.564887946877549
PFE,2021-05-03,long,0.20568455896707105,0.43886397889494727,0.09783014134941041,0.2,True,True,1.3681980019934186,False,1.6952246289139161
PFE,2021-05-12,short,0.0650726372411549,0.08718751239002878,0.09865502857313324,0.3,True,True,-1.6481157132704392,True,1.9400392178938297
PFE,2021-05-13,long,0.0416862769904151,0.10698539349778279,0.07634659812614854,0.3,False,True,1.6712699608605501,True,-3.6159310552998702
PFE,2021-05-14,short,0.00385963720947505,0.04596540543020131,0.10419620210105114,0.3,False,True,-1.6498006000083683,False,3.223392692866278
PFE,2021-06-10,long,0.22394880632032235,1.016006070738723,0.35134313298384384,0.5,True,True,0.4629667760394815,False,-3.6627199530536725
PFE,2021-06-16,short,0.2147449441265418,0.3392807045278463,0.036648808756807934,0.4,True,True,-0.42090320014910276,False,0.3562492510745252
PFE,2021-07-02,long,0.017181646582779833,0.41449794308009547,0.20512537413426615,0.4,True,True,0.12231505140361341,True,1.057129995980799
PFE,2021-07-06,short,0.07615414103630853,0.09404560955232331,0.3239796916640794,0.4,False,False,-0.10511284743710166,True,-4.47952651900021
PFE,2021-07-09,long,0.062250832795992805,0.25117992110660065,-0.05670325610857316,0.5,True,True,0.1241939214508345,False,5.2259161480676
PFE,2021-08-25,short,0.8499366137658124,0.8849022164408433,0.48564230620347615,0.5,True,True,-2.973090109554503,False,3.1151186654584606
PFE,2021-10-19,long,0.03162811159825455,0.21315354930096989,0.043344296059365336,0.4,True,True,-0.9524978322180769,False,7.982863188079481
PFE,2021-12-06,short,0.26727694513741035,0.7522567228375828,0.11081633215456126,0.4,True,True,-1.8786300924569457,False,-18.531454677632198
PFE,2021-12-15,long,0.7827854649173299,0.9134242561944956,0.36200747546099854,0.3,True,True,1.8386278719108125,False,-0.6802649267650618
PFE,2021-12-28,short,0.1560727706029033,0.5027075721872823,0.3544071278400265,0.2,True,True,-2.0072394584072972,False,2.2754898793320044
PFE,2022-03-04,long,0.31077636588202706,0.4172110200693426,0.24586986220259316,0.2,True,True,-1.041113289692204,False,12.045248846038836
PFE,2022-04-01,short,0.246602503172838,0.2531179350216002,0.2720887757569946,0.2,True,False,-0.3933810939053938,False,-0.5235527133963025
PFE,2022-04-07,long,0.2258647256295426,0.6524290971554759,-0.050293672873273805,0.2,True,True,0.4246401391925692,False,-12.744730244021962
PFE,2022-04-14,short,0.04600224915288582,0.1473652309095169,0.17652928175409857,0.1,True,True,-0.4597265018698141,False,7.624239098147035
PFE,2022-05-11,long,0.08271374423988626,0.16514501955085062,0.14331173148966186,0.0,True,True,-0.5598379209065955,False,9.500500146543533
PFE,2022-06-09,short,0.22601772203789244,0.5667842661348138,0.07689740104606764,0.0,True,True,-0.8585842669224729,False,0.3669478825350847
PFE,2022-06-27,long,0.3824436722654301,0.5339408097626548,0.6130048963068073,0.0,True,True,-0.42051207672318935,False,0.3084181226077565
PFE,2022-07-18,short,0.2745271013620168,0.3175003086256866,0.26334217042324526,0.0,True,True,-0.3036558057871117,False,-0.49795776533712033
PFE,2022-09-09,long,0.6649094906987103,0.7859115289165224,0.4352241550968201,0.0,True,True,-1.5087409164914392,False,-7.859521678663873
PFE,2022-09-20,short,0.26456314223371113,0.46301998313817144,0.20795516951933923,0.0,True,True,1.4824233166328882,False,0.692447758158321
PFE,2022-10-03,long,0.0692630616781597,0.2934422274675971,0.22433841074319644,0.0,True,True,-1.6331817726854032,False,-1.1100806034815558
PFE,2022-10-07,short,0.34790641584501986,0.572242860677247,-0.051847389750624924,0.0,True,True,1.6317735130999345,False,-6.214555558676671
PFE,2022-10-14,long,0.1701095775954695,0.4706049607784959,0.2155486063836027,0.0,True,True,-1.6270524218048974,False,10.662618619519648
PFE,2022-12-07,short,0.03576681510520657,0.19978997071563165,0.18700156729535697,0.0,True,True,-1.4045687652599181,True,-2.8264099803271714
PFE,2022-12-08,long,0.2981778457410617,0.3339539934284256,0.24852989035230108,0.0,False,False,1.4821484949754826,False,-0.27037261526662304
PFE,2022-12-19,short,0.22869928106946025,0.6279234637317337,0.1354851204681994,0.1,True,True,-1.461774692693562,False,2.394839103382196
PFE,2023-02-03,long,0.06990491922553042,0.18592393958484152,0.3014514766189977,0.1,True,False,-1.352745212813836,False,-1.9291852916148766
PFE,2023-02-24,short,0.0014652921708603807,0.15007317674042675,0.10280693880787747,0.1,True,False,1.0187233775114115,False,5.652695047533818
PFE,2023-03-14,long,0.041090044917572836,0.1721905395069607,-0.004977011816676516,0.1,True,True,-1.1673147284087433,False,0.22554690858997972
PFE,2023-04-19,short,0.048830220121814864,0.4805040834820187,0.37528525080747543,0.1,True,True,0.07313263359298312,False,4.4483288662678255
PFE,2023-05-22,long,0.4614006853575114,1.0116617297672028,0.007701237576371364,0.1,True,True,-1.175307771740718,False,-0.980645373134581
PFE,2023-06-23,short,0.37448180334380676,0.5004126595378912,0.4787388056813101,0.1,True,True,-0.3307400368090541,False,6.840724552193089
PFE,2023-07-18,long,0.10055313257024538,0.2430413631905389,0.24348130436599774,0.1,True,True,-1.3898894720018264,False,-0.6436375908465464
PFE,2023-08-02,short,0.026901784957029082,0.27507481908418796,0.24078498925838657,0.1,True,True,0.7366921620051663,False,-0.36774653672462243
PFE,2023-08-09,long,0.0609221126162603,0.19556235758959095,0.06742634732105611,0.0,True,True,-0.9456550437645715,False,2.2879371434789464
PFE,2023-08-31,short,0.36128416698652915,0.42184630484287716,0.23162724487799993,0.0,True,True,0.1477071730162582,False,3.7026692311705744
PFE,2023-10-02,long,0.41587825911231086,0.9932116277767491,0.2326087156820974,0.0,True,True,-2.0859289116358104,False,-1.9740610357756427
PFE,2023-10-18,short,0.3187151320706063,0.8037141699277156,0.1054881238601284,0.0,True,True,1.6191100445135598,False,2.8653451914036343
PFE,2023-11-03,long,0.44782359168692926,0.6314140986367719,0.25035924954098465,0.0,True,False,-2.2314182162952583,False,-2.996189025687468
PFE,2023-11-13,short,0.1784878099952155,0.45484317088531195,0.2762490760733606,0.0,True,True,2.5157857305681732,True,-2.4499650314401933
PFE,2023-11-15,long,0.2747779680566109,0.5346402690868204,0.130296559261028,0.0,True,True,-2.4014896176829543,False,0.9274556648642962
PFE,2023-12-05,short,0.18229532085525257,0.30153348314562406,0.3455813415127553,0.1,True,True,1.496903232843416,False,3.196978654509519
PFE,2023-12-21,long,0.22146501968648452,0.8722662319584331,0.7204401476671388,0.1,True,True,-2.689324739663713,False,4.486055224423291
PFE,2024-01-17,short,0.2944003407100724,0.3363854764173952,0.4478562363912985,0.1,True,True,0.338464218902183,False,2.3534335716901666
PFE,2024-02-08,long,0.22574622445880105,0.2743071318312276,0.23242219134911887,0.1,True,True,-1.0371680313452472,False,0.6891618835955127
PFE,2024-02-28,short,0.0910119454006497,0.1533928024590427,0.223435405019891,0.1,True,True,0.5726005006906234,False,-4.363880119965846
PFE,2024-03-08,long,0.1605857922881879,0.5110178348879402,0.3080667653072373,0.1,True,True,-0.8921553049427328,False,0.5143211268424652
PFE,2024-04-02,short,0.01873555559370376,0.2013009113875132,-0.05535934119947767,0.1,True,True,-0.2728000164641571,False,6.751373953741635
PFE,2024-04-24,long,0.2324552976466037,0.37738453749692175,0.6575696886366806,0.1,True,True,-1.4515105727946005,True,7.613245283887715
PFE,2024-04-25,short,0.28787468120304915,0.5207932063273247,0.410182475205447,0.1,False,False,1.6457041811580944,False,-13.242162696937921
PFE,2024-05-01,long,1.2080098035179418,1.3625051315640744,0.044896104397344525,0.1,True,True,-1.1204009747617096,False,7.632935744007829
PFE,2024-05-29,short,0.6127092232953925,0.6153598841867701,0.4010056943400401,0.1,True,True,-1.6535295625252269,False,0.5751223913701975
PFE,2024-06-05,long,0.18292875207521186,0.1892311166779023,0.27113643529080295,0.1,True,True,1.6880894873913683,True,-6.125194623335906
PFE,2024-06-06,short,0.1265116453073918,0.3090080459948542,0.17664890134015274,0.1,False,False,-1.540103557630418,False,3.680555870695046
PFE,2024-07-08,long,0.01678207844113273,0.029761464758545027,0.015716531853406827,0.2,True,True,-0.09774326450937318,True,5.979236311867742
PFE,2024-07-09,short,0.06193555494701572,0.07875434812238194,0.020743035509567666,0.2,True,True,0.13687623657036085,True,-6.421361529735137
PFE,2024-07-10,long,0.19136285877626233,0.2533919338149156,0.028029446004048195,0.2,True,True,-0.012911625333467975,False,5.749556654742061
PFE,2024-08-06,short,0.6811278823722341,0.7962536937713838,0.5333999998663798,0.4,True,True,-1.5839122127558156,False,1.4324760732488673
PFE,2024-09-09,long,0.16971460779675307,0.5381864521642126,0.01588986610877182,0.4,True,True,-0.1928046882005457,False,-0.3400389704580009
PFE,2024-09-25,short,0.20553968361360916,0.3635144196215256,0.20409336462226738,0.3,True,True,-0.40065502280969967,False,-4.355338425637978
PFE,2024-10-09,long,0.5436701312222096,0.8425389458838268,0.3033678434382986,0.3,True,True,0.10886779007337656,False,-4.405427862204059
PFE,2024-10-21,short,0.08732301850448858,0.3445650462783108,0.04643880073079207,0.3,True,True,-0.12427388581204578,False,4.044253610119619
PFE,2024-11-26,long,0.40273617436523745,0.4251965722327661,0.7586340008504454,0.3,True,True,-1.8862499275292883,False,-2.095471769106816
PFE,2025-01-15,short,0.14199207884869003,0.3203420923803234,0.22230184289531674,0.2,True,True,-0.4091743616778889,False,-4.328310237527333
PFE,2025-01-27,long,0.18811867484947017,0.5436457962974616,-0.02741828613041818,0.2,True,True,0.33739095746492614,False,-3.685771468698096
PFE,2025-02-04,short,0.30603371061071805,0.5088288324829839,0.1326331481559261,0.1,True,True,-0.3512292026499301,False,-0.07730931520812945
PFE,2025-02-21,long,0.11654383463471799,0.5218481664664104,0.2718372408323357,0.0,True,True,-0.23017164918303293,False,1.6349825885002334
PFE,2025-03-05,short,0.1332826742425962,0.20725577619634883,0.24993633009478375,0.0,True,True,-0.061000395338624384,True,-1.040859370927838
PFE,2025-03-07,long,0.49740864628685155,0.5092590933862187,0.22391052425878588,0.0,True,True,0.24950644041956105,True,-1.6834950202047727
PFE,2025-03-12,short,0.3962146259485136,0.6527434112564782,-0.08096829847766245,0.1,True,True,-0.07681681457138247,False,1.944760889879149
PFE,2025-03-20,long,0.06764004617314694,0.1470487100394361,0.40702034914852275,0.2,True,True,0.011711002223614833,True,-7.254680368580124
PFE,2025-03-25,short,0.6416945072267659,0.8684141585511266,-0.04631801629274506,0.2,True,True,0.1067450627663336,False,14.520548194787597
PFE,2025-04-23,long,0.35960947674073557,0.4081196092133571,0.5021200928231515,0.3,True,False,-2.468182625045602,False,1.786514195076827
PFE,2025-06-23,short,0.08888361605126666,0.12562480086793085,0.3203028668034602,0.3,True,True,-0.7564859006698859,False,-6.616734967696258
PFE,2025-07-01,long,0.24701834009332693,0.47931936389159446,-0.05326803072693365,0.3,True,True,0.81062642398647,False,-1.7172550818174703
PFE,2025-07-15,short,0.27240754362497577,0.9068615336678739,0.1969305563835304,0.3,True,True,-1.0473593573791316,False,-0.44412983970203435
PFE,2025-08-11,long,0.19948738338528862,0.3613907417892507,0.3426497600892068,0.3,True,True,0.064694998129214,False,2.2782765878930133
PFE,2025-08-28,short,0.5929267105775848,0.6741613550298793,0.5819969408793368,0.3,True,True,-0.5078133983178041,False,2.967474497468725
PFE,2025-09-30,long,0.7942625149091206,1.3919213992129678,-0.009441578611699718,0.2,True,True,-0.5084334237296525,False,-3.7676521830521614
PFE,2025-10-13,short,0.5834455568903664,0.6454612188822415,0.9059801915532476,0.1,True,True,-1.2066787747879932,False,-0.16174580149679318
PFE,2025-11-06,long,0.05327535697401609,0.25777471571634875,0.088945671947709,0.1,True,True,-0.4163408332704002,False,-0.08189924101720258
PFE,2025-12-17,short,0.8328065250156494,0.8437362979994517,0.022416099958723543,0.0,True,True,-1.077783800482601,False,-0.5591076642319726
PFE,2026-01-08,long,0.008631633548502153,0.13161165157857796,0.3337508213940519,0.0,True,True,-0.062072304049083586,False,3.1224352537899014
PFE,2026-02-19,short,0.17666694277711373,0.8475994804213773,0.39245884085495586,0.0,True,True,-2.488133954886246,False,0.9307548421990552
PFE,2026-03-26,long,0.12314805769555015,0.39870259316614703,-0.020793332774899954,0.0,True,True,0.7424494140599326,True,-2.357640690664431
PFE,2026-03-27,short,0.08027886007348588,0.20398348949449652,0.13039152953013128,0.0,False,True,-0.6573441820062025,True,-1.1094678819218329
PFE,2026-03-30,long,0.3810861991471481,0.4618887554129464,0.15337169715766955,0.0,True,True,0.9079594326998267,False,-2.3766634914642704
PFE,2026-04-08,short,0.11519064868902691,0.3422145895038058,0.4327344399355781,0.2,True,True,-1.3748783813563195,False,2.4390221131915024
PFE,2026-05-21,long,0.3361249993202024,0.49429265134802713,0.19625298116577303,0.2,True,True,-0.9672465084324835,False,0.3468159589187447
PFE,2026-06-03,short,0.07953778653284958,0.5288829052927876,0.31266238929732376,0.2,True,True,0.6383142626087046,True,-2.288872691580379
PFE,2026-06-04,long,0.0012815675630017604,0.08196222240934754,0.48255774934513035,0.2,False,False,-0.6160034907839915,False,-1.8684354953791948
PFE,2026-06-18,short,0.06476420191787649,0.994260523494135,0.08446504207203853,0.3,True,True,0.27278650151294115,False,5.910353098636301
PFE,2026-07-10,long,0.057525065197608506,0.34559433749082896,0.47138118970629506,0.3,True,True,-1.6912752613272453,False,3.3069970385017244
PFE,2026-09-04,short,0.08753061018843969,0.32373811504944433,0.002444204571944311,0.3,True,True,-1.9977730202281874,False,2.4956097461557025
PG,2018-07-19,short,0.06811098965026009,0.1942981816493426,5.411711695161747e-05,,True,True,-0.9870050497177226,False,-4.153429424989263
PG,2018-07-27,long,0.28315202845517184,0.3140440922028652,0.15422163690288004,,True,True,1.0035150284946655,False,1.054842630452324
PG,2018-08-10,short,0.06864052441104451,0.5878597413434854,0.360040272998586,,True,True,-1.2201355174650879,False,-2.3701480057671143
PG,2018-08-16,long,0.035063671896397766,0.7710238087868737,-0.22126151173872724,,True,True,1.1852839251900809,False,-0.3346154778656074
PG,2018-08-23,short,0.05600692203394468,0.5091335458699816,0.04568459301229891,,True,True,-1.2483433395038752,False,1.5978104814218907
PG,2018-09-19,long,0.13895336874685804,0.14319204095918872,0.5603693521647336,0.0,True,True,0.6332013357013345,False,-1.1547600315856665
PG,2018-09-25,short,0.12539857836906307,1.191570288004623,-0.3112503893936748,0.0,True,True,-0.8215464423029988,False,1.1068614810983979
PG,2018-10-19,long,1.988124114219539,2.9587316564551016,0.635852282780772,0.0,True,True,-0.13141075184141862,False,2.8751391134412607
PG,2018-11-20,short,0.27091591448960034,0.4843581507590812,0.19361025011460523,0.0,True,True,-2.947602642874411,False,-1.5744020026428274
PG,2018-12-14,long,0.220502760185445,0.2892510760271053,0.23947094978183028,0.0,True,True,1.8323567365876277,True,-4.884107978255425
PG,2018-12-17,short,0.2809457603323127,0.5029347469605866,0.1426045998757888,0.0,False,False,-1.5603185978728353,False,1.6061015276503277
PG,2019-01-18,long,0.1007403381378665,0.1843014680634456,0.04293277991832467,0.1,True,True,-0.06010833159457713,True,7.2303668434598345
PG,2019-01-22,short,0.02411790992509144,0.12893297808365276,-0.024567520374990586,0.1,True,True,0.09689906036152313,True,-7.73996562634871
PG,2019-01-23,long,1.021964240738985,1.0464560967518355,0.014660519007026977,0.1,True,True,0.25463071491450573,False,3.2475964240689326
PG,2019-02-25,short,5.980371284481673e-05,0.24331206841564987,0.10813567534331141,0.3,True,False,-1.8300070545339429,False,-0.010057770945581801
PG,2019-03-14,long,0.0067248600004369205,0.3468439439714032,0.39437918181966614,0.3,True,True,1.246949541095112,False,2.20093462673423
PG,2019-04-04,short,0.07980556762257973,0.23313928711282295,0.12219218943202627,0.3,True,True,-1.6866242977971135,True,-3.256954481293506
PG,2019-04-08,long,0.03534853349067688,0.26306488576177023,0.033672217330945484,0.3,True,True,1.749474722552521,True,-1.0305181766455451
PG,2019-04-10,short,0.007953351107673036,0.05887813007289543,0.013290457164582893,0.4,False,True,-1.798070484522544,True,0.6124240340569687
PG,2019-04-15,long,0.10071015034415598,0.18399678089740193,-0.008155317502959497,0.5,True,True,1.9357483505411346,False,1.4203230562359614
PG,2019-04-23,short,0.8922750644286176,1.630077683941321,-0.06914274050319348,0.5,True,True,-1.9378411505049995,False,-1.4928384713238652
PG,2019-05-16,long,0.7855575239108082,1.1810675268325135,0.3799667409130866,0.5,True,True,1.399524115221123,False,-4.80989014690949
PG,2019-05-22,short,0.06707951182690221,0.3948276968998579,0.20483803788391608,0.4,True,True,-1.4302225931425656,False,-0.6184530696103918
PG,2019-06-07,long,1.2548184580804558,1.517092929698231,1.1304815154603682,0.3,True,True,0.8063612790749188,False,2.234090447901016
PG,2019-06-27,short,0.38753686849476915,0.6215045599925212,0.3708758609277262,0.3,True,True,-2.8586938127884576,False,-4.745862734514827
PG,2019-07-03,long,0.28536749031506564,0.9215832764648654,-0.08478415296348878,0.3,True,True,3.0066495655509993,False,1.847467602653019
PG,2019-07-23,short,0.24167899918961938,0.6750944695192292,0.20395868841118095,0.3,True,True,-3.9885291573840327,False,-0.37768570474496777
PG,2019-07-30,long,0.8702376354740932,1.566975894666868,0.11290981655476029,0.2,True,True,4.039066824233103,False,-2.6243841275685575
PG,2019-08-05,short,0.9694426998914832,1.2421563932561481,0.18647516556125185,0.1,True,True,-3.109009437959452,False,-6.331782834765343
PG,2019-08-16,long,0.1435580583839168,0.6826732381449894,0.08689574179571069,0.0,True,True,2.8239164768311764,False,0.8810164352951455
PG,2019-08-23,short,0.09973359591743125,0.8285457164123909,0.0619327325612456,0.0,True,True,-3.044813581048946,True,-4.1340057123052665
PG,2019-08-27,long,0.40402108977598217,0.4305353446819112,0.28498414200213773,0.0,True,True,3.2818438951457325,False,0.5972377809338791
PG,2019-09-10,short,0.5296366974017537,1.3561126840907765,0.16888912609574724,0.1,True,True,-3.4233916748346873,False,-3.111476064208918
PG,2019-09-26,long,0.22827721490646227,0.46063666686846144,0.3526792957862009,0.1,True,True,2.715612364198116,False,-1.9065059293957076
PG,2019-10-02,short,1.125421080268091,1.3870726005272975,-0.010352085726574981,0.1,True,True,-2.3245326683059857,False,2.9319637290846634
PG,2019-10-23,long,0.5461635848322649,1.2726416233521503,0.9332074215242125,0.1,True,True,-0.24313107854413618,False,-2.1788568534166886
PG,2019-11-05,short,0.7692981578439714,0.9610054238379707,0.609697839495471,0.1,True,True,-0.5346669502461344,False,-2.1194244110020577
PG,2019-11-19,long,0.09800523874122695,0.1902609897382073,0.3040817026323055,0.1,True,True,-0.0874399464234331,True,2.5613755907706537
PG,2019-11-22,short,0.01993486147497371,0.17546520222994585,-0.020717060297362602,0.1,True,True,0.07851058860152246,True,-3.807459954374681
PG,2019-11-26,long,0.2810029725954286,0.36290588936373896,0.11316947355188478,0.2,True,True,0.05613266696928767,False,1.9630307832840588
PG,2019-12-23,short,0.026914225010457093,0.1461553579570647,0.19285994310062204,0.3,True,True,-1.3873320796447481,False,1.9135399575553547
PG,2020-01-15,long,0.3705000407575205,0.6325637590084973,0.4882666229546451,0.2,True,True,0.43830728324724433,False,0.5861211043719505
PG,2020-01-31,short,0.045403880344218675,0.520372464456353,0.10079231663957935,0.2,True,True,-1.0709756383392863,True,-1.219715894994633
PG,2020-02-05,long,0.2824470268160566,0.4393082459607784,0.1074064806377532,0.2,True,True,1.2299147969652506,False,-0.18136643581406764
PG,2020-02-11,short,0.6425329054843835,0.8710906579674129,0.01668665739353337,0.3,True,True,-1.0105226969727494,False,3.221636888005952
PG,2020-02-21,long,0.14727019141594933,0.4201515688404037,0.22290063187704603,0.3,True,True,0.8645701286645251,True,-3.9779206692642566
PG,2020-02-24,short,1.027735961986419,1.1783611315984244,0.31258111432850444,0.3,True,True,-0.40642609152284764,False,5.871840645940296
PG,2020-03-30,long,1.1453890756257679,1.7077461454022735,0.8717662639198536,0.4,True,True,-2.2501741861376856,False,5.182598655462112
PG,2020-04-29,short,0.15812187226991722,0.16927472196747778,0.27388895403419705,0.3,True,False,-0.7155414829523327,False,2.6990252592610564
PG,2020-05-28,long,0.04092442393877351,0.34409005765881234,0.08705049089829482,0.2,True,True,-0.35347726694179415,False,0.17231633737815333
PG,2020-06-24,short,0.23172329680906187,0.284537768194377,0.09386740768441325,0.2,True,True,-0.3322014481234453,False,-5.205314756550394
PG,2020-07-01,long,0.29551652852698057,0.39108946417501883,0.06514253447046331,0.2,True,True,0.38206167524478435,False,3.9839922606101696
PG,2020-08-19,short,0.15567493576914618,0.32441023474522246,0.21360937344319847,0.2,True,False,-2.1662941791666794,False,-3.4912134769868652
PG,2020-08-25,long,0.06829736997185402,0.12363062448836443,0.03652748354531363,0.1,True,True,2.441303065788226,True,-0.6543968482601525
PG,2020-08-26,short,0.14291756335620917,0.21136969768163516,0.05131874544765924,0.1,False,False,-2.4258699873510357,False,1.2211929212901373
PG,2020-10-06,long,0.04102161252699697,0.17390531434368603,0.1696392538838532,0.2,True,False,0.6503737508724017,False,2.0557342962690184
PG,2020-10-22,short,0.3634603780331289,0.39120950912114955,0.4682402071055506,0.1,True,True,-1.4791586161336778,False,-0.6574644923934558
PG,2020-11-06,long,0.05405735800531195,0.536703629295275,0.5455238861781422,0.1,True,True,0.5413408537122782,True,-2.7438262813338943
PG,2020-11-09,short,0.5763973193031308,0.63027321638929,0.46311845511922517,0.1,False,False,-0.27537463388578265,True,-0.5579899985184822
PG,2020-11-12,long,0.06654051729947887,0.2479866690059727,-0.042080943797692824,0.2,True,True,0.4316960678065689,False,-2.490326557607503
PG,2020-11-18,short,0.19128523462261796,0.5939942349744661,-0.11028651014931508,0.3,True,True,-0.4668131031998803,False,1.6893589229090566
PG,2020-12-17,long,0.13562736105908038,0.4984364300604892,0.22484954761553105,0.3,True,True,-0.589487749527728,False,-0.3110274941911628
PG,2021-01-13,short,0.12784385535622786,0.2697331912142916,0.37438129388483143,0.3,True,True,0.09141531653687603,False,4.454099353148877
PG,2021-02-10,long,0.0015217608859290192,0.0423152834510321,0.28039574533045625,0.3,True,False,-1.7724575168696168,False,-1.279045036714077
PG,2021-02-26,short,0.4122051880141239,0.8718556701680436,-0.02511488109304921,0.2,True,True,1.5443816314653729,False,-3.731881519781366
PG,2021-03-08,long,0.7262809762067531,1.025908189566039,0.1722960023212053,0.2,True,True,-1.477250689847087,False,2.254329739381311
PG,2021-04-14,short,0.20354965823942336,0.2935282656398672,0.35806385808177743,0.2,True,True,-1.525369499236299,False,2.4773660061147895
PG,2021-05-10,long,0.3199309087895132,0.46216269159593276,0.16225892020998867,0.2,True,True,0.49124672215028353,False,0.21067461595984938
PG,2021-05-27,short,0.36048306951360926,0.5816963248037236,0.037573560365353004,0.1,True,True,-0.6066307742158388,False,0.08889452846903012
PG,2021-06-28,long,0.2580539378248132,0.4767146575291681,0.28370315216469516,0.0,True,True,-0.30260883259604593,False,1.2193332935081846
PG,2021-08-11,short,0.019425022726281937,0.0897482191085471,0.2899536917292739,0.0,True,True,-2.0070858172046693,True,-0.03504243199954349
PG,2021-08-13,long,0.03167331268050578,0.09035693792627941,0.06951686143045724,0.0,True,True,2.0139245434158815,False,-0.925922682487601
PG,2021-08-23,short,0.0808787354991127,0.2624821129940312,0.09171601660327366,0.1,True,True,-2.0382049653711474,False,0.581922883453756
PG,2021-09-14,long,0.1119122107806082,0.17812853082330724,0.16923500864689933,0.1,True,False,1.2762522584487257,True,-3.3280810022199514
PG,2021-09-16,short,0.23641032011044655,0.3403309154784461,0.14374943007197,0.1,True,True,-1.1592897847799921,False,2.990766939167311
PG,2021-10-11,long,0.0509055031294207,0.5330765279720718,0.7560270369383222,0.2,True,True,-0.6257653698947651,False,-0.41935354685253
PG,2021-10-21,short,0.36536137929911217,0.5244830289512002,0.5217386034372324,0.2,True,True,0.3563536386098987,True,-4.299140231358201
PG,2021-10-26,long,0.5676684353378552,0.6728963240161636,0.017472212792394682,0.2,True,True,-0.0956739638850147,False,1.778049106551438
PG,2021-11-30,short,0.7689677364072296,1.0696257460320855,0.1460355464935591,0.3,True,True,-1.5455604182808846,False,-9.454987408850645
PG,2021-12-06,long,0.5998698009492899,0.9236134723582036,0.15164743066728584,0.3,True,True,1.8716155038751416,False,3.752871962898885
PG,2022-01-06,short,0.4019403481757168,0.4309552266413069,0.25012583247727194,0.3,True,True,-2.663861508921262,False,-0.41029186170462584
PG,2022-02-03,long,0.15934508159808164,0.511546904289785,0.20638981406994814,0.2,True,True,0.8691661794831071,True,-2.6319056123440543
PG,2022-02-07,short,0.21948961525824862,0.27632043904908765,0.25316202113131897,0.2,False,False,-0.735817236965801,False,1.4907771183743534
PG,2022-03-18,long,0.2008548140010197,0.38740305639180117,0.7050622723598059,0.3,True,True,-1.372888592566954,False,3.2900624658968702
PG,2022-05-02,short,0.28886634218692636,0.4358057319173484,0.14618475890084517,0.2,True,True,-0.9576311653054569,False,2.058339929920927
PG,2022-06-02,long,0.006421905863583895,0.2026569188114811,0.27920462086563896,0.2,True,False,-1.4844196564211265,False,-9.43551789887984
PG,2022-06-09,short,0.035582931169542045,0.25271332294466026,-0.054581581669977605,0.2,True,True,1.4636516740540584,False,-1.3053335526913123
PG,2022-06-23,long,0.36450713828651155,0.9048162675733685,0.4227237052357444,0.1,True,True,-1.9094574848754178,False,1.911448513799563
PG,2022-07-20,short,0.02079269420959213,0.3141792251533524,0.19516792322458454,0.1,True,True,0.004336064197903602,True,-3.0170135422760147
PG,2022-07-25,long,0.02872743212426171,0.15474973194556424,0.06267110429224607,0.1,True,True,-0.01483497456994589,False,0.8889499791760791
PG,2022-07-29,short,0.001857486659539183,0.721628315648986,-0.22961433506703258,0.2,True,True,-0.0811146542967264,True,-5.586331987053361
PG,2022-08-03,long,0.023481113252992895,0.24631532797260838,0.20067872863855568,0.2,False,False,0.06881454458651734,False,3.009381092130914
PG,2022-08-24,short,0.11308707745180371,0.4320229616126488,0.2485096680434197,0.2,True,True,-0.6296893877806946,False,5.45881505870881
PG,2022-10-17,long,0.3196010382771147,0.5390870871829505,0.34392801867098344,0.2,True,True,-2.003152572663161,False,6.506784694211021
PG,2022-12-15,short,0.23984700821077917,0.24248117325920784,0.03190624699627247,0.2,True,True,-1.488802532906186,False,-0.2977872615998356
PG,2023-02-17,long,0.13151536313957737,0.35238226595583383,0.06063392429270497,0.2,True,True,-0.7435939953511238,False,0.24280994334275885
PG,2023-04-18,short,0.07111095276584602,0.20636317581991961,0.25134644074106005,0.2,True,True,-1.1068947504596913,True,-4.099844237345751
PG,2023-04-21,long,0.4572011617563237,0.772448422863162,-0.059531945633153706,0.2,True,True,1.216477015386837,False,-0.025637913448617322
PG,2023-05-04,short,0.2434393902374329,0.3402114754002432,0.19528910652769507,0.3,True,True,-1.3862789910218714,False,1.9162722271902966
PG,2023-06-13,long,0.054804337031724715,0.060377793447073815,0.30089053402761906,0.2,True,False,-0.8961249305496553,False,3.39857189577486
PG,2023-07-11,short,0.08401122155143959,0.3124252048618546,0.3014230551994434,0.2,True,True,-0.20402663180657635,False,-4.503574033552149
PG,2023-07-20,long,0.13470649481136523,0.21838705927701824,0.02393428262006823,0.1,True,True,0.20881249115515416,False,4.277341215904595
PG,2023-08-14,short,0.20683840471175782,0.3253790183310822,0.21252322279421404,0.1,True,False,-1.1885759604003168,False,1.2902031159690464
PG,2023-09-18,long,0.08032723861179555,0.10869515189890191,0.14484638886953766,0.1,True,True,0.06084028448929149,True,-5.751359228983111
PG,2023-09-20,short,0.004374701737013051,0.05270249824876305,-0.013592265642312829,0.1,False,True,-0.04630798754067182,False,4.886936961800236
PG,2023-10-16,long,0.1658961718299509,0.6427221748259713,0.2752318376490189,0.2,True,True,-1.5915015884637982,False,2.8288399073788106
PG,2023-11-20,short,0.033094271068701914,0.32019531444199895,0.1274120928814851,0.2,True,True,-0.7694124508954038,False,2.3357913714236456
PG,2023-11-30,long,0.10061230542445235,0.2871795062379553,0.030138568969500186,0.1,True,True,0.6861990234818212,True,-5.771239401729755
PG,2023-12-05,short,0.788002509513526,0.8377747040582582,0.04599697806375359,0.1,True,True,-0.29973782674568133,False,0.4020101064368009
PG,2023-12-28,long,0.10489216053764158,0.14419042123915982,0.28792239739852693,0.2,True,True,-0.987395939621277,False,3.341806444856932
PG,2024-02-12,short,0.07941609626577795,0.3887628436123104,0.31730276116983097,0.2,True,True,-1.8406704060812604,False,-1.3939045903480718
PG,2024-02-23,long,0.04070530654601566,0.17552473177598887,0.2587601286454942,0.2,True,True,1.4540412622015808,True,-0.42229085727079063
PG,2024-02-26,short,0.013591440449546082,0.0557686750574004,0.24147098903830455,0.2,False,False,-1.4401939455416848,False,-0.8301151719284361
PG,2024-04-19,long,0.38794890233998547,0.6785919096144634,0.5375935882842603,0.3,True,True,-0.4808700950449337,False,3.9964724231846382
PG,2024-05-23,short,0.31530972944813773,0.5043292483729256,0.10596350250438892,0.2,True,True,-1.7441193581931518,False,-0.9486834903148722
PG,2024-06-10,long,0.06995132817916533,0.07689256228320958,0.25430668018229907,0.2,True,True,0.9704415773866966,True,-0.2987722079983546
PG,2024-06-12,short,0.19848655203309895,0.3138567088645033,-0.005968904511195853,0.2,True,True,-0.8424555126492955,False,-0.8717811500829731
PG,2024-06-18,long,0.10909540044658173,0.22805449275946257,0.03570005724854554,0.3,True,True,0.9252947746225033,False,-2.806105138063797
PG,2024-06-25,short,0.09455222729903505,0.29410111304106723,-0.025187818993555863,0.2,True,True,-0.8959358866592018,False,0.029975492340417187
PG,2024-07-17,long,0.8291716679508888,0.8406567287221324,0.12581574107948365,0.2,True,False,0.337927301023796,False,-4.552146941263924
PG,2024-07-30,short,0.6608982669445449,2.0754385084365023,-0.08891734064277311,0.2,True,True,-0.5546399128677142,False,-3.457015923503115
PG,2024-08-05,long,0.15926055027598873,0.3971073096528155,0.13251056526901117,0.2,True,True,0.5036503884361846,False,0.21419226937628988
PG,2024-08-15,short,0.1323986731385014,0.32635550474965813,0.6463307717769576,0.1,True,True,-0.8515307982284332,True,-1.2565420421817297
PG,2024-08-20,long,0.2785945038546737,0.6486428845125012,-0.0579356159370284,0.1,True,True,0.9226194200419441,False,3.221632970445132
PG,2024-08-28,short,0.20324463606313017,0.32199860222150645,0.1802213046959588,0.2,True,True,-0.9363778138279573,True,-2.6085543359196217
PG,2024-08-30,long,0.40920202354375046,0.5215173476863626,0.11618822982835597,0.2,True,True,1.1340578808412531,False,3.3228434869225776
PG,2024-09-18,short,0.3638043613910822,0.83627849692942,0.12080037635151888,0.2,True,True,-2.5767314107017834,False,1.1499669332073026
PG,2024-10-15,long,0.2737786270566146,0.7768757619546975,0.625670295570385,0.2,True,True,-0.4819863323213517,False,-3.120995173331398
PG,2024-10-23,short,0.01433657866117074,0.154771924809476,0.173049840171298,0.2,True,True,0.348086443347466,False,5.0300813546206635
PG,2024-11-13,long,0.2912680639253637,0.33130114992330467,0.5456672834263417,0.2,True,True,-1.2983390842766442,False,7.67199454077121
PG,2024-12-09,short,0.761379839729164,0.7905482092475217,0.5610032018729655,0.2,True,True,-1.4299274640901247,False,1.5691618284614406
PG,2025-01-22,long,0.39738597201220566,0.5216657046727579,0.31145464038396686,0.2,True,True,-1.509521112201443,False,3.217539940809422
PG,2025-02-18,short,0.23335306292741032,0.264091176275842,0.2570575535575498,0.2,True,True,-0.40220629132094815,True,-4.684761155175776
PG,2025-02-21,long,0.055800822583173995,0.31902419215599354,-0.07735587540682375,0.2,True,True,0.48382556976611607,False,3.360176165610329
PG,2025-03-12,short,0.4621534981945853,0.8379008992668485,0.14928773611529111,0.2,True,True,-1.0649479444277006,False,1.063142944447748
PG,2025-04-01,long,0.16687544482612707,0.34055691024607876,0.4399100419823323,0.1,True,True,-0.22408870208309856,True,-1.2253748269840936
PG,2025-04-04,short,0.10456818161168138,0.7416744091898007,-0.15377001397812584,0.1,False,False,0.25661029144102704,False,-1.8523213832604801
PG,2025-04-14,long,0.1165844795483608,0.7564097620963459,0.37831592796178265,0.2,True,True,-0.7223973191619449,False,-3.4639636397337803
PG,2025-04-24,short,0.23594221615753935,1.0398172927412204,0.11599320470070855,0.2,True,True,0.46454578594334406,False,0.5516335769132574
PG,2025-05-15,long,0.35939729680487875,0.6605607985434626,0.1913980573531293,0.2,True,True,-1.117544398715653,False,4.605626141617769
PG,2025-06-06,short,0.3196970808148831,0.3608190596495369,0.592503123344266,0.2,True,True,-0.5347264983730353,False,1.8229388635088273
PG,2025-07-02,long,0.200892299525584,0.2577252771788957,0.25465716663770704,0.2,True,True,-0.8134865329283966,False,-3.461534574974534
PG,2025-07-09,short,0.20190333743385222,0.24168521421044112,0.056124472335913084,0.2,True,True,0.9305994860544394,False,-1.169633268997372
PG,2025-07-22,long,0.40741658839900696,0.6930386267311248,0.3399738384587446,0.1,True,True,-1.199057791449126,False,-4.9330690150658825
PG,2025-07-31,short,0.4761364689787702,0.7350936723174777,0.3297714724708067,0.1,True,True,1.2457931634739872,False,-2.173192528504364
PG,2025-08-11,long,0.4492289577138793,0.507584982436734,0.42546410674665575,0.1,True,True,-1.4988957559799083,False,0.7549492871066432
PG,2025-09-15,short,0.3070384793298856,0.38081460704098874,0.28900048403109774,0.0,True,True,-0.5789669862306894,True,2.10419211886701
PG,2025-09-17,long,0.11040242270098176,0.4275677704421219,0.001329659093444252,0.0,True,True,0.6926037479236181,True,-4.459556396615493
PG,2025-09-18,short,0.21932589028577876,0.32986451485700724,-0.012152363091437841,0.0,False,False,-0.562027613110227,False,3.3498645462942345
PG,2025-10-20,long,0.4722725163891356,0.5430312970319532,0.31640770975679416,0.2,True,True,-1.4769176793496874,False,-1.911620191063823
PG,2025-11-04,short,0.29686765847557123,0.455900773245605,0.26098205569167493,0.2,True,True,1.0293973170071804,False,0.12230086734091872
PG,2025-11-13,long,0.10890047877751953,0.2313847954408671,0.26107746782719987,0.2,True,True,-1.2801560262256244,True,0.13517367160136295
PG,2025-11-17,short,0.05595329169647251,0.2868321886404612,0.07805741407703352,0.2,True,True,1.3308311951786722,True,-0.027437903158000765
PG,2025-11-18,long,0.04041972957596852,0.09748108653241508,0.024282001989393787,0.2,False,True,-1.2931054565711688,False,-0.19048346720235143
PG,2025-12-04,short,0.3188605235948616,0.3561083107048217,0.2855978367285463,0.4,True,True,0.8874202025704315,False,-0.1100667332554206
PG,2025-12-16,long,0.34975417096083194,0.8523833140940283,0.8162105118477413,0.4,True,True,-1.7956685770051355,False,-1.3084583591677856
PG,2026-01-05,short,0.5099868029164288,0.6360422959654249,0.3071647395249971,0.4,True,True,1.2565419083532217,False,-4.7232427383215425
PG,2026-01-12,long,0.1987106859239666,0.8180581594154129,0.14372336715066522,0.3,True,True,-1.3471415854321376,False,4.135777353827064
PG,2026-02-19,short,0.11963237546585882,0.2831315218786643,0.4512541734012768,0.2,True,True,-2.1366723765945785,True,2.88219437461269
PG,2026-02-23,long,0.38880660340178336,0.48855682540100875,0.2518891157022275,0.2,True,True,2.20395377816542,False,-6.024096046604333
PG,2026-03-03,short,0.6922620359907807,0.82228589981954,0.11214069506393579,0.3,True,True,-1.7602457808024783,False,5.1590354297856305
PG,2026-04-08,long,0.13607600457707333,0.29841306798014067,0.06337510603466118,0.3,True,True,-1.2820885988193005,False,-1.4147617685526859
PG,2026-05-12,short,0.09287679341871824,0.13931216302568153,0.14359162781006252,0.2,True,True,0.059692964922886206,False,-2.487671986773776
PG,2026-05-27,long,0.4667897329569833,0.5121046789007052,0.17704590078587593,0.1,True,True,-0.13636103511904502,True,1.0576922676043266
PG,2026-06-01,short,0.07040842504899888,0.5519248501664916,-0.1431242390509926,0.1,True,True,0.211594657533295,False,-7.256914041995466
PG,2026-06-05,long,0.1814378366626327,0.915399722596877,-0.21513758863058025,0.2,True,True,-0.23971914832355293,False,0.777939855137455
PG,2026-06-29,short,0.18133667962541758,0.32536547910913527,0.2747784002316027,0.2,True,True,-0.5829847328677676,False,1.596492643317915
PG,2026-07-07,long,0.1157074936224286,0.5192305536158925,0.10214499232357921,0.2,True,True,0.5652423339629223,True,-3.0441864134950425
PG,2026-07-08,short,0.2694248614895882,0.38893736464122985,0.27166901255258813,0.2,False,False,-0.489119498567682,False,-0.49191591963893
PG,2026-08-24,long,0.21594560048510486,0.7153512623289414,0.20182872453193373,0.2,True,True,-0.5265949212732016,False,-0.6957736903098755
PG,2026-08-28,short,0.038705563220460086,0.11384377113939541,0.06822449859901082,0.2,True,True,0.6208888423394956,True,-1.6344457667737844
PG,2026-08-31,long,0.31486178570059586,0.35607080047878825,0.17583921637048397,0.2,False,False,-0.5505567715341049,False,1.068083726509328
PSA,2018-07-11,short,0.16973589154436944,0.39308721006083847,0.2688022648111785,,True,True,-2.7757024426318098,False,4.312457513604951
PSA,2018-08-15,long,0.23903798025414708,0.3845690668304749,0.10075731127314548,,True,False,-0.6170937090530992,False,-2.9788789804645943
PSA,2018-08-23,short,0.2912571451184704,0.4995465706173137,0.27271042741074863,,True,True,0.4366204676850176,False,1.2094075665343706
PSA,2018-09-06,long,0.09035960219908627,0.14676311051538143,0.1750211268338365,,True,True,-0.5583238523869943,True,-3.620360145653323
PSA,2018-09-07,short,0.2660303033314472,0.3584856406277922,0.14322414920906335,,True,True,0.6923638908769043,False,1.4022961023886782
PSA,2018-10-08,long,0.05463919193184443,0.5546402317206497,0.08171032766263234,0.2,True,True,-1.1308370125499465,False,-2.2963674861226635
PSA,2018-11-27,short,0.06486005889529202,0.11681427471399727,0.5160930522106724,0.16666666666666666,True,True,-0.7861295226012027,True,1.1467189274009804
PSA,2018-11-28,long,0.0514340614392706,0.11698446885428133,0.34766843455850016,0.16666666666666666,False,False,0.8471577932934523,False,-4.488108017291936
PSA,2018-12-12,short,0.8618342723670069,1.142506178416599,0.19967751576002382,0.25,True,True,-0.9753583474335361,False,1.2628978185088124
PSA,2019-01-11,long,0.22159785571348348,0.28051228692893865,0.34682711812357125,0.2222222222222222,True,True,-0.8941939027345874,False,3.7369227916500103
PSA,2019-02-13,short,0.15394919202851676,0.24977555349597302,0.18362276455094428,0.2,True,True,-0.8567254313410575,False,-1.6974020707859694
PSA,2019-03-01,long,0.5107867004881393,0.5179175191650025,0.5890229229890519,0.2,True,True,0.3793148192808629,False,3.5977396673389173
PSA,2019-03-28,short,0.2093599190657105,0.3529747077987025,0.2504983150186057,0.2,True,True,-2.124191514673093,False,-0.2922314306732954
PSA,2019-05-01,long,0.18980337806225817,0.36532779930121384,0.2633668032719807,0.2,True,True,0.4732014506393973,False,2.9007734878181646
PSA,2019-06-18,short,0.22601011544729616,0.49446532166570245,0.17330239860124136,0.1,True,True,-3.208514437072474,False,-0.42241790030088655
PSA,2019-07-08,long,0.3073685699831476,0.380475341178912,0.7596568025378049,0.1,True,True,1.8051893343448828,False,-1.6339478609325275
PSA,2019-07-19,short,0.6646435952367237,0.7035861647196425,0.2708813039236094,0.1,True,True,-2.06515088259185,False,-2.236974771755884
PSA,2019-08-06,long,0.3753579357798566,0.4868486093578614,0.4481563255869643,0.0,True,True,0.967660986898143,False,4.1826882277674615
PSA,2019-08-29,short,0.08071281735441035,0.12225034068935887,0.13312533398729562,0.0,True,True,-2.816290360676121,True,6.4165277282348665
PSA,2019-08-30,long,0.029884330497132287,0.11145556119919925,0.06508781112774374,0.0,True,True,2.863739523882809,True,-5.815230596739262
PSA,2019-09-03,short,0.21179346297965945,0.24209241724783592,0.054393837540250824,0.0,False,False,-2.7290308460638606,False,3.5465045404454165
PSA,2019-10-07,long,0.03995323871505066,0.2548592400882901,0.2779825771238679,0.2,True,True,-0.9114286283821776,False,-1.1475240411172316
PSA,2019-10-16,short,0.06911758389784299,0.2143623483675678,0.11632435843822675,0.2,True,True,0.7055494085854558,False,7.762815033766235
PSA,2019-11-18,long,0.09849989269389857,0.37970657541977815,0.44337283075076955,0.2,True,False,-2.0814303657001623,False,-0.7492354593704675
PSA,2020-02-05,short,0.1729375810071372,0.2313554212159903,0.147702309410375,0.2,True,False,-0.8004457465343566,False,-0.10805862925664655
PSA,2020-02-11,long,0.00840297974805107,0.03636813742642933,0.05207930669437483,0.2,True,True,0.7914987508016974,False,0.8261099726424748
PSA,2020-02-19,short,0.47847540603549316,1.2045505175724371,-0.21511280826469117,0.2,True,True,-0.7123178324897533,False,-3.327236483980789
PSA,2020-03-06,long,0.48233274353854355,0.5972116333299184,0.7582747364207431,0.2,True,True,0.17502448776564625,False,-24.462136914783738
PSA,2020-03-12,short,1.9867547037980289,2.194696865956351,0.09953491819260626,0.2,True,True,0.3069862591906644,False,5.884424292510593
PSA,2020-03-30,long,0.42487455092347254,1.397116249198921,1.115648041222365,0.1,True,True,-1.9720966599025969,False,1.6068813058639275
PSA,2020-04-23,short,0.20071511013272153,0.2512716592763135,0.19509791319252945,0.0,True,True,0.6299436681512427,False,2.1280175760872155
PSA,2020-05-11,long,0.13554662094962402,0.19138633911593572,0.19921414573889185,0.0,True,True,-0.9382780357665164,True,2.9689924816319158
PSA,2020-05-12,short,0.05946241118699518,0.1976823004443419,0.22386749549235171,0.0,False,False,1.0272505502597615,False,-10.365885502214445
PSA,2020-05-19,long,0.21347412013140293,0.21395402538142594,0.07871616971907854,0.1,True,True,-0.9570457525361814,False,13.280336020867
PSA,2020-06-12,short,0.04897565927378838,0.41339744102733406,0.3876548525354185,0.1,True,True,-0.9218856259215785,False,3.6595773985983016
PSA,2020-07-02,long,0.05621024315892874,0.4122217550075507,0.35494670074074075,0.1,True,True,0.07112083040580212,True,-3.5413546479632907
PSA,2020-07-08,short,0.03597991404854287,0.11519752764649278,0.09424087350329774,0.1,True,True,-0.05972344769987919,True,2.611719473987051
PSA,2020-07-09,long,0.008073505403416874,0.044198995912430754,0.007084016156722769,0.2,False,True,0.07292454262440386,True,-4.273906294156937
PSA,2020-07-10,short,0.021888056869015026,0.030020266440292705,0.048111366473054265,0.2,True,True,-0.06358292150987785,False,4.664943796171361
PSA,2020-07-29,long,0.3450811076243773,0.54460251196122,0.1747312508273054,0.4,True,True,-0.2267576347421629,False,0.7823792226138382
PSA,2020-09-21,short,0.07390725033106672,0.8268534823129318,0.2062242199474164,0.4,True,True,-1.807299407921061,False,-7.337373173284911
PSA,2020-10-02,long,0.4883185562702828,0.639676027912413,0.30999036144691916,0.4,True,True,1.7236921058792083,False,1.0451252383771426
PSA,2020-10-16,short,0.03721112858254817,0.39709396650006445,0.22776933456816428,0.3,True,True,-2.3126527997649724,False,1.6866581200749242
PSA,2020-12-15,long,0.4409360379282404,0.6049849686434856,0.1584159339604216,0.3,True,True,-0.5967574259347149,False,1.674367723427106
PSA,2021-01-04,short,0.12931695139434335,0.8896792882521148,0.11801917618036313,0.3,True,True,-0.2759575701709312,False,-0.19072784360227857
PSA,2021-01-20,long,0.17290069224875787,0.30942993463135,0.06446829499585206,0.3,True,True,-0.23420708197966322,False,2.8091037123400664
PSA,2021-03-01,short,0.31681522874440515,0.8578996285528684,0.18142723563131608,0.2,True,True,-1.1699975221137588,False,-5.398056556539332
PSA,2021-03-10,long,0.03417769509095757,0.30365515271202026,0.476235319202837,0.1,True,True,1.020512249514692,False,1.3762249199401166
PSA,2021-03-19,short,0.22707385551811343,1.2784654292787159,-0.02084511546603551,0.0,True,True,-1.4619797733012734,False,-9.342068882989096
PSA,2021-03-26,long,0.24800602154877105,0.42256524882710267,0.19741173580546698,0.0,True,True,1.5925877343662254,False,6.651944390270037
PSA,2021-05-03,short,0.024044277062322015,0.3733416964211516,0.14870075761602963,0.0,True,False,-2.7486363916719143,False,0.5215159646120293
PSA,2021-06-01,long,0.100611781610988,0.3612697154648224,0.1577644662898102,0.0,True,False,1.3700307221244425,False,3.370826503292368
PSA,2021-06-30,short,0.32522241648778166,0.5347796007080018,0.17101606039282935,0.0,True,True,-2.943175050661022,False,-4.253578930479929
PSA,2021-07-12,long,0.33627239858302427,0.3372053332810418,0.1801663828214605,0.0,True,True,3.0724009665485217,False,-0.025517752881709654
PSA,2021-07-19,short,0.6361051146924304,0.683336556088068,0.02156196741377788,0.0,True,True,-2.823166047826828,False,-0.8070841384498983
PSA,2021-08-16,long,0.3093262598241421,0.5831856269539978,0.4823935598618056,0.0,True,True,1.243036063783461,False,0.7670571526227521
PSA,2021-08-26,short,0.43172498907116813,0.5113673640722256,0.5702642849993088,0.0,True,True,-1.5417499598926485,True,-2.2006717941125853
PSA,2021-08-31,long,0.019486152765610457,0.4561236090900137,-0.11832570202906019,0.0,True,True,1.5635052211994813,False,-0.6483081451682748
PSA,2021-09-10,short,0.26250395055119846,0.7289401966268269,0.43774848069618005,0.1,True,True,-2.075129987046302,False,5.3974017239911465
PSA,2021-10-11,long,0.02529614397223946,0.35134894148145307,0.4236689957383299,0.1,True,True,-1.291649472140243,False,8.742139694782015
PSA,2021-11-08,short,0.34549424910962373,0.392722370411369,0.35487758244244894,0.1,True,True,-1.3219095369800165,False,-1.7714667148698515
PSA,2021-12-06,long,0.14378512377985575,0.3492641459081656,0.1399980659163447,0.1,True,True,0.9197890051244746,False,8.407135121532527
PSA,2022-01-04,short,0.5032556951533277,0.5534408705332029,0.3439133965461867,0.1,True,False,-2.319980852908554,False,2.188848068755145
PSA,2022-02-02,long,0.18512645855430565,0.774900021943738,0.40624063070735583,0.1,True,True,0.17178869916827877,False,-5.03292280648685
PSA,2022-02-11,short,0.006928355657217884,0.28004268269901794,0.06485583897288424,0.1,True,True,-0.34923075856100466,False,0.8795210167212963
PSA,2022-02-28,long,0.05114395550457214,0.12407800215864823,0.4931035931213032,0.1,True,True,-0.34916489761459474,False,1.422474362088777
PSA,2022-03-15,short,0.3383381111298594,0.5147335633659877,0.3962681898276077,0.1,True,True,-0.5942833788673924,False,-11.63766110039164
PSA,2022-03-21,long,0.04549281124255695,0.18034064587455803,0.07085536515935682,0.0,True,True,0.6555312572418603,False,7.22060407633216
PSA,2022-04-22,short,0.5337381650949298,0.7876983131249568,0.04762998448146631,0.0,True,True,-2.365022267093263,False,16.273984780518823
PSA,2022-05-24,long,0.21883876273804154,0.471872191733958,0.3598500663217653,0.0,True,False,-2.0173969085346712,False,-2.8927147279455
PSA,2022-06-13,short,0.1582663532611528,0.3037933261204198,0.2688012762834733,0.0,True,True,1.1218787243324626,False,-5.408118018491748
PSA,2022-06-22,long,0.13460167381521454,0.1835723713770489,0.051707299812253575,0.0,True,True,-1.0510460794456533,False,2.795295074419779
PSA,2022-08-23,short,0.419765222617796,0.5665214755069041,0.39584437752348967,0.0,True,True,-1.0050124598284815,False,-0.3518319059347075
PSA,2022-10-11,long,0.07757573551684437,0.17888838084966457,0.02426204966930314,0.0,True,True,-1.197639337059642,False,3.5183265953807163
PSA,2022-11-03,short,0.033125764198548235,0.7058315411774131,0.2488355027186017,0.0,True,True,0.3500768335372718,False,-4.593951256765805
PSA,2022-11-10,long,0.20230484962346018,0.6537985158744289,0.0018437300778198751,0.0,True,True,-0.45161048844428464,False,-1.3870005323117107
PSA,2022-12-06,short,0.12376627285431654,0.23595309151204696,0.12718325700291744,0.0,True,True,0.07523228700909575,True,1.6763745589034151
PSA,2022-12-07,long,0.11496957550656241,0.24701777005757783,0.12285472787967852,0.0,False,True,-0.022437497237627245,False,-3.7919423658761664
PSA,2022-12-16,short,0.01511680221552481,0.8638640470234509,-0.011182933292289133,0.1,True,True,-0.16136478970689955,False,4.290155247514937
PSA,2023-01-11,long,0.9415771121380044,1.059985332131232,0.42202374507082513,0.1,True,True,-0.45487412363831586,False,1.266725802610047
PSA,2023-02-10,short,0.2286103906532499,0.2986578929732412,0.522368558858262,0.1,True,True,-0.8806668388292334,False,1.5637994668659339
PSA,2023-03-06,long,0.30020864123972607,0.3083727267443275,0.2853631600283552,0.1,True,True,0.428352680217985,True,-1.382520846073776
PSA,2023-03-09,short,0.17519060027317537,0.3792498301010207,-0.06509775222093342,0.1,True,True,-0.3222129914046432,False,3.5527900308864435
PSA,2023-03-20,long,0.18045609180494557,0.4430116201154164,0.36992596715868625,0.2,True,True,-0.10042464394104655,True,3.126997921159713
PSA,2023-03-22,short,0.3851727212452103,0.5171881941965789,0.18918022436627685,0.2,True,True,0.37462232974072945,False,-7.8218756958106095
PSA,2023-03-30,long,0.08540170623247813,0.6349470367076911,0.11483347587514371,0.3,True,True,-0.5850544772462715,False,-1.45603946185342
PSA,2023-04-17,short,0.6605892748758933,0.7080417003280236,0.8290242247938842,0.3,True,True,-1.009819720118683,False,0.641818601927191
PSA,2023-05-08,long,0.3387339177446229,0.45379511110897747,0.18898562944834565,0.2,True,True,-0.4371541741980117,False,-4.314906195556434
PSA,2023-05-17,short,0.2869195483781709,0.3813236047321474,0.2416099057502538,0.2,True,True,0.31787197002253914,False,1.2508022717098721
PSA,2023-06-07,long,0.2883528921000536,0.6056472996738752,0.0038289709818950606,0.2,True,True,-0.8062222740332438,False,-1.9133943571778333
PSA,2023-07-20,short,0.4003180190250405,0.9229713206548927,0.4810200199240553,0.2,True,True,-1.1031396011258316,False,0.7092631710688302
PSA,2023-08-29,long,0.37383962249279873,0.43491682797250153,0.31792558285518924,0.2,True,True,-1.374718498000793,False,-1.418846524650752
PSA,2023-09-06,short,0.32802946074777956,0.48187633631450344,0.2334593246797419,0.1,True,True,1.6708832615856002,True,-1.8639579582571342
PSA,2023-09-11,long,0.39606793445810795,0.41762680107874717,0.04629536076522488,0.1,True,True,-1.426745011661271,False,-3.603939947173329
PSA,2023-09-21,short,0.32038175395573987,0.7814773989127419,0.23467984302033273,0.1,True,True,1.2293141662847158,False,1.6226523269910365
PSA,2023-10-09,long,0.8603191386536215,1.1518942429353518,0.3285405375122218,0.1,True,True,-1.44516423255529,False,-8.320087908488672
PSA,2023-10-20,short,1.504838517158716,1.7003918305752344,0.9235698605735392,0.1,True,True,0.9036378369508826,False,-0.824078781758808
PSA,2023-11-03,long,0.07881594889669787,1.0664426434901684,0.6897438216607602,0.1,True,True,-2.4405602103734254,False,1.7531504737744896
PSA,2024-01-05,short,0.37562607288234867,0.39898927506472676,0.2933541694307168,0.1,True,False,-1.9585482559852612,False,1.6610207968405177
PSA,2024-02-20,long,0.06360486547630631,0.12812855380804505,0.15162763204896745,0.1,True,True,-0.3364375086103271,False,-1.6225458829414396
PSA,2024-02-27,short,0.006938636453216316,0.11775834237721317,0.07431548985568952,0.1,True,True,0.27353661105832683,True,-5.007346157892734
PSA,2024-02-29,long,0.08055231641309583,0.12954613246932326,0.11222109497570376,0.1,False,False,-0.24745034129082627,False,-0.11047257445738756
PSA,2024-03-18,short,0.24932164591202086,0.31295366932183233,0.36248504049596963,0.2,True,True,-0.003768058025831384,False,-2.089497057141343
PSA,2024-03-27,long,0.0002515242541396108,0.7183142654173834,-0.15201685708880203,0.1,True,True,-0.08316347033518974,False,-4.484535750709018
PSA,2024-04-11,short,0.7139437660513428,0.8176766927698744,-0.014108115434960005,0.1,True,True,0.03028431983948607,False,5.996083990519385
PSA,2024-05-02,long,0.2037846237682621,0.58115625069241,0.40663916543425127,0.1,True,True,-0.9988074680931853,False,8.748528443952107
PSA,2024-05-24,short,0.013221969906738724,0.6488383189986456,0.5405696179294234,0.1,True,True,-0.6496908891267212,False,-0.5983874629991837
PSA,2024-06-12,long,0.010869826571347148,0.22937770538215158,-0.025955672230534316,0.1,True,True,0.2159849344587946,False,3.920361554498575
PSA,2024-07-01,short,0.07866149308525262,0.40861291586305115,0.302670936824706,0.1,True,True,-1.4425392122359244,False,-7.953961793668762
PSA,2024-07-11,long,0.08293065965110885,0.4233993754504325,-0.03792604160588574,0.1,True,True,1.3160541802040182,False,-0.5764690461528277
PSA,2024-07-24,short,0.31181452339172144,0.661712287397167,0.3130106527213943,0.1,True,True,-1.6239529909805976,False,-4.939915810941642
PSA,2024-08-06,long,0.29362964543161507,0.6440158247880388,0.28928764075058694,0.0,True,True,1.368075117427857,False,4.129323045552136
PSA,2024-09-20,short,0.11572252459897815,0.18705178381312515,0.41527063852171164,0.0,True,True,-2.6796749490314307,False,4.511770266728476
PSA,2024-11-08,long,0.22450302539739392,0.4738277854409607,0.20937255171893263,0.0,True,True,-0.7235544435457932,False,-0.5421210605838778
PSA,2024-12-05,short,0.23062056042704657,0.3774736731744973,0.44207235068279666,0.0,True,True,-0.03968610738343942,False,12.206890663133862
PSA,2025-01-06,long,0.013043452802474296,0.09559573572441282,0.33584493097058193,0.0,True,False,-1.2957960395373276,False,-1.717191917554417
PSA,2025-03-13,short,0.8764154779431578,0.9265804419878821,0.3319174437497134,0.0,True,True,-0.30847786697544166,False,0.33118644079058734
PSA,2025-04-01,long,0.03845043726625241,0.3394718029628613,0.33504183497393136,0.0,True,True,-0.3759367185422338,True,-3.3293055464513777
PSA,2025-04-04,short,0.5592949934770061,0.6575427501351276,0.07295017339808345,0.0,True,True,0.5670311693570596,False,-1.0649064098887218
PSA,2025-04-16,long,0.43181763566265113,0.4426593554771271,0.63373302287793,0.1,True,True,-0.9577206719784945,False,3.795460793940242
PSA,2025-05-21,short,0.0262832294684265,0.8308958141220244,-0.08816299968223136,0.1,True,True,-0.7808655826213422,False,-1.5547978371442728
PSA,2025-05-30,long,0.06630710911528773,0.3667948828644364,0.1945126887847319,0.1,True,True,0.6606957034126252,True,-3.398800643532507
PSA,2025-06-04,short,0.0764711890333106,0.1936175033292375,0.06796341780175091,0.1,True,True,-0.6891311668779307,False,3.146859840043359
PSA,2025-07-02,long,0.28823985647480044,0.3368641368658855,0.36656465422789547,0.2,True,True,-0.424841681722751,True,-4.564110362379525
PSA,2025-07-08,short,0.03024506957462383,0.2559747407733714,-0.05724536508591894,0.2,True,True,0.4895966406898183,False,-0.07564347467103882
PSA,2025-07-23,long,0.26993299436152646,0.45953974296887556,0.38885916102031254,0.3,True,True,-0.9502124503073411,False,-2.831282315777617
PSA,2025-07-31,short,0.9589866644030335,1.9883606532167313,-0.1822325964665528,0.3,True,True,1.1309262070679167,False,-3.291186202640861
PSA,2025-08-13,long,0.3244387294138306,0.4399373289421249,0.03181833552671627,0.3,True,True,-1.0880236084679045,False,2.8286223833284163
PSA,2025-09-15,short,0.2324736961067515,0.4839499058682889,0.22378760887258883,0.2,True,True,-0.7511583941438905,False,-0.6874700629234454
PSA,2025-09-30,long,0.42150658835276616,0.5286189329903432,0.5465904034266524,0.2,True,True,-0.037337981531357874,False,4.604469678682288
PSA,2025-10-27,short,0.1395694687699599,0.6626283865334341,0.455116492090601,0.2,True,True,-2.054998506028797,False,9.176272228093795
PSA,2025-11-26,long,0.2962473907706764,0.33042011275351146,0.26879404763169956,0.2,True,True,-1.6689391270157463,False,-0.1823549400873481
PSA,2025-12-19,short,0.2081924110305562,0.3071540363300682,0.20824762522623833,0.1,True,True,0.948333001430994,False,-4.310257044882948
PSA,2026-01-05,long,0.02740179056438736,0.16165537437271424,0.05055041315654013,0.1,False,False,-1.0185355293326597,False,9.306247140803947
PSA,2026-01-27,short,0.061487614717599906,0.5974135311452127,0.6426736645181024,0.0,True,True,-1.1394055887856414,False,-5.268252198302803
PSA,2026-02-06,long,0.07570943601981885,0.3307274992674201,0.4036327789506973,0.0,True,True,0.7515360045820683,False,6.362384884505823
PSA,2026-03-06,short,0.047576626628935775,0.16903592888734667,0.17153172284622414,0.0,True,True,-1.479349807070218,False,12.86619507239688
PSA,2026-04-06,long,0.4077069441563288,0.48461550048274965,0.6315505265768098,0.0,True,True,-0.9817887294666034,False,11.136028072625814
PSA,2026-04-29,short,0.27757596355828096,0.4484975017094744,0.3487583071974519,0.0,True,True,-1.0413555004904878,False,-3.2677125863764145
PSA,2026-05-08,long,0.07858236142078127,0.17422975359285175,0.17013922218520133,0.0,True,True,0.9804934803021893,True,-1.861503134368625
PSA,2026-05-13,short,0.04999544922416287,0.2597767468330354,-0.037800324210674564,0.0,True,True,-0.9676294709716459,False,-1.8274553761253864
PSA,2026-05-28,long,0.03341378218497807,0.16306871586727234,0.12696403101856704,0.1,True,True,0.5141041452861103,True,4.999191005917725
PSA,2026-05-29,short,0.061716500748070065,0.09633890286895425,0.10862038033965969,0.1,False,False,-0.46636092865764456,False,-7.326549030553342
PSA,2026-06-05,long,0.046601148215816963,0.3029647683603474,0.0800823892981374,0.2,True,True,0.34404363379553277,False,4.364089662801374
PSA,2026-06-30,short,0.1697427926193201,0.43557357613073266,-0.02113141360728745,0.2,True,True,-1.2917367906921198,True,1.1403992889115533
PSA,2026-07-02,long,0.22478851776636352,0.4330729959558113,0.02379454066573384,0.2,True,True,1.3830402316821164,True,-3.5189855540783244
PSA,2026-07-08,short,0.4334770366452872,0.6417976017566437,0.012497593470603764,0.3,True,True,-1.234361750605998,False,2.8275672888871117
PSA,2026-07-28,long,0.43700964599856096,0.876678568832276,0.5689480400320445,0.4,True,True,0.45187167677783385,False,-1.6249573415695329
PSA,2026-08-12,short,0.18406871954021295,0.3164017027047916,0.157422359127194,0.4,True,True,-0.5899941850515782,True,1.9191479075521434
PSA,2026-08-13,long,0.020004090731707856,0.20827347745146527,0.15593569239160038,0.4,True,True,0.6450674914191354,True,-5.329763681749522
PSA,2026-08-14,short,0.11081916833549388,0.13119126150215074,0.12768219164537647,0.4,False,True,-0.6219909433161452,False,3.810630547286553
SPY,2018-06-19,short,0.19240053366912505,0.4191273307577067,0.22832564042742703,,True,True,-1.2036111711095463,False,1.6697047225416872
SPY,2018-07-09,long,0.30610744998182254,0.8582104637229402,0.4549243091897283,,True,True,0.29365113911567114,False,0.8276360370977454
SPY,2018-07-31,short,0.0695516673100052,0.190175213135638,0.3277477737053313,,True,True,-1.2799232464016637,False,-0.9135201572831875
SPY,2018-08-06,long,0.21138503075582343,0.25982748486116536,0.008763279281060387,,True,True,1.303978316777761,False,0.3619164100922223
SPY,2018-08-10,short,0.0073972902693043695,0.45258368331729376,-0.07784167423820249,,True,True,-1.310705602713155,False,-1.5362721327315088
SPY,2018-08-24,long,0.17547261556820862,0.2340187461421897,0.09965794769654347,0.0,True,True,1.3756628624660578,False,0.20520154796528356
SPY,2018-09-06,short,0.28163302761658227,0.5212180604890526,0.325315212996715,0.0,True,True,-2.2080798326934254,False,-1.880918547050614
SPY,2018-09-20,long,0.26128133565208694,0.6574424757205508,0.03947159174561314,0.0,True,True,2.2384297635245174,False,-0.9638703680098559
SPY,2018-09-26,short,0.42352746352963117,0.54426500093667,0.06448524657901093,0.0,True,True,-2.448781951031671,False,3.9947790252519155
SPY,2018-11-02,long,0.29570032859177675,0.4987942050394631,0.7694624487919054,0.0,True,True,-1.9366784039297156,False,0.6767184022011596
SPY,2018-11-20,short,0.4390267089863694,0.6755100455217756,0.15030114045272058,0.0,True,True,1.0290875634308738,False,-2.1656909609478747
SPY,2018-11-28,long,0.3801888788646054,0.7675698249286531,0.10679062358052568,0.0,True,True,-0.9226209821512735,False,-3.35425254728402
SPY,2018-12-10,short,0.36921537582776587,0.402863589616264,0.5125735498563602,0.0,True,True,0.7400909775474381,False,10.740173425614408
SPY,2019-01-02,long,0.08930059406499513,0.49144220581182707,0.6494359658200813,0.0,True,True,-2.0536161428870647,False,4.316919431137101
SPY,2019-02-28,short,0.050219671467771704,0.13129309416431764,0.07564998144365405,0.0,True,True,-1.2342356701940795,False,-0.8899019257319507
SPY,2019-03-19,long,0.07847137930525792,0.07953721421694956,0.16292311935340492,0.0,True,True,0.8224873766448433,True,1.2641571049132994
SPY,2019-03-22,short,0.13191187356647308,0.35518253498932245,-0.0740326797822891,0.0,True,True,-0.7809029473761637,False,-3.337507361449288
SPY,2019-04-02,long,0.2027427144180901,0.28873888410674986,0.2288235168787634,0.1,True,True,0.7502448608475225,False,1.4652321251634515
SPY,2019-04-18,short,0.07207823120144263,0.18813245209531476,0.18086628311329486,0.1,True,True,-0.8992274569930271,True,-1.3826421824734147
SPY,2019-04-23,long,0.1334353541991453,0.3751916876373281,0.08082743695675017,0.1,True,True,0.9231531113398959,True,-1.6901074423784745
SPY,2019-04-25,short,0.013623896562578078,0.14902544559149092,-0.01785014816639215,0.2,False,True,-0.9184340616401114,True,1.8455847686093874
SPY,2019-04-26,long,0.10366730559483993,0.1176967380261937,0.08244806230704513,0.2,True,True,0.9314182656300538,True,-1.8097365245404395
SPY,2019-05-01,short,0.5382113169522178,0.696824678028776,-0.04778443939487521,0.4,True,True,-0.8774677122993589,False,2.3131666992205924
SPY,2019-06-06,long,0.26289192275579776,0.8948469884278375,0.5320506634695642,0.5,True,True,-0.97810032434151,False,3.8834131417492923
SPY,2019-07-17,short,0.03664281132629444,0.3092244496056571,0.05360639454821961,0.5,True,True,-1.774365273504894,False,0.10415280874018773
SPY,2019-08-21,long,0.05312450721266088,0.3966005407982956,0.4300754708971677,0.5,True,True,-0.7408548257270087,True,1.8361905450455351
SPY,2019-08-23,short,0.1751307037320165,0.5030711743851035,0.10154610709442567,0.5,True,True,0.7979669290730308,False,-4.686683869675368
SPY,2019-08-29,long,0.425825515761915,0.521844581200206,0.033896783432240125,0.5,True,True,-0.6075885701585451,False,2.908636805874276
SPY,2019-09-24,short,0.08609870728709956,0.43139328986971254,0.27045274478361286,0.5,True,True,-1.0162224424028914,False,2.480830685676827
SPY,2019-10-15,long,0.4093751231881096,0.45355292567465433,0.3860537000819609,0.4,True,True,0.08764407712975304,False,1.44874432190516
SPY,2019-11-21,short,0.08911912475771272,0.27919236297388206,0.10720328025837467,0.3,True,True,-1.772504176364213,True,-1.4825909218292077
SPY,2019-11-26,long,0.029946485811881918,0.13540520959843727,0.035808729497261264,0.3,True,True,1.7871754042149646,True,0.10826741213179059
SPY,2019-12-02,short,0.3401205254611027,0.4892056307586579,-0.012264258089983217,0.3,True,True,-1.6944793168877426,False,-2.5221144167068
SPY,2019-12-13,long,0.08259154870761304,0.26010531955673244,0.1801583293528753,0.3,True,True,1.452068649267223,False,1.6824061413712732
SPY,2020-01-07,short,0.30753355065917226,0.3552065726802622,0.11456979892247936,0.3,True,True,-1.952307743166055,True,-2.6678622190371426
SPY,2020-01-09,long,0.050343994538097785,0.3620697231766157,-0.034226967118259836,0.3,True,True,2.102138137541026,True,0.649015646758766
SPY,2020-01-10,short,0.009395053652084817,0.061956318489659094,0.0002635974886070865,0.3,False,False,-2.1317608156144026,True,0.6785255179982297
SPY,2020-01-13,long,0.32211653928159684,0.33189078142651035,0.11609498120427818,0.4,True,True,2.248979550762866,False,-0.3232367559818372
SPY,2020-01-24,short,0.37545496007357276,1.1917589839197578,0.22477489386821806,0.5,True,True,-2.784554849079793,False,-1.0433055834479177
SPY,2020-02-07,long,0.27028702499631296,0.3041687645387551,1.2200691817887266,0.5,True,True,1.8549574395252557,False,-2.9439994406834535
SPY,2020-02-21,short,0.15387858739440607,1.0506518843433408,0.2818370093250422,0.5,True,True,-2.445623057009171,False,10.801252544930119
SPY,2020-03-26,long,0.31026283982590325,1.0787686790404059,0.564802424086201,0.4,True,True,-2.4920901525095576,False,6.508390122090391
SPY,2020-05-13,short,0.12790496925149686,0.18829762400641792,0.008835413968642987,0.3,True,True,-0.44314895272892835,False,-7.588772821203094
SPY,2020-05-19,long,0.0005045230044862958,0.03665484352218151,0.03362891586918185,0.3,True,True,0.4528771279180541,False,6.921963643328577
SPY,2020-06-11,short,0.034145792640891535,0.7374675875266138,0.021101787065313855,0.3,True,True,-0.8851717380676876,False,-2.6920454830515306
SPY,2020-07-08,long,0.1820836649421787,0.20900221138528816,0.3677595605388367,0.2,True,True,0.3809739486320872,False,3.3778457222559233
SPY,2020-07-27,short,0.03210894280589952,0.16571037359705362,0.24503358866978608,0.1,True,True,-0.5047974665102182,False,-3.820929191369915
SPY,2020-08-03,long,0.004079137457392926,0.22177953126114267,0.044085617209528846,0.0,True,True,0.49127944950540897,False,2.77384679521131
SPY,2020-08-20,short,0.12788154624228149,0.1672283173124691,0.17054429320781223,0.0,True,True,-1.180269521325512,True,-2.1018133865785327
SPY,2020-08-24,long,0.09274808117904387,0.27614383809582815,0.059464496040662375,0.0,True,True,1.4330273387728287,False,-2.8315817710420688
SPY,2020-09-04,short,0.9926859364235959,1.522043164241203,0.2631816714961221,0.1,True,True,-3.7130915202826382,False,4.17173763828843
SPY,2020-10-01,long,0.23726638743153547,0.5535779289945904,0.6534100804348519,0.1,True,True,-0.3897326064553896,False,3.1034507471103145
SPY,2020-10-22,short,0.07292490101821197,0.09567704918836799,0.4118657228014606,0.1,True,True,-1.0033157774362613,False,-1.6337277780962278
SPY,2020-11-05,long,0.2780464465097046,0.8432248421501574,0.448321644128161,0.1,True,True,0.022813191988898016,False,2.152811079481576
SPY,2020-12-10,short,0.1729313298062165,0.2494657758982406,0.13964685538700933,0.1,True,True,-2.0504749176359067,False,-1.0478904012492185
SPY,2021-01-07,long,0.10032942716192743,0.4671588806515656,-0.06806353317263146,0.1,True,True,1.498677688100961,False,0.9971060562842471
SPY,2021-01-15,short,0.18541061431396416,0.4693960889126198,0.11693177839610845,0.1,True,True,-1.6007462768381795,True,-0.14106055790701344
SPY,2021-01-20,long,0.14505491562285022,0.4054811485537968,0.08850868496268514,0.1,True,True,1.695495628236686,False,-0.5314173767766217
SPY,2021-01-27,short,1.0306805275071387,1.299449941973139,0.0655625383511851,0.2,True,True,-1.5342592552849197,False,-4.185228611113656
SPY,2021-02-05,long,0.3704490023615345,0.8489557802550413,0.8810107718992423,0.1,True,True,1.3135059382486736,False,-0.17538252434411428
SPY,2021-02-22,short,0.6924628248437897,0.8762272467643378,0.45163167043837893,0.1,True,True,-1.893695349216904,False,1.3720011683198696
SPY,2021-03-11,long,0.2550346084223431,0.961750463526671,0.5900319033814261,0.1,True,True,0.650794278238267,False,-0.6489164283683957
SPY,2021-03-24,short,0.4367436545844761,0.5015683357403056,0.34961667878098035,0.1,True,True,-1.0509246913852273,True,-5.419106072579427
SPY,2021-03-26,long,0.0253401473819841,0.5723992150357788,-0.017482171443714868,0.1,True,True,1.2375566276846446,False,3.954746923730945
SPY,2021-04-22,short,0.04304333832825075,0.5057297435133695,0.3580063727162073,0.2,True,True,-3.8439075884712697,False,-1.6494176077809009
SPY,2021-05-27,long,0.07248654836698548,0.1556450234933679,0.37330292362854595,0.2,True,True,1.1276241196390813,False,1.1972580573154534
SPY,2021-06-17,short,0.21875613445263006,0.27649389382740847,0.12213637909416959,0.2,True,True,-1.3642771541394478,False,-2.3385976834659594
SPY,2021-06-25,long,0.36565556781738995,0.4222000656748007,0.3394153419640169,0.1,True,True,1.308377185907992,False,2.4542420635027096
SPY,2021-07-16,short,0.22503375183544547,0.7577060585970984,0.27686289790237517,0.1,True,True,-2.2282200808727644,False,-1.6622668646912642
SPY,2021-07-26,long,0.5146850099082685,0.6183888972019045,0.5672794665784012,0.1,True,True,2.1023152893182355,False,0.25169944627903007
SPY,2021-08-02,short,0.27727587089658734,0.5334696942500213,0.14839473579751983,0.1,True,True,-2.185651498165254,False,-2.1435581014879412
SPY,2021-08-06,long,0.007775978628959575,0.19933073828149148,0.036180434430894595,0.1,True,True,2.2629600951046878,True,0.19663238650289294
SPY,2021-08-09,short,0.03139891716185674,0.039194246526033115,0.01889913169542767,0.1,False,True,-2.2539189132402533,True,-1.1602988171279138
SPY,2021-08-11,long,0.06587798826957132,0.11106116386632182,0.05002212619960589,0.1,True,True,2.282639525328272,False,1.1559626044032267
SPY,2021-08-18,short,1.3211497895716888,1.4185412196892346,0.06571173863379351,0.2,True,True,-2.043126774348563,False,-2.8735636039027845
SPY,2021-08-25,long,0.19953689328470747,0.5165760180295593,0.5730482422900245,0.2,True,True,2.1003139190698286,True,0.015604205026997775
SPY,2021-08-26,short,0.0696965782019088,0.2693840463559278,0.5457025306263006,0.2,False,False,-2.0373315632887548,True,0.18376332592182631
SPY,2021-08-27,long,0.43423483517721145,0.5038931673279876,0.2982036610277415,0.2,True,True,2.182125324210646,False,-0.8151176661147286
SPY,2021-09-08,short,0.04884701177560344,0.57032717963232,0.1904590731711459,0.4,True,True,-2.7597364135074147,False,2.5830477690048648
SPY,2021-10-08,long,0.048273293803138974,0.5547658427239864,0.6831547063914835,0.4,True,True,-1.1548668316413915,False,3.485121797475643
SPY,2021-11-15,short,0.006358570819969754,0.09931133961746978,0.3076927750523743,0.4,True,True,-2.393095478004082,False,2.5394133614560443
SPY,2021-12-10,long,0.26926080784565715,0.3846691829340282,0.5709886288743958,0.4,True,True,0.7178597712308605,False,1.7412482890000636
SPY,2021-12-17,short,0.2073154380839244,0.3987880538994235,0.024897736035722134,0.3,True,True,-0.5792421705435914,False,-3.879342527027041
SPY,2021-12-23,long,0.2511828652932827,0.42050744072106777,0.010501355990206594,0.2,True,True,0.6389509762191452,False,-0.9583782685419928
SPY,2022-01-06,short,0.3442301403920985,0.5863943977744001,0.33557042078510596,0.2,True,True,-1.1916048044021752,False,6.402532107506175
SPY,2022-02-02,long,0.5202079647181346,0.8050219327243152,0.8689063798752873,0.2,True,True,-1.383169299462542,False,-2.3504946608168598
SPY,2022-02-17,short,0.08151245598078756,0.4330182687120244,0.08408345507656254,0.1,True,True,0.9664551865007118,False,1.118845451716477
SPY,2022-03-02,long,0.10763673786372588,0.4336946444048288,0.3336140143484995,0.0,True,True,-1.2381238961186904,True,-0.5183997918559946
SPY,2022-03-07,short,0.35394893881967343,0.6299103849539968,0.017349987270897833,0.0,True,True,1.3323374954778906,False,-6.280081749800459
SPY,2022-03-16,long,0.6804036055542768,0.8373746104681886,0.06782677508860172,0.1,True,True,-1.121093612845843,False,5.625334103809143
SPY,2022-04-07,short,0.03191369617006953,0.2944713729479349,0.4084059659312264,0.1,True,True,-0.9581978931682523,False,5.064955485685651
SPY,2022-05-24,long,0.013920616991856915,0.15178071900417298,0.0757177047942697,0.1,True,True,-2.1025021246273425,False,4.3996848580445835
SPY,2022-06-13,short,0.834013412743545,0.9699359042586907,0.5036209820259879,0.1,True,True,1.1190328710658133,False,-1.9451559360063042
SPY,2022-06-27,long,0.40700141750826635,0.428408969054433,0.4698747192871311,0.1,True,True,-1.5720094119434604,False,-1.9969670087661706
SPY,2022-08-22,short,0.3548050912110563,0.6184243450919157,0.2571873802469253,0.1,True,True,-1.2143527932428233,False,5.465099410233165
SPY,2022-10-05,long,0.2827627873503235,0.4257400651224908,0.3189582740019871,0.1,True,True,-1.3511799881215958,False,-2.2779794495910832
SPY,2022-10-11,short,0.08167339771836717,0.16535794807836326,0.07490241986186802,0.1,True,True,1.4387190239416745,True,-7.597718581984414
SPY,2022-10-13,long,0.1263252953432214,0.31592018513368547,0.03630960961903577,0.1,False,False,-1.3918153172438308,False,3.828166800339905
SPY,2022-12-06,short,0.4087900932192043,0.5374974099130027,0.0927985647315525,0.1,True,True,-0.8788081525628239,False,2.930845531417292
SPY,2023-01-09,long,0.2594275632772536,0.26736080347904745,0.22559895290019313,0.1,True,True,-0.3128218755927853,False,3.181568231684473
SPY,2023-02-10,short,0.052231099053085824,0.2856619975445431,0.26044442696354725,0.1,True,True,-1.004758955258532,False,2.526703821969445
SPY,2023-03-21,long,0.3011085042892173,0.5053391093407912,0.3241271615484754,0.1,True,True,-0.6505589151054247,False,2.44668872595315
SPY,2023-04-25,short,0.46278252287374905,0.49241326656445916,0.20606950778548389,0.1,True,True,-1.0718899529377641,False,-1.194366167113281
SPY,2023-05-18,long,0.2883727394662647,0.4623173025417718,0.08026262132367325,0.1,True,True,0.7416460048126459,False,2.0728381699405274
SPY,2023-05-24,short,0.2308362078700611,0.5260412493263739,0.009889700421188707,0.1,True,True,-0.7065837898264442,True,-4.388315565031986
SPY,2023-05-26,long,0.13625743490035971,0.42822992107383506,0.1391190460859757,0.1,True,True,0.82547011992956,False,3.2808081065633266
SPY,2023-06-26,short,0.7259493493470366,0.7351595434824713,0.6387430567818606,0.2,True,True,-2.0052204411248713,False,-2.5542464367251716
SPY,2023-07-03,long,0.2168379415645993,0.3523038895099673,0.22641954577765133,0.1,True,True,2.1143033042817247,True,2.3434604793009406
SPY,2023-07-06,short,0.19237749254439912,0.4570220558848515,0.15667395581624352,0.1,True,True,-2.0339828072828072,False,-2.84765935071567
SPY,2023-07-13,long,0.2573563430236196,0.6232338860558129,0.11321874164811577,0.2,True,True,1.9967423589730333,False,0.6517554336262998
SPY,2023-07-27,short,0.333169621768391,0.5882884155097183,0.12634546294770305,0.2,True,True,-2.1089568399142107,False,1.4541748285787914
SPY,2023-08-29,long,0.19452432602351755,0.8881858888754317,0.29135888939316357,0.2,True,True,-0.474497596581801,False,-0.5899924414509372
SPY,2023-09-18,short,0.050390548818173064,0.18158343801222862,0.056139356987373795,0.2,True,True,-0.1693168564633206,False,3.6787419704930047
SPY,2023-10-09,long,0.06899077693301128,0.5392339062631225,0.3142729951991144,0.2,True,True,-1.1885294711296928,False,-2.7365957339654745
SPY,2023-10-20,short,0.1563079285424927,0.6136640375315299,0.2468473527905329,0.2,True,True,0.6483657288837299,False,-3.2051994823838026
SPY,2023-11-02,long,0.6490204683364307,1.0698953740046282,0.48121094653764207,0.1,True,True,-0.8786184717635673,False,4.5199054939536465
SPY,2023-12-06,short,0.16388667323395623,0.2407238550725,0.136523955758003,0.1,True,True,-1.5513986907579667,False,-3.386078041292584
SPY,2023-12-12,long,0.03230261961809004,0.11584874834851346,0.032230836222606814,0.1,True,True,1.5910731302380965,False,3.090260850236626
SPY,2023-12-29,short,0.0300299613256041,0.19949365761717375,0.047354410783081405,0.0,True,False,-1.7773923390710766,False,0.079965934246784
SPY,2024-01-22,long,0.0043915241437699586,0.29633460825770586,0.11290758922519713,0.0,True,True,1.0726715720691615,False,1.882305390587824
SPY,2024-02-16,short,0.17270359209367395,0.32893421191303057,0.3784143156604456,0.0,True,True,-1.4015725840384408,False,-2.560501332584275
SPY,2024-02-23,long,0.2437539765989993,0.5298825218049927,-0.038968935447199336,0.0,True,True,1.4523689162905338,False,0.7620313488276853
SPY,2024-02-29,short,0.006250450204992551,0.023172830047460118,0.08161507585202514,0.0,True,True,-1.5487466000150802,True,-1.3521449177390732
SPY,2024-03-01,long,0.48606951173632057,0.4924881556206976,0.08439335096290482,0.0,True,True,1.6564600099219882,True,-0.27999908803492124
SPY,2024-03-05,short,0.19794607849846133,0.8054471231661547,-0.19640608765730905,0.0,True,True,-1.6457420958359252,False,-1.9977823408011686
SPY,2024-03-21,long,0.6269659642780538,0.8195214569719522,0.4226493901849125,0.2,True,True,2.0575219157461135,True,-0.7219429888134066
SPY,2024-03-26,short,0.21424655406844473,0.6573955008914251,-0.07610759846569318,0.2,True,True,-2.5555855952162627,True,0.9040073072970167
SPY,2024-03-27,long,0.11577838675668206,0.33955678037040904,0.1689404460196052,0.3,False,True,2.9121031144057574,True,-0.9882006971471791
SPY,2024-04-01,short,0.29689693630415964,0.42945013888338496,0.12849282712402074,0.3,True,True,-3.564337062350985,False,3.391650820253811
SPY,2024-05-03,long,0.5315733871733562,0.7755976126611457,-0.05101785858183559,0.5,True,True,-0.5185267572984505,False,3.5518017404904567
SPY,2024-05-30,short,0.35369337929170414,0.44791656263473656,0.23694688859538116,0.5,True,True,-1.4193983287729997,False,-3.796328838336782
SPY,2024-06-06,long,0.08421538782294417,0.17253581757196823,0.10213169345900325,0.5,True,True,1.4747182553465408,False,2.1708872192398365
SPY,2024-06-28,short,0.20383970139190571,0.24094322008115543,0.12367485073623705,0.5,True,True,-1.9698764419921104,False,-3.180721305241585
SPY,2024-07-05,long,0.2619514137019229,0.31487808537636647,0.06630263760133581,0.4,True,True,2.09541980797243,False,-1.018680572353814
SPY,2024-07-18,short,0.6589505261107715,0.8142882542188679,0.152051163622327,0.3,True,True,-2.0779767968949603,False,1.7460928924682761
SPY,2024-08-14,long,0.3834033149378651,0.7771342171360972,0.8138892987020849,0.3,True,True,-0.8165296813789219,False,2.675868754822197
SPY,2024-09-04,short,0.1290564487860951,0.43915996599660584,0.2977455729707297,0.2,True,True,-0.9958021488206081,False,-1.8967234485831375
SPY,2024-09-13,long,0.06323142329591115,0.3591149740502759,0.2570038107791917,0.1,True,True,0.60360954066691,False,1.9951305876707126
SPY,2024-10-03,short,0.09938250612409753,0.20390467609062451,0.1806925103807353,0.0,True,True,-1.6277796785224423,False,-2.55890206804692
SPY,2024-10-10,long,0.026294391736044365,0.049128615246931136,0.01580510909568483,0.0,True,True,1.6226414817919241,False,0.5397991891523457
SPY,2024-10-23,short,0.31369258810692646,0.4531168508275606,0.0803949620500581,0.0,True,True,-1.704740834919839,False,-2.2578323085584273
SPY,2024-11-07,long,0.6517794414593822,1.2743919844005647,0.5746180045638816,0.0,True,True,1.089593070189218,False,-0.3257270252575051
SPY,2024-11-18,short,0.10979641087956049,0.538225522057341,0.552844750630873,0.0,True,True,-1.5342272796221896,False,-2.679573215012221
SPY,2024-11-25,long,0.024392568369901224,0.23988488080286635,0.046758673869482806,0.0,True,True,1.4950773236886854,False,0.8819636367132455
SPY,2024-12-10,short,0.06687773640021327,0.6044780733348392,0.2113591685111881,0.0,True,True,-1.9015324758342778,False,-0.0868907830094301
SPY,2025-01-17,long,0.49145319706713125,0.7476519116705985,0.46667237701542746,0.0,True,True,-0.43230084439225447,False,0.03178467072819657
SPY,2025-02-12,short,0.031852016950973026,0.13348633675257696,0.08121219497814763,0.0,True,True,-0.9930854820911935,True,3.0346717365038023
SPY,2025-02-13,long,0.2628883659736185,0.2948645718439529,0.0018803967593850688,0.0,True,True,1.138907337512884,False,-2.5503039497855595
SPY,2025-02-21,short,0.2427326639858026,0.812751990603478,-0.05169527574921183,0.1,True,True,-1.155867200747676,False,4.003731107559483
SPY,2025-03-21,long,0.15393579428086196,0.30747132154653134,0.4288514317694559,0.1,True,True,-1.921680246017326,False,-10.408163242853607
SPY,2025-04-03,short,0.46814292078646624,1.058059123688373,0.0210120180697929,0.1,True,True,1.4829874345519904,False,1.917266660300443
SPY,2025-04-15,long,0.3772561665128175,0.48180465782725995,0.6079350264021163,0.1,True,True,-1.920979931419176,True,3.1491330120214878
SPY,2025-04-21,short,0.07968084534991071,0.3911460591048808,-0.06915242395050819,0.1,True,True,1.9597132766130263,True,-9.657888930042224
SPY,2025-04-22,long,0.2218532103406626,0.3012146140722925,0.09814654041979336,0.2,False,False,-1.8455923721292344,False,5.983880928911889
SPY,2025-05-28,short,0.01160104952083846,0.12244563205560464,0.2650142661186043,0.3,True,True,-1.3550242712707476,False,-2.319101264990242
SPY,2025-06-26,long,0.04399391823247232,0.23676783847237515,0.18515428801059614,0.3,True,True,0.9070167063193278,False,1.920335935943096
SPY,2025-07-15,short,0.21403846460438516,0.24776805232102253,0.11858865405719624,0.3,True,True,-1.01760144605135,False,-2.108862518674548
SPY,2025-07-25,long,0.00847388137931977,0.18571323424205866,0.11406978404401631,0.2,True,True,0.9487610319174379,True,0.012555492265597934
SPY,2025-07-29,short,0.1986660792043248,0.23490277429690645,0.1112248148472647,0.2,True,True,-0.9255649048333414,False,-1.1695819298963794
SPY,2025-08-13,long,0.25903761528290176,0.7004072309674926,0.601483576928849,0.3,True,True,0.7190049603364442,False,0.26980479946523417
SPY,2025-08-19,short,0.18080225690082477,0.568528459233127,-0.04289243901702814,0.3,True,True,-0.7346961915466403,False,-0.6142376665137617
SPY,2025-09-10,long,0.09698854069088071,0.29645101539735813,0.16140623291399628,0.3,True,True,0.9164336043527417,False,1.644065344877066
SPY,2025-09-25,short,0.09345396769857149,0.9146533576373023,0.2554273128908079,0.2,True,True,-2.968954555717546,False,-1.9922438795040298
SPY,2025-10-01,long,0.08880801585779552,0.2904640955759999,-0.03450114510899104,0.1,True,True,3.1984726734231965,False,-0.4907064528249294
SPY,2025-10-09,short,0.05296363033371483,0.25876389509504855,0.00869499019553658,0.1,True,True,-3.3696450930901154,False,-0.08939309762112657
SPY,2025-10-24,long,0.4521895382845645,0.9077820929267886,0.3948831202265188,0.1,True,True,2.1171849332096655,False,-0.9272948714795448
SPY,2025-11-05,short,0.4801972104312129,0.5882558541907885,0.6443830958013973,0.1,True,True,-2.9621523465183937,False,2.2063685999945903
SPY,2025-11-28,long,0.8336078086598006,0.9338642017525397,1.0488042806624993,0.1,True,True,0.2521598497529096,False,-0.23850891664050078
SPY,2025-12-16,short,0.17828561755749286,0.39946739770643563,0.2845776341174514,0.0,True,True,-1.3198249365675971,False,-0.746090768454688
SPY,2025-12-23,long,0.19332768014430116,0.4412303035705441,0.20220667111309976,0.0,True,True,1.2151723040751659,False,0.22530035949883676
SPY,2026-01-02,short,0.15725077061624812,0.2508629355167367,0.24298398199565222,0.0,True,True,-1.3672929918796863,True,-1.2427350976818685
SPY,2026-01-06,long,0.22573749049711886,0.2858109320242364,0.16905840202184316,0.0,True,True,1.581261708759418,False,-0.9265592764358788
SPY,2026-01-16,short,0.05942240660577641,0.1596306588991794,0.1703935420031098,0.1,True,True,-1.7438964204072784,False,-0.5421754304457904
SPY,2026-01-28,long,0.12463765157398057,0.2416838446803048,0.321077900516551,0.1,True,True,1.2528208781808532,True,-0.4975296443124777
SPY,2026-01-30,short,0.00840092808709235,0.16924695343812782,0.13874628859343335,0.1,True,True,-1.2080276651680923,True,1.4769359104611302
SPY,2026-02-02,long,0.1166156681916101,0.12551432914699964,0.04121684195568425,0.1,False,True,1.2670735722983202,True,-1.8061271289249836
SPY,2026-02-03,short,0.3128528103736219,0.436802471913588,0.008691069817706416,0.2,True,True,-1.0786251951698993,False,0.4698785980432718
SPY,2026-02-25,long,0.23247276441973166,1.0144483089743104,0.3090393628385945,0.4,True,True,-0.06541512137939443,True,-2.426602168601033
SPY,2026-03-02,short,0.025461392731041577,0.14597858016334206,0.22915939265063334,0.4,True,True,0.10123738735880068,False,2.5277512782861833
SPY,2026-04-02,long,0.3815509505313468,0.9110690465469563,0.6589757367050423,0.5,True,True,-2.122034427352725,False,8.281107750743821
SPY,2026-05-18,short,0.016943342814566942,0.25354406545744695,0.08705978471878643,0.5,True,True,-2.0855418291967642,False,-2.8321962779971566
SPY,2026-07-06,long,0.21899780144737482,0.3602086468054533,0.34754772055380434,0.4,True,True,0.32443339635119045,False,-1.2232456748317966
SPY,2026-07-17,short,0.16058534583270942,0.5405857261315989,0.05260607158710974,0.4,True,True,-0.4092963241269,False,-0.5031817441323305
SPY,2026-08-03,long,0.27078467004773765,0.9050872577018086,0.17130809582848297,0.4,True,True,0.08433209385207974,False,1.979751780598371
SPY,2026-08-20,short,0.37378245332888044,0.5181533895721884,0.41695393117091306,0.3,True,True,-1.0051662676455337,False,-1.386048481288027
STE,2018-07-09,long,0.4795749254777022,0.5054956724106128,0.4738658678292638,,True,True,1.2980357947634302,False,3.2198567032984293
STE,2018-08-08,short,0.30344765975519994,1.0636615733273393,0.14462206043266346,,True,True,-2.886511746832362,False,-1.8079435317702508
STE,2018-10-18,long,0.09468131946469086,0.3101924045720928,0.9041760108187368,,True,True,-1.311836978390147,True,2.881078567474593
STE,2018-10-19,short,0.10326584751922814,0.19865552400573466,0.7825569228011564,,False,False,1.3481511947785507,False,-4.865013994895251
STE,2018-10-25,long,0.12235162766878402,0.5298199061950226,-0.09950045810479545,,True,True,-1.2841861021076444,False,11.966596178637756
STE,2018-11-20,short,0.37084581599980226,0.9280155874506483,0.4806798394745755,0.2,True,True,-1.3639631937772403,False,-5.141282522216395
STE,2018-11-29,long,0.10766856307767869,0.4867496941086312,0.2505898895885713,0.16666666666666666,True,True,1.1132633745868603,False,-5.345476235649982
STE,2018-12-07,short,0.4379428822451303,0.7199833776285386,0.008906223006017486,0.14285714285714285,True,True,-1.0163514783417162,False,9.75953553933543
STE,2019-01-08,long,0.0926607958366363,0.44660790870241546,0.14607007992849297,0.125,True,True,-1.6662796486692373,False,6.316175398594415
STE,2019-02-26,short,0.1426154055156133,0.23542229050039973,0.14548637213764162,0.1111111111111111,True,True,-1.3752047917307233,False,-1.3852186930487065
STE,2019-03-21,long,0.06845804958230965,0.20355853849344058,0.009114022641976315,0.1,True,False,0.8845882272659451,True,0.5193175903413172
STE,2019-03-22,short,0.09820268000380065,0.16740779387182006,0.018773374323026,0.1,False,False,-0.8349600347712002,False,-1.9915553063779345
STE,2019-03-28,long,0.20245195645738134,0.3263399445977515,-0.004862362849236757,0.2,True,True,0.9002856197783445,False,1.1289321863115376
STE,2019-04-05,short,0.19769853991242448,0.2847961891533759,0.25078735627068816,0.1,True,True,-0.9339012542893149,False,1.7693460024944319
STE,2019-04-12,long,0.15004194429544176,0.3413482572804389,0.10398052865707863,0.1,True,True,0.9451692787660825,True,1.2980291925218213
STE,2019-04-16,short,0.4822974651690607,0.8073209596032291,0.09930818512281676,0.1,True,True,-0.8435133909017193,False,-5.031956432495344
STE,2019-04-26,long,0.39903383360996014,0.7578162718704041,0.8283889384355958,0.2,True,True,0.5692141046169379,False,0.09295079457674049
STE,2019-05-10,short,0.5168481374875116,0.6747842279605487,0.7821772152511325,0.2,True,True,-0.9575672615024273,False,-4.550036761227094
STE,2019-05-17,long,0.32544928509978627,0.43448582701080124,0.648999210641942,0.2,True,True,0.9591179988673862,False,0.5399657463692753
STE,2019-05-29,short,0.07402322834122185,0.6052600340575464,0.3925440202215962,0.2,True,True,-1.5711148629255687,False,-6.989291748166915
STE,2019-06-05,long,0.04109882495380102,0.4791244042211215,0.028248011825997215,0.2,True,True,2.1824988045030502,False,6.147509264523099
STE,2019-07-11,short,0.5162705615615499,0.5863457840965308,0.519839404835832,0.1,True,True,-4.03248585827709,False,1.5444024246398347
STE,2019-08-07,long,0.01934994610461744,0.6472787901479415,0.04776694047580698,0.1,True,True,1.2083650084209623,False,-1.15735248341311
STE,2019-08-20,short,0.38607795352254104,0.39075917053502146,0.19617881219708322,0.1,True,True,-1.503435395729971,False,-0.8471805568133206
STE,2019-08-30,long,0.1930388680005989,0.2189998072555122,0.48098648164865704,0.1,True,True,1.103672564916506,True,-6.297629657764636
STE,2019-09-03,short,0.05172514233049834,0.24892525636064156,0.2552191399828482,0.1,False,False,-0.9976909025270386,True,4.178933240161486
STE,2019-09-06,long,0.0677854433581636,0.19960260455807813,0.02443139949266545,0.1,True,True,1.005381132160186,True,-4.840423869873167
STE,2019-09-09,short,1.3060331213558225,1.3726524050223787,-0.004581534076861153,0.2,True,True,-0.3568420132140301,False,-0.7502458078286756
STE,2019-09-25,long,0.004433473118528046,0.2126541913864537,0.3602417379605151,0.3,True,True,-0.7963278024936784,True,-4.955356920079379
STE,2019-09-26,short,0.07273042039712382,0.07732217068389999,0.2844488255353407,0.3,True,True,0.810538709597147,False,3.7083138911139235
STE,2019-10-15,long,0.5308275049061623,0.7544538399438349,0.27424350536680475,0.4,True,True,-0.9773234042061795,False,-1.153035184524509
STE,2019-10-23,short,0.16496123162880488,0.37930461724030734,0.35299089091573044,0.4,True,True,0.841625277853177,False,-5.542291928747711
STE,2019-10-29,long,0.527444980488649,0.6177919438883209,0.02446673609557864,0.4,True,True,-0.7160912504101621,False,2.9339256278003933
STE,2019-12-11,short,0.06599272483534212,0.11357060010289867,0.09490850072460769,0.4,True,True,-1.4907440830193797,False,1.516149816292267
STE,2020-01-16,long,0.2488114369567485,0.3047676696974829,0.13172355278646544,0.4,True,True,0.3922673261474546,False,-2.2318467061267944
STE,2020-01-24,short,0.3000521859476739,0.30590929371715914,0.16240913458277903,0.3,True,True,-0.31150155852893957,False,-1.0443412723452061
STE,2020-02-06,long,0.3894506439605916,0.5524333103856259,0.1876905447552362,0.2,True,True,0.22685325339732712,False,8.881691397215796
STE,2020-02-27,short,0.08022978906936383,0.7271006697153383,0.6664983030990947,0.1,True,True,-2.1172785279347295,False,19.899763812476767
STE,2020-03-30,long,0.8576756577484083,1.024593601959898,0.7807164648761835,0.1,True,True,-2.0730888796994176,False,12.265134866198046
STE,2020-04-28,short,0.15985587307926416,0.1689030105482213,0.16364339314958035,0.0,True,True,-0.5427658902266788,False,-2.003967996852718
STE,2020-05-11,long,0.02240689034719266,0.296089255882847,0.12952912034638844,0.0,True,True,0.10028783520036873,False,3.861773365012988
STE,2020-06-09,short,0.05279905566707799,0.21617244599919205,0.12503647352900069,0.0,True,True,-0.9683951994919889,False,3.955404175097621
STE,2020-07-14,long,0.008817379268455747,0.2586101823971612,-0.032920323460013175,0.0,True,True,-0.21603814903714946,False,2.4719416779322767
STE,2020-08-06,short,0.2704080616257699,0.34877232013913584,0.21086735191528894,0.0,True,True,-0.2861488456140775,False,0.8462539118048507
STE,2020-08-31,long,0.3214083430511027,0.5682325308553225,0.3782836144334116,0.0,True,True,0.06945060120155727,False,6.264074577329892
STE,2020-10-20,short,0.12641024815170698,0.4983978664330394,0.45435255921652234,0.0,True,True,-2.6336404556389272,False,5.345037178644896
STE,2020-11-10,long,0.03639863168827537,0.5923934405904323,0.5700505172895106,0.0,True,True,0.7940763495283958,False,0.8126227266468833
STE,2020-11-25,short,0.29143902128669924,0.3497466349139375,0.31811551660332815,0.0,True,True,-1.475522135180783,False,-0.24831420667696946
STE,2020-12-31,long,0.2550213955008446,0.4003913630134457,0.19937637617983026,0.0,True,True,-0.2162029791762007,False,-2.7223639473458516
STE,2021-01-15,short,0.5468425729973476,0.967710551204957,0.6841361855309541,0.0,True,True,-0.5755956466936057,False,-1.0521701390705962
STE,2021-03-09,long,0.5788571287217287,0.6873732803180678,0.1438638647993582,0.0,True,True,-1.0784720800030227,False,3.787097176624621
STE,2021-04-30,short,0.2985004459881722,0.34348195116105457,0.36623393636439794,0.0,True,True,-2.0754802740193767,False,6.2742714700194435
STE,2021-06-07,long,0.17025198137922085,0.2454307145464859,0.2391251476977021,0.0,True,True,-0.8432937063267498,False,3.8848497600189935
STE,2021-07-14,short,0.08653515131935688,0.2240305585395904,0.18180387319643726,0.0,True,True,-0.9079891179024863,False,-3.0192383606963302
STE,2021-07-27,long,0.14430226643393515,0.20221034311079955,0.15238016210404484,0.0,True,True,0.8204082488103739,False,1.2845705322546808
STE,2021-08-09,short,0.24289097040987495,0.28045466429217597,0.27394751265732675,0.0,True,True,-0.9993081943275034,False,0.8278464538600927
STE,2021-08-16,long,0.14453602524700862,0.3054257353613411,0.020918918427608776,0.0,True,True,1.0523884715426164,True,-3.3069045287930865
STE,2021-08-18,short,0.02151102467398065,0.6942214316860937,-0.15305248919543502,0.0,False,False,-1.0499501628989605,False,-0.4207245310408503
STE,2021-09-23,long,0.7764142245991681,1.047259627014228,-0.0043700277338808175,0.1,True,True,0.1613342037155813,True,-1.3750437379097535
STE,2021-09-28,short,0.25821549887457307,1.1303708806866815,-0.19708929111979642,0.1,True,True,-0.06985254962710737,False,-3.647941195000315
STE,2021-10-07,long,0.1383277111124327,1.4006781747517467,0.3413146335692762,0.2,True,True,-0.4402184025805179,False,6.878941063814148
STE,2021-11-03,short,0.4598449692863515,1.3090007141162978,0.18262526049493277,0.2,True,True,-2.442041217095682,False,-3.9646115533646498
STE,2021-12-09,long,0.3528103853574271,0.47948261592264335,0.5703873386210057,0.2,True,True,-0.0029353009785894743,False,3.7440333709068074
STE,2022-01-07,short,0.5955500585922974,0.6610822131333206,0.4467019544749092,0.2,True,True,-1.5700879581797904,False,4.480211357102037
STE,2022-02-03,long,0.058624405329690515,0.3800127052899376,0.5594144959415782,0.2,True,True,-1.0992616856994764,False,-0.700816293849571
STE,2022-02-23,short,0.07595322725346933,0.28651093835085606,0.24088690944919036,0.2,True,True,0.2471482874932955,True,-1.8394821594332145
STE,2022-02-24,long,0.05735517173601186,0.13403676542710574,0.1506964699200085,0.2,False,True,-0.18773671836971775,False,-3.1455876132416405
STE,2022-03-09,short,0.37814952802283014,0.5449192513640068,0.4996509226091426,0.2,True,True,-0.6202488305168101,False,-0.6166770736609095
STE,2022-03-21,long,0.21034364221439664,0.3576072540083729,0.5886355275402291,0.2,True,True,-0.137593176175691,False,5.262040391675371
STE,2022-04-14,short,0.07161913355290968,0.428798285699723,0.23457611481827992,0.1,True,True,-1.7463947705021137,False,8.348999573760185
STE,2022-05-19,long,0.18232076878748868,0.3971138101035157,0.3412761802573939,0.1,True,True,-1.597689317922894,False,-1.3115534962846787
STE,2022-06-13,short,0.5697972710568389,0.5745304961731009,0.1120921844982543,0.1,True,True,0.7867042520719155,False,3.1624328183871397
STE,2022-06-28,long,0.07031908908008903,0.19272292578820263,0.5244283492015449,0.1,True,True,-1.763204271966388,False,0.4253341461716964
STE,2022-08-03,short,0.030679310710743733,1.1926589858541399,0.11303386393760745,0.1,True,True,-0.5472025239337655,False,-4.251204674189868
STE,2022-09-08,long,0.08402880755268012,0.4106007194369402,0.21170237452140836,0.1,True,True,-1.020059160100962,False,-13.704057950444382
STE,2022-09-16,short,0.2625378855444977,0.6418268850330524,0.280951505551652,0.1,True,True,0.8887166467710422,False,14.164769196552262
STE,2022-10-05,long,0.09929508623221922,0.4697765671351645,0.6622043663172414,0.0,True,True,-2.7383602096224116,False,-3.415384482905348
STE,2022-11-08,short,0.016613551878096808,0.04339472467043056,0.2774927474735198,0.0,True,True,0.9549196653063667,True,-9.007199949844647
STE,2022-11-10,long,0.21983846168508045,0.3740600060970137,-0.005538785874903083,0.0,True,True,-0.8774543746549844,False,6.98452461779786
STE,2022-12-16,short,0.26120888007336646,0.7010425452277994,0.22779362458648691,0.1,True,True,-1.082445137161058,False,-1.393229215020786
STE,2023-01-06,long,0.16327637433641493,0.2626383805431706,0.20879175763924654,0.1,True,True,0.4619414141824814,False,7.874837179997529
STE,2023-02-09,short,1.12583724740672,1.649323592070953,0.2221033214469357,0.1,True,True,-0.8987418449200172,False,2.9825403413036633
STE,2023-03-21,long,0.37014859363408736,0.41335636585648106,0.1966516939371318,0.1,True,True,-1.04308218655057,False,3.674998946681951
STE,2023-04-18,short,0.26259992324716186,0.37785961049515415,0.26954046974671453,0.1,True,True,-0.1825615945501359,False,-3.417319208212599
STE,2023-05-01,long,0.07826998167304672,0.3978358111632779,0.1285016874865847,0.1,True,True,-0.032241762862561585,False,9.744420102772322
STE,2023-05-25,short,0.20573134437989596,0.36674627917382135,0.49180434769890446,0.1,True,True,-1.138947104824447,False,-2.8676489544506856
STE,2023-06-07,long,0.0024804362698502202,0.14913055328483812,0.23425096194420705,0.1,True,True,0.9174955758746379,True,2.299272508337258
STE,2023-06-08,short,0.05728003359225372,0.05982961284353794,0.1935149495559176,0.1,False,False,-0.9020194756718247,False,-2.4623794537236288
STE,2023-06-14,long,0.37356326368482273,0.4218769323784531,0.005949337108985732,0.1,True,False,1.0243492551570004,False,3.6927784208201864
STE,2023-06-23,short,0.04350954163076916,0.36130509176725906,0.17843489821505926,0.1,True,True,-1.1114355441100414,True,-5.806165302239319
STE,2023-06-27,long,0.14885064867400613,0.36060255194865226,0.12263588227536856,0.1,True,True,1.156269301746402,False,4.556765100108229
STE,2023-07-07,short,0.11743411988165979,0.39568687217033544,0.385480260101189,0.2,True,True,-1.3737175531354782,True,-6.536606958782887
STE,2023-07-10,long,0.1411692042112516,0.2618895333056964,0.3215752899520688,0.2,False,False,1.418613950974534,False,4.088785466929612
STE,2023-07-27,short,0.3874151019014075,0.5753817729683747,0.11488440193036821,0.3,True,True,-1.5920321448754031,False,1.1097503125124142
STE,2023-08-29,long,0.1909938236389211,0.7073577415902071,0.3190547504801712,0.3,True,True,0.38645742718206977,False,-0.18577910419185217
STE,2023-09-05,short,0.03690868531302545,0.7884320761582498,-0.1869951522301453,0.3,True,True,-0.4641499123292391,False,-1.4353536413374002
STE,2023-09-13,long,0.17079402590153203,0.5286796234771508,0.13307853368699027,0.3,True,True,0.30749326855194037,False,-5.437659811117812
STE,2023-09-20,short,0.31661799656638845,0.37835499495829594,0.11981347112674547,0.2,True,True,-0.2547494991540515,False,1.2029957106388989
STE,2023-10-09,long,0.4915085482322284,0.5140327181643942,0.5431664505207202,0.2,True,True,-0.42274035464648685,False,-4.889057625474946
STE,2023-10-19,short,0.5181399188433506,0.8035187195315042,0.03642657796089389,0.2,True,True,0.4352392618908953,False,1.8672059246008677
STE,2023-11-03,long,0.07785167633389589,1.056538828894807,0.5430245994689328,0.1,True,True,-1.0678573995170852,False,-7.825807992260126
STE,2023-11-09,short,1.2943310114752355,1.4491394225515342,-0.026193866163019136,0.1,True,True,1.2441443229954496,False,-1.4890867602830982
STE,2023-11-24,long,0.20285529425075874,0.44969124949347217,0.2941737398185717,0.0,True,True,-1.3948871519898827,True,-1.3238629088017206
STE,2023-11-29,short,0.08218666766710912,0.15072358492218604,0.06003536781325931,0.0,True,True,1.432784244407491,True,-4.776140349764346
STE,2023-11-30,long,0.29896228838629096,0.3811547883210506,0.040720793919605404,0.1,False,True,-1.3518722319977008,False,4.732744175291459
STE,2024-01-05,short,0.2045278137429504,0.2423225699750966,0.5433449373537499,0.2,True,True,-1.2538441899389101,True,-1.9126569309154462
STE,2024-01-09,long,0.13096361545978946,0.16649412564685317,0.11362129293647115,0.2,True,True,1.3616826100546744,False,-3.2120173188431966
STE,2024-01-17,short,0.2758533198040527,0.38446509034524623,0.08856237227705509,0.3,True,True,-1.2169190861179466,False,-0.03199239220483818
STE,2024-02-06,long,0.31285391076729735,0.4383939326628137,0.24008707935936768,0.3,True,True,0.6265582027748886,False,3.067462981451774
STE,2024-03-04,short,0.12263366173174946,0.12964300118878674,0.2856015539169751,0.3,True,True,-1.1766213800232423,False,1.4018152143358442
STE,2024-04-24,long,0.01589018473787284,0.2863315492543116,0.42825623506805427,0.3,True,True,-1.8439397153226478,False,3.5946721703530082
STE,2024-05-28,short,0.12235579520949667,0.41944926117584824,0.3298279404275063,0.3,True,False,-1.2059897010385905,False,-0.9176746396909907
STE,2024-07-08,long,0.09913450669235792,0.10494924344001286,0.10890191577166054,0.3,True,True,-0.27082317754452545,True,4.06678019676312
STE,2024-07-09,short,0.13159049754684582,0.23070153475621533,0.04046708749180461,0.3,True,True,0.36698161140271657,True,-8.51950158223518
STE,2024-07-12,long,0.20308837211810704,0.26896945436106867,0.011848976820458372,0.3,True,True,-0.2516391756228494,False,4.992790307417927
STE,2024-08-09,short,0.02882637659377882,0.35308675222755675,0.34059388936930973,0.3,True,True,-1.1373303794271294,False,-0.012712636175438163
STE,2024-08-30,long,0.22056757291003604,0.3438278884796202,0.16150498215185957,0.2,True,False,0.5524251574448236,False,1.331081199437123
STE,2024-09-18,short,0.550904643036365,0.5675115786711346,0.26883593708200526,0.2,True,True,-0.9284374506571188,False,1.5311647495964809
STE,2024-10-28,long,0.043468075634457086,0.13825153928727724,0.2519674123258134,0.2,True,True,-1.3199338273132828,False,-0.9597680033191613
STE,2024-11-08,short,0.11741177824069629,0.29258362543854755,0.1907000610599649,0.2,True,True,1.0126618273024415,True,1.9552775235931796
STE,2024-11-12,long,0.19453136790887315,0.19537019500817643,0.4241441891210976,0.2,True,True,-0.9119635787283317,False,-2.7392908619641387
STE,2024-11-18,short,0.17076482137993768,0.34725622144523677,0.007871055737549029,0.3,True,True,0.956700645047791,False,-0.06004991770260926
STE,2024-11-27,long,0.2370958493315465,0.36484316608635725,0.23760353321665895,0.3,True,True,-1.0353382605603416,False,-0.48741326788285244
STE,2024-12-11,short,0.29768102795322776,0.6891738526845143,0.19660646186469838,0.2,True,True,0.8216256227978007,True,0.42935544975245543
STE,2024-12-12,long,0.12549975408665334,0.4320290151384169,0.1720168312702289,0.2,False,False,-0.73418660725514,True,-3.895390258056375
STE,2024-12-16,short,0.19193357225067342,0.36603517995091456,0.08774177001476027,0.2,True,False,0.7948156666003438,False,2.59204473870982
STE,2025-01-07,long,0.13285922248295687,0.8082819631300676,-0.033691336389048664,0.3,True,True,-1.3843980914511647,False,5.186681235004542
STE,2025-02-13,short,0.31517292628174964,0.4344353213167028,0.3163339472431911,0.3,True,True,-1.1935529516775443,False,-0.2718389220882633
STE,2025-03-05,long,0.3128427462546785,0.40200491760839335,0.10412859187297636,0.3,True,True,0.902023494281887,False,-0.9497423635635327
STE,2025-03-13,short,0.4419129621084538,0.6886773946787561,0.3721123469275444,0.3,True,True,-0.9435499218668048,False,-0.8001826621041097
STE,2025-04-15,long,0.10900747546472886,0.240171950700208,0.666319878964708,0.2,True,True,-0.4197046269989584,False,1.6739045633209493
STE,2025-06-02,short,0.3958652988771949,0.5081142031440239,0.37196106976423116,0.2,True,False,-2.2872068192087713,False,0.14552089285696512
STE,2025-07-25,long,0.07181137183639458,0.4449555248977069,0.23718695046718857,0.2,True,True,-1.164201576332144,False,5.376210395707792
STE,2025-08-06,short,0.029233155621072062,0.3917538407589277,0.06728863447730958,0.2,True,True,0.9095556353097987,True,-12.81135391757644
STE,2025-08-07,long,0.965028773267714,0.9944271024647732,0.1733236366318064,0.2,True,True,-0.5486768208826942,False,4.766344628740238
STE,2025-08-29,short,0.1766963960269514,0.324047782914112,0.3358080477795178,0.1,True,True,-1.340499657969213,False,-1.3856104621419396
STE,2025-10-21,long,0.15618736392899027,0.23471907389839555,0.35272987674221523,0.1,True,True,-0.48864697167181165,False,-0.0743648450575396
STE,2025-10-30,short,0.3151794667133899,0.3432001521859384,0.16763509532367318,0.1,True,True,0.515708858967737,True,-10.267152988173823
STE,2025-11-04,long,0.08720494568141487,0.6333354595410446,-0.17143356507259727,0.1,True,True,-0.48175022106894894,False,6.264213492204984
STE,2025-12-02,short,0.3357735217531334,0.5679178430411023,0.14738933025206624,0.2,True,True,-1.5409393733259091,False,2.4180469924053427
STE,2026-01-06,long,0.22293326347760414,0.4303974741060281,-0.008133563198959888,0.2,True,True,-0.034772983509113085,False,0.44224370171743743
STE,2026-01-23,short,0.008803213477396956,0.2724611090384666,0.4073524824571943,0.2,True,True,-0.6873651530111856,True,2.8360059339466503
STE,2026-01-26,long,0.06225263194336095,0.07174059090816878,0.27518110887276626,0.2,False,False,0.7232923491397554,True,-6.738119814167465
STE,2026-01-28,short,0.10779706400249729,0.20432616118617306,0.07843322321061912,0.2,True,True,-0.6662502252207514,False,6.666396460846524
STE,2026-02-25,long,0.29282176161321977,0.4522079095214772,0.15821396548421368,0.3,True,True,-0.9494278078376912,False,-11.950554537362091
STE,2026-03-04,short,0.30070652055869557,0.4270711889017948,0.29382205415353047,0.3,True,True,0.9176313226096001,False,11.046211058020884
STE,2026-03-24,long,0.2305737354644139,0.46630124996711697,0.5183157054078432,0.3,True,True,-2.0355129437703297,False,1.4883018431107509
STE,2026-04-29,short,0.21819180989438772,0.5402397147322335,0.1453097732746832,0.3,True,True,0.6081717706038849,False,0.7288875978371134
STE,2026-05-14,long,0.020153074543193462,0.4986230086051816,0.06431837876684653,0.2,True,True,-1.119402914763744,False,-1.5047682433443899
STE,2026-06-03,short,0.100047284004888,0.13802493418323084,0.29426473033185396,0.2,True,True,0.5635761561780971,True,4.851156100498333
STE,2026-06-05,long,0.08526817590800272,0.08899886417901237,0.1133983471543939,0.2,True,True,-0.5141247682357466,True,-5.346692618958548
STE,2026-06-10,short,0.026521058914210853,0.2666156454145883,-0.0786948250526956,0.3,True,True,0.544966281352272,False,-1.2013483414476278
STE,2026-06-25,long,0.5327327643626307,0.9129942093187959,0.318422555115852,0.3,True,True,-0.9262412020909758,False,2.5640960419910153
STE,2026-07-22,short,0.3529568016332899,0.5150249920333559,0.29653738403157304,0.2,True,True,-0.2888452251740074,True,-10.514315444654576
STE,2026-07-27,long,0.12015073911820666,0.6291768871333566,-0.11197930618696018,0.2,True,True,0.32693335583631494,False,9.391028698016068
STE,2026-08-17,short,0.5442030212716422,0.7188880548952631,0.45762689910053517,0.3,True,True,-1.5738010548196053,False,-1.2578896648039128
TGT,2018-06-18,short,0.014654597245051543,0.41042715035889177,0.5308692955554313,,True,True,-1.719891107535669,False,1.7505314622065393
TGT,2018-07-10,long,0.02783258920801003,0.3498133907169785,0.22751274200228092,,True,True,0.8078176379646183,True,1.353787948149221
TGT,2018-07-12,short,0.2164288486774704,0.2692287602073257,0.2104204348630789,,False,False,-0.7066561319176821,False,-4.392115761587045
TGT,2018-07-23,long,0.1974608183281462,0.22213555687623213,0.06197185089634501,,True,True,0.796210874979184,False,3.710733722762649
TGT,2018-08-16,short,0.02055676322535067,0.04661125299601062,0.32645216893077583,,True,True,-1.862312572414004,True,-6.3848232597811805
TGT,2018-08-17,long,0.21577204189745125,0.23742882469664123,0.2147424247860931,,True,True,1.986400176316425,False,5.370884771471274
TGT,2018-09-12,short,0.39429016611821693,0.4869902834993906,0.35129184317615564,0.3333333333333333,True,True,-2.9360038906178163,False,0.8573264713567896
TGT,2018-10-30,long,0.4024892179733441,0.6562248780450214,0.25608971370711225,0.2857142857142857,True,True,-0.7083595924954394,False,-1.690601123180946
TGT,2018-11-15,short,0.8189943668187545,0.8721553936638443,0.5163225595691545,0.25,True,True,0.3391441414107489,False,11.405860303368797
TGT,2018-12-26,long,0.12889918139592402,0.7069828248680775,-0.06977281593377284,0.2222222222222222,True,True,-1.802992791758997,False,4.884050065958467
TGT,2019-02-08,short,0.010086444165712052,0.26379282080819694,0.11313059663941151,0.2,True,True,-0.4918362835114509,False,-4.0462091766879205
TGT,2019-02-19,long,0.18894723325703022,0.23905049274926532,0.14901796882334115,0.2,True,True,0.48197542300085927,False,3.683473228632028
TGT,2019-03-01,short,0.007739459848100386,0.010958175598963407,0.046478514435026035,0.1,False,True,-0.46991118938977067,True,-5.100078245774187
TGT,2019-03-05,long,0.3880463927039827,0.4622259333885709,-0.002663889127755469,0.1,True,True,0.5783130322138355,False,3.2368235767171294
TGT,2019-04-02,short,0.0903446646695776,0.39763915080718487,0.09330703110855683,0.2,True,True,-0.8602214147153382,False,-3.158826905951373
TGT,2019-04-08,long,0.16414309455775314,0.2959516580006393,-0.005931411129139372,0.1,True,True,0.8507547444319781,True,0.2807394047058098
TGT,2019-04-09,short,0.245622495222169,0.42147946401523434,0.14629011742148815,0.1,True,True,-0.8100989481116195,False,-2.752263111715969
TGT,2019-04-18,long,0.13744264870992023,0.48976946836587876,0.3835276268773286,0.2,True,True,0.7444279757681714,True,-8.791741318961567
TGT,2019-04-22,short,0.3565151138665146,0.4960612180880754,0.2998635804357232,0.2,False,False,-0.7176666861167329,False,7.364059589463034
TGT,2019-05-22,long,0.6114652883703285,1.4770453053657864,0.4188587361277922,0.3,True,True,-1.079948189978538,False,10.49513238267803
TGT,2019-06-20,short,0.21566915168343237,0.2311378359471957,0.3356931992359339,0.3,True,True,-2.0580507203324943,False,-2.818678984424605
TGT,2019-08-19,long,0.49242840114747355,0.677251751114969,0.18884705508434427,0.3,True,True,-0.4449281592964027,False,24.196903956820215
TGT,2019-09-13,short,0.2871287013829245,0.32132716613849105,0.29173140659896823,0.3,True,True,-2.3792358026228198,False,1.731630745563928
TGT,2019-10-14,long,0.029650687029910527,0.03373264333751239,0.16829032806935348,0.2,True,False,1.0407327355258513,False,-1.286543482518454
TGT,2019-10-23,short,0.08240069015439438,0.20727373274318553,0.020333674765291892,0.2,True,True,-1.109056008908139,False,0.7632686755043472
TGT,2019-11-15,long,0.22532236968458974,0.4780144770381282,0.00802318722369375,0.2,True,True,0.2803576790582953,False,10.162684271703615
TGT,2019-12-10,short,0.12859022449094448,0.19758166408419733,0.23102533239763717,0.1,True,False,-1.8227094072167702,False,-2.2103967716782913
TGT,2020-02-06,long,0.12256469281867645,0.26018710832042125,0.25675112385350757,0.1,True,True,-1.1303793837328595,False,2.20242326015625
TGT,2020-02-26,short,0.36210347827717326,0.40444946495087947,0.3652805251125462,0.0,True,True,0.5253542715732653,False,4.590646138216437
TGT,2020-04-01,long,0.013646256494372937,0.2798845943195884,0.08924275837246977,0.0,True,True,-1.4097652960638087,False,14.726536297793302
TGT,2020-05-22,short,0.1842053051536258,0.4528385673184118,0.3330693609526325,0.0,True,True,-1.4238771669453374,False,-4.153548154220554
TGT,2020-07-15,long,0.16023113250064416,0.40138889607168177,0.18611382976393628,0.0,True,True,0.1427348663927914,False,1.652009355320594
TGT,2020-09-02,short,0.3812541758418047,0.5156837140369519,0.5658294384982998,0.0,True,False,-3.2587329524131823,False,1.4882292858887203
TGT,2020-09-28,long,0.09415534935369299,0.2727723709554974,0.11103363905821209,0.0,True,True,1.627940420036797,False,5.183464983127761
TGT,2020-10-19,short,0.05506609430822864,0.2259775818091854,0.1359555170098944,0.0,True,True,-2.090825944302115,False,5.888454959648037
TGT,2020-11-13,long,0.327247146000446,0.4132163320523108,0.2223142868294273,0.0,True,False,0.2866160048319981,False,10.677873926983628
TGT,2020-12-07,short,0.3083099419862025,0.5348739220665384,0.5621822560472296,0.0,True,True,-2.1307444354780682,False,0.6650933209065846
TGT,2021-01-04,long,0.06746453417538213,0.14726014078936112,0.03631682608431427,0.0,True,False,0.8860853416145693,False,5.928045457357367
TGT,2021-01-21,short,0.2009749203292324,0.2560990761888921,0.6733609973891191,0.0,True,True,-2.708663771238107,False,1.4011770169485183
TGT,2021-02-09,long,0.17187915929856792,0.3513845096760255,0.41587988433888773,0.0,True,True,1.1919235155439885,False,-3.3676766423683224
TGT,2021-02-19,short,0.18084169241473658,0.2839765036748381,0.0009193316550426044,0.0,True,True,-1.0895005906403057,False,8.584922780878923
TGT,2021-03-15,long,0.0638579118612371,0.3111598158346038,0.3645519097402991,0.0,True,True,-0.8905405850741116,False,9.447815947767978
TGT,2021-04-21,short,0.14713699170441485,0.20746213360589416,0.09073732118929136,0.0,True,True,-1.926622426473634,False,-2.727676242634147
TGT,2021-05-06,long,0.04392490290198143,0.09893305566418577,0.21704941444849796,0.0,True,True,1.5055350884483305,True,4.465007446300029
TGT,2021-05-11,short,0.17298746327545184,0.3517877190211315,-0.040420479773749,0.0,True,True,-1.431928507667365,False,-8.025152646625466
TGT,2021-05-20,long,0.5822864601928481,0.7192088084443317,0.23212107309052132,0.1,True,True,1.3558623916538708,False,4.305869083141833
TGT,2021-06-14,short,0.1447697739433206,0.18255675556994322,0.2746686568280813,0.1,True,True,-2.194617034787915,False,-3.5139696703155643
TGT,2021-06-25,long,0.08617772430552208,0.2575754317581143,0.38138443280596823,0.1,True,True,1.8736284218818702,False,4.859680967474955
TGT,2021-07-19,short,0.2639598550627763,0.431175424171336,0.21375753098757205,0.1,True,True,-2.0647003329019937,True,-2.4370777467515037
TGT,2021-07-22,long,0.029932493373399555,0.09170199893759197,0.03602352089497483,0.1,True,True,2.130685507735149,False,1.708121081429681
TGT,2021-07-28,short,0.2763640316945719,0.5307286820667847,-0.07382766323026722,0.2,True,True,-2.332319955313944,False,-2.1715399138643177
TGT,2021-09-17,long,0.19068411610745875,0.2941212000479375,0.2424892987960052,0.2,True,True,-0.7223008367216653,True,-7.398545729598693
TGT,2021-09-21,short,0.16122055433717022,0.1642936042253882,0.1880343326891451,0.2,True,True,0.7885369155418464,False,5.698046959195557
TGT,2021-10-13,long,0.6546367907744343,0.7440418431555569,0.30133543870537144,0.3,True,True,-0.9800619753697355,False,8.359026217775689
TGT,2021-11-08,short,0.23436421852841322,0.42332332825358904,0.30927361035481576,0.2,True,True,-1.0721242040974033,False,3.1281229038404357
TGT,2021-11-16,long,0.2875904518911924,0.37758701551090734,0.1929540507839352,0.2,True,True,1.0882438670370196,True,-9.760126315663097
TGT,2021-11-17,short,0.24786054040980465,0.5391046653478919,0.13459483663332772,0.2,True,True,-0.9252146677960317,False,3.2702916950638428
TGT,2021-12-30,long,0.4253811366089356,0.48378692738214474,0.4012010838041124,0.3,True,True,-1.5090119767732162,False,-2.6216982233009944
TGT,2022-01-18,short,0.1353619561624983,0.24821334124249142,0.235970383910468,0.3,True,True,0.981501280542985,False,0.35451114462303757
TGT,2022-02-01,long,0.19449477657095246,0.2338098598556885,0.23062196639550814,0.2,True,True,-1.0881350403418337,False,-5.0869649198786675
TGT,2022-02-07,short,0.09180041343032207,0.16281018141172643,0.04860728142783506,0.2,True,True,1.139577320788679,True,6.668102012736455
TGT,2022-02-09,long,0.25808134928249626,0.3115980459559067,0.021825274586552885,0.2,True,True,-1.0291629051931184,True,-11.198235732567419
TGT,2022-02-14,short,0.05069002748841194,0.2609519812362126,-0.05027091888530617,0.3,True,True,1.075577743259811,False,-5.66281839332885
TGT,2022-03-01,long,1.2365743754326597,2.1147053081534675,0.35955616107773447,0.3,True,True,-1.1831983113274633,False,-1.8593326538120958
TGT,2022-03-31,short,0.22843684341695536,0.7962634062850404,0.0034486897812470887,0.3,True,True,-0.5031831279004904,False,-11.770787165847452
TGT,2022-04-07,long,0.2177072961091786,0.997143056800485,0.019649809826293697,0.3,True,True,0.4322741608469603,False,5.911743328318719
TGT,2022-04-27,short,0.2982987367437446,0.7648763423622166,0.5422060433400133,0.2,True,True,-1.4943708048212492,False,7.568069636386121
TGT,2022-06-06,long,0.007116680117731483,0.25961302456008495,0.338339632644698,0.2,True,False,-2.487807186813623,False,-9.375567992769419
TGT,2022-08-22,short,0.331498864814656,0.49372668639773626,0.2476365747886506,0.2,True,True,-0.47584254549795246,False,-1.0002389424256908
TGT,2022-09-08,long,0.1200133153531699,0.26560176119871787,0.20429759408409462,0.2,True,True,0.17143358487518395,False,-11.018043271825439
TGT,2022-09-15,short,0.17018490515002382,0.17161803805656062,0.1252967104298597,0.2,True,True,-0.16491240541781862,False,8.011619754218891
TGT,2022-10-06,long,0.055335874192309134,0.21065441071865246,0.3780691604416857,0.1,True,True,-0.36767458447061824,False,-0.8667761806150365
TGT,2022-10-14,short,0.14964212126818185,0.518110263715751,-0.09691008748395367,0.0,True,True,0.3785191902657343,True,-14.983849971775687
TGT,2022-10-18,long,0.3475093357628977,0.5648670984175486,0.0369060978733653,0.0,True,True,-0.32612069640780805,False,4.681049162654505
TGT,2022-11-07,short,0.06146074184860516,0.21498244316374357,0.4606643491391907,0.1,True,True,-0.24887352149467049,False,0.5371898020248955
TGT,2022-11-11,long,0.7005367320495205,1.010285134242797,-0.08034251653364088,0.1,True,True,0.42335682131807373,False,-3.9884208927878806
TGT,2022-11-18,short,0.09283624770759853,0.2481367426335588,0.3680118346132131,0.1,True,True,-0.5621965504018299,False,4.880912036916351
TGT,2022-11-30,long,0.17345517034029398,0.2025874813973064,0.239166565347448,0.1,True,True,0.5633848742625382,True,-8.714930098198536
TGT,2022-12-02,short,0.010908908778951246,0.134727194051636,0.06045962127366262,0.1,False,False,-0.5423968541082484,False,10.78828506277979
TGT,2022-12-29,long,0.055214456576794545,0.48957521125187303,0.379738306759771,0.2,True,True,-1.4791690399098252,False,10.938878846578781
TGT,2023-02-09,short,0.01398984210181113,0.3352146650019232,0.34971476487531533,0.2,True,True,-1.7012141796832425,False,1.962488477184976
TGT,2023-03-30,long,0.11472016223313224,0.20543513390130055,0.1588739465376925,0.2,True,True,-0.6333468603989241,False,0.4554726202818049
TGT,2023-04-18,short,0.10821912231180374,0.14404271058695609,0.364188030041463,0.2,True,True,-0.07161519630019339,False,4.113287897887597
TGT,2023-05-11,long,0.28508418296938326,0.325555025423833,0.3233184288390594,0.1,True,True,-0.5474805911163366,False,-10.805625039458889
TGT,2023-05-22,short,0.4096091181322667,0.4233410032981735,0.2721578819766472,0.1,True,True,0.5703831100583587,False,12.64564447212486
TGT,2023-06-14,long,0.0028339749658258338,0.715295392330532,0.16411689132060675,0.1,True,True,-2.0385869493497633,False,-0.24019192146768065
TGT,2023-08-07,short,0.008929619185578023,0.11890357509915477,0.13592260178585683,0.1,True,True,0.15941096917051023,False,2.3151142774287425
TGT,2023-08-31,long,0.08021786383938567,0.28529041678257133,0.36381194085133717,0.1,True,True,-0.7961379229169041,False,-2.7657065708569406
TGT,2023-09-11,short,0.10699410683125746,0.1601232277864779,0.06632421870550839,0.0,True,True,0.8541847122422346,True,8.486180259179132
TGT,2023-09-14,long,0.2539299681844285,0.41512514060201666,-0.03347640935943744,0.0,True,True,-0.8059350700944578,True,-12.190437528677634
TGT,2023-09-18,short,0.39476150480056676,0.6562274314088427,-0.0035217851780892854,0.1,True,True,0.9374277645923108,False,10.599973698539756
TGT,2023-10-11,long,0.5958787036041704,0.7186027006347261,0.6327498140651445,0.2,True,False,-2.141011082505111,False,1.2569965421520113
TGT,2023-12-11,short,0.010188996531856955,0.025141203858644958,0.16191405147164836,0.2,False,True,-1.8237954279469024,True,-3.1222777864912565
TGT,2023-12-14,long,0.07509944100747827,0.1880934324016252,-0.03239487499571699,0.2,True,True,1.7342312321025044,True,0.9068894252246551
TGT,2023-12-15,short,0.07740350391174587,0.15375679781774818,-0.021800110120992006,0.3,False,False,-1.6610634961114412,False,-3.4183494000451287
TGT,2024-02-02,long,0.10269375799234252,0.3677960224459782,0.07436429359851154,0.4,True,True,0.3998464059107761,False,2.8317950841447947
TGT,2024-03-18,short,0.08734414361564069,0.1564099915529206,0.7447497498974077,0.4,True,True,-2.348805337065021,False,-5.161380244588387
TGT,2024-03-28,long,0.2947538827413179,0.3404561920278643,0.15737886509174137,0.4,True,True,2.720858490731118,True,-6.2581155526280625
TGT,2024-04-03,short,0.09141590860429906,0.37780986430644553,-0.07850903842819187,0.4,True,True,-2.7978023137288974,False,6.279567768178119
TGT,2024-05-10,long,0.04170637583356339,0.2793791259278833,0.35992101747523964,0.4,True,True,-0.6659930138787841,True,-10.360025848009602
TGT,2024-05-15,short,0.07998941786153199,0.1168182291420145,0.06992453043987377,0.4,True,True,0.6833372634678693,True,4.850487269607395
TGT,2024-05-16,long,0.11456703516724058,0.19822982187720858,-0.012800734185888068,0.4,True,True,-0.6035190783803004,True,-2.794880903147079
TGT,2024-05-21,short,0.21767860158968633,0.21864798163951077,0.03217667937750014,0.5,True,True,0.6791677641118258,False,5.411504138734269
TGT,2024-06-03,long,0.2909280689084369,0.35920256758399255,0.570172565071002,0.5,True,True,-1.0445713074607008,True,-5.266945527998224
TGT,2024-06-06,short,0.16948156845783244,0.2879111456039178,-0.016680415225461705,0.5,True,True,1.1054340974672965,False,-0.6890215262260746
TGT,2024-06-12,long,0.0610241923521757,0.08168052516699506,0.0500589329388855,0.5,True,True,-1.0132152161298695,True,-0.04086026886260807
TGT,2024-06-13,short,0.027016514372214504,0.088075352216788,0.0568970302363729,0.5,True,True,1.0248914614251126,False,-2.3223634170417506
TGT,2024-06-21,long,0.26878374052460874,0.3727609303240325,0.08886142146174739,0.6,True,True,-0.9450412411594555,False,1.7724032083960894
TGT,2024-07-24,short,0.04977273751019467,0.7737164246960893,0.48713484187467393,0.5,True,True,-0.12166258920381595,False,8.863094376242254
TGT,2024-08-16,long,0.6301090045032384,0.8925996809298818,0.6221780225989181,0.5,True,True,-0.9761491946359232,False,7.485005760492269
TGT,2024-09-06,short,0.02395090851516365,0.26183350649996295,0.37605908159259027,0.4,True,True,-1.2175021665462862,False,-2.2937533775586827
TGT,2024-09-19,long,0.09479399179398236,0.29080199872622653,0.16627706648989918,0.3,True,True,0.7502329480155185,False,-4.402828515703616
TGT,2024-10-01,short,0.23824077609068384,0.31748555917186333,0.045028877697308095,0.2,True,True,-0.6790598344578858,False,-5.578181471498289
TGT,2024-10-11,long,0.1998595381992694,0.37981821740813565,0.23389355691633176,0.2,True,True,0.43341146100233335,False,-4.606833074504757
TGT,2024-10-21,short,0.3018273102405261,0.6264295272439552,0.1526730140323748,0.1,True,True,-0.47851015907078925,False,0.6096314425332761
TGT,2024-11-11,long,0.3400052925783538,0.60770171429662,0.08837360131599549,0.1,True,True,-0.3387111328618334,False,-14.226287396394245
TGT,2024-11-20,short,3.059701704571351,4.441484885975903,-0.05919646527529272,0.0,True,True,1.0000923770059138,False,-6.120599670944116
TGT,2024-12-09,long,0.47891876618266815,0.6082840276516825,0.351769870174698,0.0,True,True,-1.8155984657386757,False,-2.490928563900341
TGT,2025-01-17,short,0.17170488285365948,0.194766106841522,0.3527650218421687,0.0,True,True,0.05198699358281828,True,-0.41163966409634156
TGT,2025-01-23,long,0.05319526117688883,0.09603931012862287,-0.006481554412277896,0.0,True,True,0.029494867111265772,False,-1.8724921660427385
TGT,2025-02-03,short,0.10525032530856278,0.44018678291916247,0.1043052199393533,0.1,True,True,-0.24326634598897443,False,2.1917296219461924
TGT,2025-03-24,long,0.008922288454959825,0.7286697880749938,0.3199650182230218,0.1,True,True,-2.6118715510106534,False,-12.893399714814514
TGT,2025-04-04,short,0.2288349714113328,0.3973096478709359,0.22269389127685815,0.1,True,True,2.199698779860395,False,2.026742462725817
TGT,2025-04-17,long,0.2665420402395076,0.3176527248606919,0.12715006699197864,0.1,True,True,-2.241446530492816,False,4.575235696390245
TGT,2025-05-30,short,0.053069546534944924,0.18798743661033307,0.006978328383777772,0.1,True,True,0.20322720047808948,False,-1.4466499497545193
TGT,2025-06-06,long,0.18378018741446212,0.41523689500649674,0.005879427062623566,0.1,True,True,-0.1819089439431238,False,-0.8117515442812695
TGT,2025-06-18,short,0.07122632138996415,0.2322686814927961,0.31569020199324016,0.1,True,True,-0.02363198808207295,True,-9.398658270940574
TGT,2025-06-24,long,0.08135599286106576,0.17912447971861137,0.02390562930476768,0.1,True,True,0.04642834707058399,False,5.024097957716811
TGT,2025-07-17,short,0.0028300502625579742,0.021255433840623145,0.38880269543090645,0.2,True,True,-0.6134769118344754,True,3.039077592972994
TGT,2025-07-22,long,0.08656082059210496,0.5814320555115513,-0.1580929796462709,0.2,True,True,0.5917121904333551,False,-3.85769697482774
TGT,2025-07-29,short,0.11585872059543253,0.6229495100059522,0.0699977637846096,0.2,True,True,-0.6010647985711086,False,-1.9965397460128376
TGT,2025-08-12,long,0.1413872778944387,0.4467548424247084,0.3713356435360997,0.2,True,True,0.32997245303636424,True,-8.571152395358117
TGT,2025-08-15,short,0.05736186675243801,0.3875868927344211,-0.008257300331914593,0.2,True,True,-0.3440380325517937,True,6.833611634879677
TGT,2025-08-18,long,0.10216724684210515,0.15990888419516697,0.02820719601656061,0.3,True,True,0.36982467570244676,True,-11.919954943227474
TGT,2025-08-20,short,1.1671613463476116,1.4251363625792695,0.024257358259053168,0.3,True,True,-0.20700986771150384,False,6.059374154405106
TGT,2025-09-26,long,0.21278019965570513,0.24318064569290926,0.18300765262763646,0.5,True,True,-1.8132648872787884,False,-2.640867963288651
TGT,2025-11-04,short,0.3628812912390727,0.4576989189346867,0.44282824559349426,0.5,True,True,-0.29414971679094876,False,0.3712878930239194
TGT,2025-11-28,long,0.1666699433895412,0.6291247402871666,0.28897501657907854,0.4,True,True,-0.44159375121512084,False,7.13968779480918
TGT,2025-12-24,short,0.046116134686359306,0.11623886297752144,0.4960227673337688,0.4,True,True,-1.1578798408271753,True,-9.313166233204306
TGT,2025-12-26,long,0.22948307090019812,0.2762230075274127,0.41272650528190924,0.4,True,True,1.2546772026516855,True,6.6197902048779955
TGT,2025-12-31,short,0.08431268067657531,0.10037767375583492,0.011237980031293615,0.4,True,True,-1.1332911453963161,True,-13.687975774564487
TGT,2026-01-02,long,0.1978172174148643,0.28479484657905907,0.05505045405500676,0.5,True,True,1.2202964046343006,False,10.71535232866292
TGT,2026-01-22,short,0.18479120815732014,0.5945212433023632,0.47932333774895386,0.5,True,True,-1.7246068046294631,False,-4.084506917841413
TGT,2026-02-04,long,0.3902189544066314,0.7820205093541589,0.5888607029858479,0.4,True,True,1.2715530179050925,False,2.37124640917723
TGT,2026-02-23,short,0.1626520081908817,0.5855938281174795,0.15905029016923108,0.3,True,True,-1.861843336020993,False,-5.999647096499117
TGT,2026-03-04,long,0.011771784757810894,0.46952208931818923,0.07805547136103745,0.3,True,True,1.8191444306279998,False,-4.18887032614772
TGT,2026-03-11,short,0.1444799120904618,0.4437046313855054,-0.0025734845464260086,0.3,True,True,-1.9737207982655534,False,2.0289585396448206
TGT,2026-03-31,long,0.331993091109168,0.5309190336005295,0.4494445335002228,0.3,True,True,0.853322487247967,False,1.3778953420387152
TGT,2026-04-13,short,0.0820692587605589,0.9497773761865337,-0.10461568079435755,0.3,True,True,-1.167643033851105,True,-10.044111198166483
TGT,2026-04-16,long,0.28041856003156235,0.3831491611052796,0.27809043432030656,0.3,True,True,1.302619703154865,False,4.713103986210188
TGT,2026-05-01,short,0.24823129048542747,0.264427618866383,0.47211818684745577,0.2,True,True,-3.0428227639469596,False,4.81160804618278
TGT,2026-05-27,long,0.4168241945333536,0.4536238170839448,0.28372829355841594,0.1,True,True,0.6454786131534906,False,-0.2727357469422431
TGT,2026-06-02,short,0.34349114689707355,0.4668987953736614,0.11321453807146507,0.1,True,True,-0.4393812188199221,False,-8.29679921969575
TGT,2026-06-10,long,0.20937011866172708,0.5393503900469845,0.09301505551993089,0.1,True,True,0.3776126363115786,False,9.056106925393914
TGT,2026-07-01,short,0.5252272207184283,0.7715110242450083,0.6032052661893292,0.1,True,True,-1.9878181446576122,False,-7.613795479985286
TGT,2026-07-15,long,0.40693616981456965,0.5791865938363222,0.35521233209431674,0.1,True,True,1.5441710901078425,False,5.502927526756896
TGT,2026-07-24,short,0.17325376489043345,0.18980378069560447,0.4179224648019429,0.1,True,True,-1.9502713556811846,True,-9.445818698511133
TGT,2026-07-27,long,0.15251011433096914,0.33461628112609537,0.30510383207209263,0.1,False,False,2.1309569956987686,False,8.322657444480907
TGT,2026-08-31,short,0.06845366818914372,0.763739219011463,0.40215803197512145,0.2,True,True,-3.43850367756584,False,4.027853549015159
UAL,2018-06-11,long,0.7208542386446707,0.7521980331464692,0.005891899945368258,,True,True,0.6718593442410878,False,-1.1365206895111446
UAL,2018-06-25,short,0.17390691744126383,1.0591773061174814,0.2728646493458992,,True,True,-1.3419145632348632,False,0.04205632766970391
UAL,2018-07-16,long,0.0903225170204225,0.40518159101982965,0.11178740976327524,,True,True,0.267671165504597,False,10.808188939532148
UAL,2018-08-10,short,0.1758026263290698,0.33588498884754686,0.043167777308741793,,True,True,-2.5016583981510916,False,-4.1850197232729425
UAL,2018-08-21,long,0.08400903866292148,0.3972372855760526,0.15963011856902656,,True,True,2.0928933845111177,False,2.9535356889273556
UAL,2018-09-07,short,0.14780897496967557,0.17137908635802834,0.10511787581505434,0.0,True,True,-2.1136388469433776,False,-2.5775571719484303
UAL,2018-09-17,long,0.019672365628584577,0.03458192476318187,0.03968535395263566,0.0,True,True,2.078077549772411,True,-2.8283085050821444
UAL,2018-09-18,short,0.05077172330150317,0.07071928378955418,0.14703826930800495,0.0,False,False,-2.0600582938479715,False,3.7731677980793688
UAL,2018-10-18,long,0.6319047194375044,0.8923911130244458,1.1537713436086914,0.125,True,True,-0.587759155006086,False,1.090830884813565
UAL,2018-12-04,short,0.0978732596127655,0.6765285904652254,-0.1326276767595638,0.1111111111111111,True,True,-1.5854978682697871,False,6.058298397777384
UAL,2019-01-09,long,0.20213974928508996,0.30735036428152446,0.24202293298792735,0.1,True,True,-1.2293683075832713,True,0.32234555417904875
UAL,2019-01-11,short,0.09471757700162585,0.20164315130228797,0.044344490715320484,0.1,True,True,1.2964282369660813,True,-5.657548141079483
UAL,2019-01-16,long,0.7716873426691817,0.821001455170723,0.019369457281547386,0.2,True,True,-0.9630200061793389,False,1.0537239767061335
UAL,2019-02-27,short,0.2268726935294864,0.3049121589827713,-0.0054476068118895216,0.3,True,True,-0.6282015330338698,False,7.294519978257963
UAL,2019-04-01,long,0.25105753104031026,0.4293434590920761,0.2393195198048639,0.3,True,True,-1.1811689273069659,False,4.5134088939283945
UAL,2019-05-06,short,0.05412018448066272,0.19198338554885472,0.1640528579582901,0.3,True,True,-1.0072297986601388,False,6.8914488992649625
UAL,2019-06-06,long,0.4396178381852168,0.49696935644573925,0.32554428714080974,0.3,True,True,-0.9967971730387709,False,5.038573229635124
UAL,2019-07-26,short,0.08120106724345706,0.34007240521948956,0.15412384141744645,0.2,True,True,-1.5667798096119208,False,6.833758795745515
UAL,2019-08-29,long,0.08119193875620669,0.3923764811170643,0.03225618311306287,0.2,True,True,-1.173455049176108,False,7.863969584039898
UAL,2019-09-27,short,0.037932764081503624,0.15630969197543432,0.15578866907890326,0.2,True,True,-0.5004241373392951,False,1.1232106542149567
UAL,2019-10-15,long,0.18548882882956544,0.2031753944492042,0.244268005990254,0.2,True,True,-0.08908840998554787,False,3.584435166509281
UAL,2019-11-13,short,0.03690787619660387,0.2608246881064612,0.16158995619251887,0.1,True,True,-1.0532342692379022,False,-0.6816759308529763
UAL,2019-12-19,long,0.08205622730129414,0.2822252486490618,0.42485650283549375,0.0,True,True,-0.6810567906440167,False,-1.703658654633855
UAL,2020-01-07,short,0.30684758224104935,0.3371028183905084,0.022913021763449462,0.0,True,True,0.6063147564317835,False,3.9529796448941834
UAL,2020-01-15,long,0.2390201647076919,0.31420345984081405,0.04264626545519949,0.0,True,True,-0.590436629091614,False,-11.93793272877144
UAL,2020-01-22,short,1.0420030054943703,1.3092051257318087,-0.007551895590187471,0.0,True,True,0.8942041807106513,False,1.787854486732321
UAL,2020-02-06,long,0.027766463114432625,0.7347670234630671,0.891576032901439,0.0,True,True,-2.2484843730252613,False,-3.0931650481609063
UAL,2020-02-25,short,1.329932773455247,1.3909093239111812,0.4128221918714659,0.0,True,True,1.7747841858437612,False,25.520757261465743
UAL,2020-03-25,long,0.06528474000802459,0.9609021605993183,0.6268695609487426,0.0,True,True,-3.0072651876736103,False,-24.836061814774556
UAL,2020-05-14,short,0.03770268161321478,0.08343404392659332,0.06876544735928244,0.0,True,False,0.7917497192375594,True,-38.12808851901983
UAL,2020-05-18,long,0.12392680148271583,0.21615178243932345,0.03130205756250226,0.0,True,True,-0.7416677939885632,False,23.953588427981853
UAL,2020-06-19,short,0.15896636667215341,0.2991014663553279,0.16535454588795098,0.1,True,False,-0.6778172637800914,False,4.424541426069273
UAL,2020-08-05,long,0.06493985222538996,0.18368247451200406,0.00467819753534105,0.1,True,True,-0.08396400600195023,False,2.1049483964077798
UAL,2020-08-20,short,0.08762929152344011,0.18268087852654494,0.3098597140095312,0.1,True,True,-0.1131574957499319,True,-9.838479776446407
UAL,2020-08-25,long,0.017682084850741634,0.04302086369276851,0.02731075702637171,0.1,True,True,0.1272001381698249,True,2.2998226306636615
UAL,2020-08-26,short,0.1334265647320075,0.15154412399142506,0.027737529789644746,0.2,False,False,-0.10826283771466104,True,-6.423359891794034
UAL,2020-08-27,long,0.1152256608101454,0.2505748914014592,0.09507006395666465,0.2,True,True,0.15126474154069838,False,-0.4141400354044311
UAL,2020-09-11,short,0.16208755796020308,0.2760933203533602,0.29160619143195204,0.4,True,True,-0.3333092339992342,True,5.184360819811973
UAL,2020-09-16,long,0.1918455517037199,0.4241086878027148,-0.03217467146976118,0.4,True,True,0.39480147843503116,True,-9.268927696545305
UAL,2020-09-21,short,1.3135548647974131,1.460664037889154,0.0462896074184252,0.5,True,True,-0.24590623489428207,False,-7.132287014247041
UAL,2020-10-05,long,0.16129261081012197,0.45794288923105936,0.4302917207296381,0.5,True,True,-0.052811732483848246,True,-1.9337037242720068
UAL,2020-10-06,short,0.011984028488561047,0.17513334305033507,0.3815266958720525,0.5,False,False,0.07787343322564394,True,-3.38302829426933
UAL,2020-10-07,long,0.4075024665269424,0.4194337657967186,0.2943478410448649,0.5,True,False,-0.008934155776248977,False,-2.3089613192015523
UAL,2020-10-15,short,0.3879360706132295,0.6264880758463971,0.296730946260707,0.7,True,True,0.003990741334002192,False,1.985402350878196
UAL,2020-10-22,long,0.6105198220214672,0.7526151325826915,0.27130442417799616,0.6,True,True,0.09328722974195004,True,-5.0751963457578375
UAL,2020-10-27,short,0.31955868243227004,1.066913180482209,-0.19620943090842274,0.6,True,True,-0.03286324511359093,False,-17.20808130876388
UAL,2020-11-09,long,2.515501160988414,2.7363449392073456,0.3712834775363223,0.5,True,True,0.31208661736366994,False,-0.943851385597394
UAL,2020-12-14,short,0.29757869078706317,0.7337187456603681,0.4129723081954177,0.5,True,True,-2.7460427049772025,False,6.378423511076015
UAL,2021-01-14,long,0.14384310948483095,0.38014278132291496,0.15333870074629347,0.4,True,True,0.08753537088556687,False,-13.609849022377741
UAL,2021-01-21,short,0.08002401749922776,0.29360598737631655,-0.022587849836071715,0.3,True,True,-0.018645390809727075,False,0.42263513625473426
UAL,2021-02-05,long,0.03419300961145633,0.16268744195834992,0.2524619026762229,0.3,True,True,-0.572006331642578,False,17.94020285426987
UAL,2021-03-23,short,0.5050601829980368,1.1966936354750426,0.3831416505621557,0.2,True,True,-2.157230727339787,False,-9.584251335494898
UAL,2021-05-07,long,0.0490776877628851,0.2601535337975927,0.0006057989626770489,0.1,True,True,-0.3683882151425552,True,1.0414757894970261
UAL,2021-05-11,short,0.0015948476913608765,0.1383607950803912,0.038632816509875254,0.1,True,True,0.37796074987971,True,-8.12143969133816
UAL,2021-05-14,long,0.1898265494608652,0.5072786605875521,-0.056031515327642376,0.2,True,True,-0.35554567431773937,False,5.55354515668689
UAL,2021-06-09,short,0.11518166628537141,0.20856995136562248,0.3255638280868541,0.2,True,True,-0.6327072688322749,False,3.6868786077734694
UAL,2021-07-26,long,0.46104081802110153,0.5998229573168847,0.49441988754999744,0.2,True,True,-1.1506597994921937,False,-6.085722558127083
UAL,2021-08-19,short,0.2896255697994778,0.3497131203031546,0.24402452039979367,0.2,True,True,1.07904927145753,True,-6.44206236443845
UAL,2021-08-24,long,0.40044790344978853,0.5649177550556027,-0.03428834790959759,0.2,True,True,-0.9614760193851503,False,-3.3743637279923244
UAL,2021-09-10,short,0.0004400334339336729,0.5206103876411976,0.07926227266682072,0.3,True,True,0.5946998374117954,False,-10.036086485398288
UAL,2021-09-22,long,0.30901001581779863,0.4263109085828258,0.19212224078048004,0.3,True,True,-0.6944391148413998,False,9.93870596584243
UAL,2021-10-13,short,0.2639206445536394,0.6761699245147542,0.4152392542172479,0.3,True,True,-0.7952529379576607,False,4.302425495689544
UAL,2021-11-03,long,0.47852438907008776,0.4967277471102913,0.37152091271789905,0.3,True,True,-0.034070189038414536,False,-0.6320031873915388
UAL,2021-11-17,short,0.3212357179898786,0.475824813896782,0.5230466361191097,0.2,True,True,-0.7083081149663661,False,14.56709487959481
UAL,2021-12-09,long,0.12177086210176533,0.33420056797851555,0.6360270232585744,0.1,True,True,-1.477472874527121,True,0.9675974762909823
UAL,2021-12-14,short,0.11742182190100864,0.187001897399474,0.053103734546168076,0.1,True,True,1.6170804516591253,False,-7.370708454163566
UAL,2021-12-21,long,0.3683388381339912,0.6414553388382322,-0.028069996613312057,0.2,True,True,-1.5135638260429964,False,4.211241660071496
UAL,2022-01-19,short,0.025328644089022658,0.44735561624119724,0.1609383751474574,0.2,True,True,-0.5670681064719933,False,0.6306364512869145
UAL,2022-02-03,long,0.00788894752289717,0.09046943618753713,0.43898185714776405,0.1,True,True,-0.6453605157799112,False,12.256264054962806
UAL,2022-02-23,short,0.33073668392076955,0.8388541326455039,0.494890172012142,0.1,True,True,-0.8076975435306368,False,20.410484058566613
UAL,2022-03-16,long,0.029853561067215702,0.9086729846000658,0.5046507865658135,0.1,True,True,-2.048852317568518,False,11.337708519889066
UAL,2022-04-08,short,0.07638476916363136,0.29095564794576434,0.3459582189470711,0.1,True,True,-0.5317762985770267,False,-22.259295415581093
UAL,2022-04-14,long,0.08178990351388721,0.1344959674305492,0.008564438591549131,0.1,True,True,0.5558033727420186,False,11.898955915777098
UAL,2022-05-06,short,0.38078968297140087,0.43075410976376016,0.17175083582563871,0.1,True,True,-1.320775733056368,False,8.354379592718452
UAL,2022-05-27,long,0.27674907291978235,0.5912861893864747,0.12463230281548049,0.1,True,True,-0.24695866869892835,False,-23.528195466948176
UAL,2022-06-09,short,0.2729520841295333,0.3873198047500401,0.04074429206021577,0.0,True,True,0.2714996555149552,False,9.812651912275538
UAL,2022-07-05,long,0.22589857141333547,0.2407961029886387,0.07704287507252842,0.0,True,True,-1.4075498445096328,False,12.172030974886772
UAL,2022-07-26,short,0.009019081702296119,0.41116743089953817,0.5367987621472015,0.0,True,True,0.4507354896148312,False,-6.9609481433251075
UAL,2022-08-01,long,0.15594880209488246,0.2083353165515834,-0.013913928005128392,0.0,True,True,-0.42255772526592716,False,5.757500829689088
UAL,2022-08-22,short,0.3060006694265584,0.48984736971811654,0.2734592726836818,0.0,True,True,-0.000613226919214518,False,-0.6050638531631236
UAL,2022-09-07,long,0.054162322614382925,0.8884604847495929,0.17962276609947686,0.0,True,True,-0.3902250008011569,False,-6.4248695343835704
UAL,2022-09-21,short,0.09232410697762002,0.6426618134339724,0.17275250607125697,0.0,True,True,-0.019779921066704734,False,1.9379866656682787
UAL,2022-10-06,long,0.31006204122443537,0.363714492781225,0.6565955894859238,0.0,True,True,-1.1206435652555393,False,11.699085411030374
UAL,2022-11-09,short,0.08447771548392484,0.15385880491463136,0.14497161756346552,0.0,True,False,-1.4493665211615467,True,-3.115411206278962
UAL,2022-11-10,long,0.13305299016520425,0.21891413206755397,0.10585722373826248,0.0,True,True,1.5318595680415017,False,0.20301451426418815
UAL,2022-11-16,short,0.15504458604044494,0.25986039901491115,0.011027048912118245,0.1,True,True,-1.5003629101939573,False,-1.3859978319055388
UAL,2023-01-05,long,0.5073316767477382,0.6819726830442947,0.29355265844837136,0.1,True,True,-0.8501392567551666,False,19.93209765143602
UAL,2023-01-30,short,0.07643557264034923,0.3473245814529172,0.27827365880897265,0.1,True,True,-1.700008221811234,True,-2.0327723726341285
UAL,2023-02-02,long,0.08491705264717832,0.274179542071827,0.02747878064805311,0.1,True,True,1.702994543592177,True,-6.346778068561432
UAL,2023-02-06,short,0.03192436771090382,0.0883630110672033,0.059556129790124875,0.2,False,False,-1.638446126723721,False,5.341707588011479
UAL,2023-03-01,long,0.09488857786787348,0.21603540261100598,0.1921270648968272,0.3,True,True,0.8600714307194673,False,-17.65604143493782
UAL,2023-03-10,short,0.1392069143439538,0.4315358172119624,0.023577257052149185,0.3,True,True,-1.0649732297879846,False,18.8542287231654
UAL,2023-04-03,long,0.09618771464721729,0.18373506262053146,0.49478630084764214,0.3,True,True,-1.2295553658718963,False,-0.7151039665637127
UAL,2023-07-06,short,0.33124437456095257,0.4391456909925612,0.12124339748198866,0.3,True,True,-1.4438506606186288,False,-3.9507563363091025
UAL,2023-08-31,long,0.01788001347710035,0.1692599936398363,0.3300823516739598,0.2,True,True,-0.9541563894945966,True,-8.251356147433109
UAL,2023-09-05,short,0.07861906987100241,0.21756343997254862,0.1124760304491085,0.2,True,True,0.9833526948364774,False,6.663914711965568
UAL,2023-10-06,long,0.15760922059073315,0.3579034834379624,0.11831315066019354,0.3,True,False,-1.4580371940820702,True,-16.09277759767477
UAL,2023-10-09,short,0.07495906857374454,0.23749957832497925,0.18115189764614092,0.3,False,False,1.4850190828353516,True,11.060829175971666
UAL,2023-10-10,long,0.017775769886512794,0.09512650995867378,0.12753077768026921,0.3,True,False,-1.4518890260512916,True,-12.998267094169657
UAL,2023-10-13,short,0.028054729987710463,0.31093736218649126,-0.0653845523456127,0.4,True,True,1.3999231089068336,True,12.4483459268256
UAL,2023-10-16,long,0.11776647179590152,0.14718343800004427,-0.0028394112017030306,0.4,False,False,-1.365717876080464,True,-11.965594961550007
UAL,2023-10-18,short,0.482697597541119,0.9883933619229262,-0.06512002986356241,0.4,True,True,1.4259839115697972,False,3.9459167741304646
UAL,2023-11-01,long,0.379156404406014,0.4601530325821856,0.4108053480724399,0.6,True,True,-1.5163141511600178,False,14.737136027101982
UAL,2023-12-27,short,0.18687679438032043,0.20320457730340233,0.08202015608774905,0.6,True,True,-0.6997077684205866,False,-6.6618710994308605
UAL,2024-01-09,long,0.06544192611214338,0.42704050198081694,0.2571385170824352,0.6,True,True,0.41590678188633695,True,-6.201195925966485
UAL,2024-01-12,short,0.14766120654452258,0.8745905393342351,-0.12240285065254512,0.6,True,True,-0.41816938210435256,False,-5.806941790287912
UAL,2024-01-25,long,0.04418561551187556,0.7950163116739093,0.298761964988704,0.6,True,True,-0.10194421037987443,False,-3.1191810548064414
UAL,2024-02-05,short,0.1315520969820061,0.5133324219114019,0.12593925571126524,0.5,True,True,-0.02012496713220672,True,-8.622846557538288
UAL,2024-02-08,long,0.11815716652778523,0.1522500471672145,0.13368653016797222,0.5,True,True,0.0606939785039615,False,9.34646681758644
UAL,2024-03-05,short,0.1733689984736032,0.5667149747955309,0.33549202599738925,0.4,True,True,-0.7353399394824711,False,-0.3886560640645742
UAL,2024-03-20,long,0.19019676286241483,0.9113729784810809,0.30403145018796324,0.3,True,True,0.4097356214111582,False,-6.002606239693242
UAL,2024-04-04,short,1.155127334119023,1.1728966984790579,0.6025714512630932,0.2,True,True,-1.1521779813235018,False,-18.972690228232224
UAL,2024-04-17,long,0.031677690293568296,2.293395051612596,-0.10446482423791566,0.2,True,True,-0.346735384684928,False,3.9597792860380343
UAL,2024-05-09,short,0.19429979531695643,0.2054371789219485,0.045598437529706666,0.2,False,False,-2.6362862861134366,True,1.6530547766017478
UAL,2024-05-14,long,0.041704480353508176,0.20751848735495482,-0.0514908960923216,0.2,True,False,2.588691662614835,True,-5.9175863360023335
UAL,2024-05-17,short,0.02919022360516153,0.05824966300411374,0.046174373142798104,0.3,False,False,-2.4661360885289496,False,4.093141622766772
UAL,2024-07-18,long,0.09443131061082355,0.20084434790155511,0.3115175094861697,0.3,True,True,-1.144486113662613,False,-8.644100828395363
UAL,2024-08-01,short,0.5934447541549457,0.8446777878553822,0.17370888553655292,0.3,True,True,0.8852771122694411,False,-0.6606861072203429
UAL,2024-08-15,long,0.3345738031381524,0.7333844370320136,0.3186098691226918,0.2,True,True,-1.3513517962970552,False,-0.046883398582298064
UAL,2024-11-05,short,0.0668203432847576,0.10769287512136962,0.2783670257711786,0.2,True,False,-2.19768080911678,True,-17.78083665373589
UAL,2024-11-06,long,0.6094312725349902,0.6763893403777487,0.17877681438740495,0.2,True,True,2.3314342461688238,False,8.04977766038757
UAL,2024-11-22,short,0.03489904837490214,0.13706916033763242,0.026378530906440274,0.3,True,False,-2.1238367837398275,False,-0.818982356984721
UAL,2025-01-10,long,0.7668756193959771,0.8184977409398636,0.50477622008775,0.3,True,True,1.0309470147675162,False,-0.3454418303367013
UAL,2025-01-24,short,0.2914754602047112,0.36075376833981404,0.2770840669698235,0.3,True,True,-1.4201598838589524,False,-3.809523809523818
UAL,2025-03-24,long,0.49051404757877803,0.7380810041487681,0.46706725330635,0.2,True,True,-1.4943749182379054,False,-26.738968382617834
UAL,2025-04-03,short,0.31653359911647133,0.6438957415424328,0.09205505739368912,0.1,True,True,1.356652264837069,False,-10.078040105686693
UAL,2025-04-10,long,0.11166600659972666,0.1589614620156219,0.24739567395451695,0.1,True,True,-1.3720688874674534,False,8.685254100784356
UAL,2025-05-21,short,0.006906988511609164,0.3931581836949455,0.21308660588777534,0.1,True,True,-0.42791606469212096,False,-9.573157599586324
UAL,2025-05-30,long,0.07090975033410513,0.1114253812477379,0.09297096556012949,0.1,True,True,0.410575248954909,False,-6.8479384116569175
UAL,2025-06-12,short,0.38645081786054425,0.4059579943944274,0.16346833873095942,0.1,True,True,-0.4506272544479889,False,-2.2601058931973395
UAL,2025-07-01,long,0.14936233570423432,0.15611900953666905,0.19718644427755389,0.0,True,True,0.1260610045889587,False,10.518423295376023
UAL,2025-07-30,short,0.2858431345241605,0.3501116384733065,0.2072100474183334,0.0,True,False,-0.7869740680297012,False,-10.58289370327219
UAL,2025-08-12,long,0.30295367197025047,1.2372395005224341,0.15246948561757043,0.0,True,True,0.5841021317333858,False,5.747939435919114
UAL,2025-09-09,short,0.22763775096488942,0.3323480033095681,0.08241481277012785,0.0,True,True,-1.9153706980770506,False,1.4387167539118617
UAL,2025-10-14,long,0.4426902847377822,0.5582401072393265,0.29994167109768866,0.0,True,True,-0.35208029583421896,False,-7.959281592848932
UAL,2025-10-23,short,0.3067929552386201,0.33685103598527727,0.13516019514817382,0.0,True,True,0.37210990247942893,False,-0.04180697679740941
UAL,2025-11-07,long,0.09548622413523768,0.4035446256043466,0.12065003818285111,0.0,True,True,-0.5856629477706751,False,-5.367959910245168
UAL,2025-11-17,short,0.321315404561315,0.7688548018316055,-0.09942529885179563,0.0,True,True,0.5554252373497386,False,-16.04224657559341
UAL,2025-11-25,long,0.653557384035603,0.7705705134764008,0.19281454138608103,0.0,True,True,-0.424680342298775,False,8.927301460653725
UAL,2025-12-30,short,0.29563313442788686,0.43864049146822226,0.3701585225541485,0.0,True,True,-1.6031788382559196,False,0.6904561210944737
UAL,2026-02-06,long,0.39278692243025665,0.8270561741584972,0.33918731556212095,0.0,True,True,-0.15333678154812178,False,-7.540337517926532
UAL,2026-02-23,short,0.26036987424965213,0.6401096249904413,0.061140400399521046,0.0,True,True,-0.20143596625480964,True,11.803678027443054
UAL,2026-02-26,long,0.4462052311269634,0.4510238525108784,0.13528676404563855,0.0,True,True,0.4595833701893913,True,-25.680667738132545
UAL,2026-02-27,short,0.3934900202090807,0.8462340239033427,-0.055678070272343345,0.1,True,True,-0.1650808359064037,False,18.532459089436447
UAL,2026-03-23,long,0.243209579994036,0.39686836657385444,0.3551615080376134,0.2,True,True,-1.7263722831315316,False,-4.970198184811448
UAL,2026-04-24,short,0.0106177085971149,0.14740742808999016,0.4295215901385717,0.2,True,True,0.1669947504505364,False,-7.075270786080301
UAL,2026-05-06,long,0.5807060821890858,0.6874603645025077,0.17306508817357927,0.2,True,True,-0.15338846396330505,False,-2.0191965753445063
UAL,2026-05-18,short,0.11970470705153541,0.2666779668777695,0.23302741368345317,0.2,True,True,-0.017260042393901432,True,-17.57968244902981
UAL,2026-05-21,long,0.41528274057606823,0.5118091952986357,0.02503432561791583,0.2,True,True,0.14759752602940096,False,6.112007230620131
UAL,2026-06-08,short,0.1210980627240085,0.35860891948059515,0.6583678514943674,0.3,True,True,-1.3097850334082008,False,-15.410181735626406
UAL,2026-06-12,long,0.46159687371595315,0.5394306383132276,0.015289249733961783,0.3,True,True,1.4322577585816918,False,17.027360084779275
UAL,2026-07-07,short,0.04001601469650936,0.8467837986369615,0.5201220013422517,0.3,True,True,-2.0378277873822137,False,8.269036561633792
UAL,2026-08-03,long,0.23282000095611108,0.4359351878048452,0.1513508299915167,0.2,True,True,0.20963910833015126,False,-4.7745130326032115
UAL,2026-08-13,short,0.030694850812025803,0.07637321024565959,0.28965339483579766,0.1,True,True,-0.5190526963426249,False,11.048673726206603
V,2018-06-15,short,0.044169425623249825,0.0637858245075867,0.07721540133691736,,True,True,-1.7958772853026834,True,1.9615105995055115
V,2018-06-18,long,0.10669288835803076,0.15146775157962833,0.06673452984044384,,False,False,1.8566213264372946,True,-2.7165687666810268
V,2018-06-19,short,0.11275499637995264,0.22067706953180463,-0.015135760807102982,,True,False,-1.803824746166199,False,2.70894384804643
V,2018-07-10,long,0.3849527227557631,0.680304384498262,0.5457039780647305,,True,True,0.7605145696910043,False,2.4434513334536057
V,2018-07-30,short,0.7705414241904769,1.4237667054108771,0.10081517103025221,,True,True,-1.806837795085086,False,-2.733003874076867
V,2018-08-24,long,0.568001199734742,0.5688978466949111,0.053499292160875976,0.4,True,True,1.485564289571776,False,-0.08322058280609834
V,2018-09-07,short,0.5086524514088178,0.5769445339291533,0.5176139907720733,0.3333333333333333,True,True,-2.6478993580904846,False,-4.783497914879442
V,2018-09-13,long,0.05894109434567152,0.3982382157818748,0.07689334043968105,0.2857142857142857,True,True,2.8711175495172605,False,1.6188937657704239
V,2018-10-02,short,0.028858689228996766,0.4232791009371312,0.03125741058346455,0.25,True,True,-3.45556690802178,False,5.298337038775958
V,2018-11-01,long,0.17196694425316092,0.9438039701878138,-0.05751593003277842,0.2222222222222222,True,True,-1.4408608280317965,False,0.8980052798885474
V,2018-11-19,short,0.2793215681255972,0.8777634497124599,0.1648357932251388,0.2,True,True,0.4077465085289453,False,-2.87917926882324
V,2018-11-28,long,0.07330881294825992,0.8928297989925746,0.10147981381149247,0.1,True,True,-0.7331124120425889,False,-2.7161417125346032
V,2018-12-12,short,0.05196426280493181,0.06348526136327143,0.3451340890224005,0.0,True,True,0.2568628043956086,False,4.2017858930775365
V,2019-01-02,long,0.40771515026279875,0.5379050658292034,0.7081248174376502,0.0,True,True,-1.3455854263942963,False,3.325283830904313
V,2019-01-29,short,0.10688231874544918,0.3705682596140041,0.1814349398556321,0.0,True,True,-0.3901745287892701,True,-5.177771434049849
V,2019-02-01,long,0.12397738812818865,0.44444062024669556,-0.016498084304425464,0.0,True,True,0.4631331542606477,False,3.576839985532332
V,2019-03-07,short,0.14271885067329843,0.32958860416988167,0.22109369974069518,0.1,True,True,-1.4854944687038092,True,-6.1091419225022925
V,2019-03-12,long,0.3073563128108225,0.32687353821900833,0.06478430642523185,0.1,True,True,1.5639827243075906,False,2.3528426187351625
V,2019-03-25,short,0.36594632684437073,0.4619360421827216,0.3405617628116288,0.2,True,True,-1.6271035690728295,False,-3.0843375470143597
V,2019-04-03,long,0.13962473695657654,0.2295483244412303,0.2705164201648417,0.2,True,True,1.6224475151995723,True,1.2494716148394813
V,2019-04-04,short,0.024376732425657723,0.16883877685883686,0.1859184084194092,0.2,False,False,-1.5903697812586672,False,-1.5985606034393252
V,2019-04-29,long,0.26374483215177863,0.5270403121744816,0.043691685762844816,0.3,True,True,1.4212893425197288,True,-4.154737272669262
V,2019-05-02,short,0.98379738636663,1.0644399967131022,0.07091888155221544,0.3,True,True,-1.2851183586112365,False,-2.4848505365787643
V,2019-05-17,long,0.017675225751209746,0.6689678651765084,1.0136930550116796,0.4,True,True,0.8092738963037974,False,-3.3457326593822834
V,2019-05-23,short,0.3164974650524174,0.829128596129145,-0.16485633631787694,0.4,True,True,-0.9883891587369973,False,-5.28760366765435
V,2019-06-06,long,0.6752122744727487,1.3716631108498945,0.23188673545570662,0.3,True,True,1.1886214948613851,False,4.0857916144257045
V,2019-06-27,short,0.32438851501312593,0.4293678506523829,0.44035803398160633,0.3,True,True,-3.3345524074970205,True,-5.3145059235729875
V,2019-07-02,long,0.2737080377544332,0.2974773960128131,0.027451905411236075,0.3,True,True,3.6438974890148037,False,2.207903538333733
V,2019-07-19,short,0.34113153412841674,0.45003314667696176,0.3706677264339378,0.3,True,True,-4.031250867849112,False,1.0154227451970144
V,2019-08-20,long,0.082906946436105,0.31204502506600656,0.47307301171065114,0.3,True,True,0.3904135734442742,True,1.411502795949593
V,2019-08-23,short,0.12236528359561061,0.8437427865200023,-0.15624192613773383,0.3,True,True,-0.41290419527760724,False,-3.6066859053032196
V,2019-08-29,long,0.467052050641248,0.537024272190238,0.0204334913520661,0.3,True,True,0.5928931835170815,False,-2.1526584790751313
V,2019-09-10,short,0.030859623924897727,1.4184943928251517,-0.20698890339924625,0.2,True,True,-0.9902572695131914,False,1.0604045820539532
V,2019-10-07,long,0.03981492767834991,0.3002163453178054,0.1665170610053053,0.2,True,True,-0.8294659349046833,True,0.8748016296317163
V,2019-10-08,short,0.0944074950989717,0.13417899420080856,0.375434938909612,0.2,False,False,0.8676106112047077,True,0.9047643504014546
V,2019-10-09,long,0.1916895674404393,0.2863949216978451,0.2753373352662915,0.2,True,True,-0.75103808000422,False,-2.035685521229502
V,2019-10-22,short,0.1449005642618211,1.177982613521252,0.26664678265727865,0.4,True,True,0.18291467507836717,True,-3.224872093490516
V,2019-10-25,long,0.3481715764036928,0.6675424662683874,0.2606474945381559,0.4,True,True,-0.11361661733495017,False,0.6297220812597093
V,2019-12-04,short,0.21100067573521314,0.6047508889131424,0.22234039211239645,0.4,True,True,-1.0514810272954833,False,-2.38099460855683
V,2019-12-13,long,0.14769178871697722,0.6783307491616144,-0.07773821546284716,0.4,True,True,1.2077699252534668,False,1.4529543896107944
V,2020-01-31,short,1.0717897118721622,1.662544756090616,0.31964478255510853,0.3,True,False,-2.4754916352272245,False,-5.842363252891181
V,2020-02-14,long,0.0477432722269914,0.6046652978437611,0.2701668317714552,0.3,True,True,1.8984690969419658,False,-8.540572307944084
V,2020-02-24,short,1.5972852725605424,1.8734550173265196,0.06088829688662761,0.3,True,True,-1.5832042934136616,False,13.914177432498853
V,2020-03-26,long,0.3947650270540649,1.002258179215121,0.5011178206090072,0.3,True,True,-2.242465702659775,False,2.8481674024303905
V,2020-06-04,short,0.013130835488018156,0.23664846647309087,0.07758579339863851,0.2,True,True,-0.9961850173130229,True,-0.13944531386491654
V,2020-06-05,long,0.08751940693166047,0.1008089329590196,0.10348855455288926,0.2,False,False,1.0216049879477798,False,-3.7122449671686986
V,2020-06-11,short,0.6029522663793079,0.6487306139169053,0.015990778112515276,0.2,True,True,-0.8345849698044425,False,-2.7001196217545376
V,2020-07-20,long,0.20296525881292313,0.4109191702774125,0.20741634960023939,0.1,True,True,0.1876270825092245,False,-3.9199925928899315
V,2020-07-30,short,0.18221820391547283,0.4518050848562378,-0.011511834365997835,0.1,True,True,-0.20065340444236443,False,-1.9677951828519946
V,2020-08-10,long,0.10576613735338326,0.1391447474071619,0.47662095398298276,0.1,True,True,0.12498309603453983,False,5.047017821007205
V,2020-09-04,short,0.054055614597414786,1.3675712829516862,0.43939616238210866,0.1,True,True,-1.9234449444549429,False,3.5229481566815823
V,2020-10-05,long,0.25682631333161376,0.32012484667642227,0.347977092059778,0.1,True,True,-0.23776028988784703,False,-3.2278480764810102
V,2020-10-16,short,0.13245538977973736,0.23052863959194858,0.29573105047367576,0.1,True,True,0.019137211458050068,False,9.262943687890957
V,2020-11-05,long,0.29561295732760845,0.8928640948948836,0.57653808073702,0.1,True,True,-1.5648000734127414,False,5.182526219696082
V,2020-12-03,short,0.1838236901216271,0.268252636616381,0.1118632681212605,0.1,True,True,-1.3176614176881232,False,-1.5044552664349897
V,2020-12-29,long,0.08756363644995527,0.36807705080431935,0.12907209243436504,0.0,True,True,0.54647518879536,False,-2.341739528292952
V,2021-01-11,short,0.07540971704254347,0.2260034530407418,0.18544119374806955,0.0,True,True,-0.8561548461909496,False,5.1106313028111305
V,2021-02-04,long,0.7219963094260587,1.1440667866963279,0.6130736289303524,0.0,True,True,-0.9257923106446829,False,-2.0081998450947713
V,2021-03-19,short,1.0629939181256935,1.2766352068894202,0.2693388448279088,0.0,True,True,-1.0848937520788224,False,-5.867569617849577
V,2021-04-06,long,0.22889051878273822,0.2612158010887588,0.3549358583662998,0.0,True,True,0.3050953336979518,False,2.1175490793307494
V,2021-05-05,short,0.060326361329605116,0.46025791516053804,0.25495871401614384,0.0,True,True,-1.9331778483762292,False,1.8733092759237402
V,2021-06-04,long,0.11804425978516123,0.190184281229495,0.08063032657854008,0.0,True,False,0.4113260545026667,False,0.11730799796856317
V,2021-06-18,short,0.22491360702839,0.28802276262132215,0.30724265142224494,0.0,True,True,-0.7490455534341113,True,-3.5675786918485386
V,2021-06-21,long,0.0006772240725611013,0.23160919394827956,0.18045055147984448,0.0,False,False,0.8416338017331287,False,2.2533230236404744
V,2021-06-30,short,0.07259944278379984,0.35101570436545343,0.07941557093193902,0.1,True,True,-1.288220594566886,True,-6.299715750500856
V,2021-07-02,long,0.23048526532839506,0.3899634720382138,0.05993633934919392,0.1,True,True,1.4496165451647383,False,0.7459275078034233
V,2021-07-30,short,0.16051915116892523,0.7783218910670655,0.3367964975038252,0.2,True,True,-2.50912044407778,False,5.447808120704101
V,2021-09-23,long,0.5622457134539981,0.8054529785996015,0.04752151443627284,0.2,True,True,-1.235062085250052,False,0.9811199162143902
V,2021-10-27,short,0.792610799038462,2.0690148420833725,0.04414957551513694,0.2,True,True,-0.006234758804161139,False,-0.07389289371577679
V,2021-11-16,long,0.24855390597485497,0.4200671458106666,0.05071760339350467,0.2,True,True,-1.3405612966726765,True,-11.62746346153648
V,2021-11-17,short,0.37652119043817767,0.6255150518507199,0.07304907985432588,0.2,True,True,1.539852357293636,False,3.3014655684720284
V,2021-12-06,long,0.4218191201741291,0.7978061209948238,0.261539927022304,0.3,True,True,-2.053012247358769,False,2.989955712656722
V,2022-01-10,short,0.32252808767914043,0.4802160867618356,0.21039475029324656,0.3,True,True,-0.8488036311879699,False,4.703513921517266
V,2022-01-28,long,0.0830975467927135,1.3956595929118252,0.05625019788051037,0.2,True,True,-0.1965164919277242,False,-1.2914115880319432
V,2022-02-17,short,0.18876924632484224,0.2463705863753665,0.0973538105268191,0.2,True,True,-1.0470334569767252,False,10.82765377149112
V,2022-03-16,long,0.24696186253491875,0.7458702758920317,0.46776325117916717,0.1,True,True,-1.3122373702553691,False,5.701621148546843
V,2022-04-08,short,0.13583041282417907,0.2574677988659987,0.3420582686512037,0.1,True,True,-0.6253672362786211,False,3.2399172821769184
V,2022-05-20,long,0.016270804008520517,0.13732878895363307,0.26247518211408866,0.1,True,True,-1.2964999554612593,False,6.988875343860967
V,2022-06-10,short,0.14356637272263936,0.838118700304457,0.3055568832803271,0.1,True,True,-0.1703023112003683,False,-2.0299662779813987
V,2022-06-27,long,0.3585592085673557,0.4473572375614179,0.5187941406161277,0.1,True,True,-0.7192456810002595,False,0.6189935749475017
V,2022-08-02,short,0.37409740945486286,0.43022491936455337,0.17692528215323405,0.0,True,True,-0.7908803617489206,False,-5.461369329642718
V,2022-08-16,long,0.21853184326673586,0.2619593229678176,0.08697429021102225,0.0,True,True,0.9052771990624154,True,-7.257996369769804
V,2022-08-19,short,0.09057879034002855,0.2456944221407784,-0.035555868180240376,0.0,True,True,-0.8094757256960575,False,7.076407801183249
V,2022-09-12,long,0.10632284883023364,0.5897502531044664,0.47230004266511,0.1,True,True,-0.8486801498646989,True,-12.60224895923262
V,2022-09-13,short,0.07352029670151239,0.18073771703697605,0.4755363737689506,0.1,False,False,0.9138168475171612,False,10.918011864214028
V,2022-10-05,long,0.5466918012930276,0.8010710769048167,0.5571169656718752,0.2,True,True,-1.9469381113355702,False,-0.6713989095616157
V,2022-11-09,short,0.08146812703307721,0.4743264126495111,0.2349451444273543,0.2,True,True,-0.8577876556161053,True,-9.178570104234463
V,2022-11-10,long,0.22410656921323568,0.30756753534568443,0.18970422907707601,0.2,False,False,0.9914111175975404,False,3.9986221155795976
V,2022-11-29,short,0.04668568839692046,0.2757724251428867,0.03790164701737142,0.3,True,True,-1.2573182884334129,True,-1.9037602272417242
V,2022-11-30,long,0.2006100380423223,0.24785470124364584,0.09673465016127135,0.3,False,True,1.3395666160337514,False,-1.6958577255423268
V,2022-12-06,short,0.3942241702420057,0.5091009284343995,0.034380972767089325,0.4,True,True,-1.1559179457449245,False,1.7792170399671625
V,2023-01-04,long,0.015085661122426194,0.42829932360368045,0.19614449451545693,0.4,True,True,0.07590796079155934,False,3.668699199750569
V,2023-02-08,short,0.15036734413972508,0.1906264788322854,0.16356946958415233,0.3,True,True,-1.151547319175236,False,3.7519115940974235
V,2023-03-21,long,0.026978963663544304,0.46821922619664447,0.15780937306153348,0.3,True,True,-0.5852667991631225,False,2.5726648726588364
V,2023-04-26,short,0.4611977708602827,0.4673006010477746,0.31294797909789823,0.2,True,True,-1.1275162399472347,False,-1.3675236570417582
V,2023-05-18,long,0.13357980293932514,0.18247289488252558,0.05523051511950811,0.2,True,False,0.6871964160720845,True,-2.0590872833028517
V,2023-05-22,short,0.05683373869771535,0.2477515417574147,0.001094579480892065,0.2,False,False,-0.6480224160576882,False,1.3230544510265396
V,2023-06-16,long,0.5709780806854069,0.6029121700619944,0.07388588159137335,0.2,True,True,-0.3584422255428876,False,3.957886506274333
V,2023-07-21,short,0.3353574471929072,0.4481022535909801,0.5184339336364769,0.2,True,True,-1.9244363598034457,False,0.10866703793318555
V,2023-08-14,long,0.12136509756004844,0.34723865946107196,0.08511567419694888,0.1,True,False,0.95689262978592,True,0.38286563031437737
V,2023-08-15,short,0.03147930362810382,0.15476200168683668,0.10113008838423058,0.1,False,False,-0.9065516742794048,False,-2.2974585998430275
V,2023-08-25,long,0.06786233766879242,0.26062426111865944,0.12704170531587589,0.2,True,True,0.7295172748287968,False,1.9169647356874098
V,2023-09-14,short,0.5886740518236551,0.9109119605053124,0.12081622364760136,0.2,True,False,-1.2656598141153532,False,4.074547484739255
V,2023-10-09,long,0.056612117934726945,0.42812531493716605,0.6284036050518016,0.2,True,True,-1.3627525398599785,False,-1.241250984745934
V,2023-10-26,short,0.12093800935969513,0.4086804431250819,0.07483863508395797,0.2,True,True,0.5259226393115225,False,-4.701855622451379
V,2023-11-01,long,0.5108762928437062,0.5838798857316054,0.01628969890565796,0.2,True,True,-0.35959229761123324,False,4.215844562287541
V,2023-12-06,short,0.15519601215882856,0.23030193712318717,0.21107102441108105,0.1,True,True,-1.9127985538980492,False,-1.1089637026160615
V,2023-12-13,long,0.2694751581135337,0.3980273526415627,0.045345603992520356,0.1,True,True,1.9648078676450629,True,-0.7546573418701685
V,2023-12-15,short,0.18958464448427642,0.26841155941287,0.10910032846845867,0.1,True,True,-1.799832650959687,False,-0.32555235533882065
V,2024-01-10,long,0.07622967551555702,0.299188485860905,0.24097053915096922,0.2,True,True,1.125348453323174,False,3.04278049298643
V,2024-02-09,short,0.1923155615450388,0.40060361590409616,0.21967492043041142,0.1,True,True,-1.6919878820296217,False,-2.7927781683260378
V,2024-02-23,long,0.22644241587743155,0.6499934378738603,0.036814378286505585,0.1,True,True,1.6306125170043155,False,-1.2552933014509882
V,2024-03-01,short,0.07742216360787553,0.3669583728035809,0.11089562988275843,0.1,True,True,-1.9647179473796381,False,0.04235839972447364
V,2024-03-19,long,0.18756557515795097,0.5088396261320397,0.19824864990908098,0.1,True,True,1.8976649688640872,False,-3.615806809509403
V,2024-03-25,short,1.177589612489513,1.2254900251828567,0.04458506277829869,0.1,True,True,-2.051301210018726,False,1.5966734660882942
V,2024-04-25,long,0.3529643630843973,0.3586021554105533,0.46380900620723653,0.1,True,True,-0.8521592757929036,True,1.2283724412674557
V,2024-04-30,short,0.17768262582481892,0.4908678251048619,-0.1025100607677445,0.1,True,True,0.9132575055400066,False,-3.3989658180462623
V,2024-05-07,long,0.767335178650283,0.852245380187786,0.168741862438584,0.2,True,True,-0.6985152595609166,False,0.0002587125093267417
V,2024-05-23,short,0.054899602859546225,0.42422869454489237,0.4308865351510569,0.1,True,True,-0.28669407445380446,False,-1.61912222671583
V,2024-06-06,long,0.05046076675863018,0.4918795786364039,0.1891054279633978,0.1,True,True,-0.19804478051809787,False,-0.6569513089672241
V,2024-06-12,short,0.11427572834107089,0.5114761792772724,-0.11377705070399782,0.1,True,True,0.1528751462970297,False,1.379853670220843
V,2024-06-20,long,0.27440288613410385,0.589343578303769,0.026813439464414952,0.1,True,True,-0.15775938577599027,False,-2.3336690875129795
V,2024-06-27,short,0.6683556886679733,1.0200044417713618,0.05069782957253512,0.1,True,True,0.3083145701651389,False,0.31883928713850596
V,2024-07-16,long,0.3037266934553307,0.544398498211399,0.2972014222934883,0.1,True,True,-0.937740451322117,False,-2.284124771985818
V,2024-07-24,short,1.2583119036211823,1.547983007473841,0.29027794455641664,0.1,True,True,1.3437657981151798,False,-0.9245869919610739
V,2024-07-31,long,0.15207670386914535,0.9119055011721453,0.5674009974599042,0.1,True,True,-1.4639835192217414,False,-1.5079661063683525
V,2024-08-06,short,0.2522135942742722,0.429009315206668,-0.007043463050236403,0.0,True,True,1.509899216047952,False,-3.9950242104013656
V,2024-08-12,long,0.1311437766759023,0.28529232166593665,0.03986987206024343,0.0,True,True,-1.615172481531677,False,3.2013475744708364
V,2024-09-23,short,0.05508158423262597,0.08137232760415225,0.5272387137153686,0.0,True,True,-2.159039083792537,False,5.141533162247624
V,2024-10-16,long,0.5661458882326299,0.5719252619621609,0.1992851489086834,0.0,True,True,0.43954154233756715,False,0.9182331214894646
V,2024-10-28,short,0.030323310124823553,0.04910080867970251,0.2773714963117752,0.0,True,True,-0.7423722688163057,True,-9.40567218674284
V,2024-10-30,long,0.16242138389200886,0.38043806172725986,0.030970700317142108,0.0,True,True,0.8166476304801186,False,6.8611760304831515
V,2024-11-22,short,0.08398393357156161,0.2350814585430468,0.3458225926852456,0.1,True,False,-2.1425749498847817,False,0.5227239147587714
V,2024-12-26,long,0.058947051878406403,0.18955552827821598,0.2406088282190103,0.1,True,True,1.3529481283476712,True,-4.35947534143879
V,2024-12-27,short,0.04380233549765182,0.1035570675478068,0.17522950542290391,0.1,False,False,-1.3448341131489117,False,3.003186102975053
V,2025-01-17,long,0.03282259771483499,0.5208159243246987,0.4373701922844545,0.2,True,True,0.40078365090239887,False,8.197229256839101
V,2025-02-20,short,0.17998253253640226,0.5316656933785401,0.1884938497752627,0.2,True,True,-2.921674313444307,False,1.8060367615179485
V,2025-03-25,long,0.0020933619051161567,0.35023722565646775,0.32159223824508193,0.2,True,True,-0.35099619938533155,False,-10.547858324451909
V,2025-04-04,short,1.1036958662106924,1.334108238967682,0.1638607999763802,0.2,True,True,0.5581911102777778,False,-2.225913984780137
V,2025-04-15,long,0.1358755959539541,0.40161063728950763,0.48797001064939005,0.2,True,True,-0.8165283601029324,True,2.885551002759934
V,2025-04-21,short,0.22501422537094515,0.43575115283138505,0.02533764936182752,0.2,True,True,0.9075143752695163,True,-8.915968319187995
V,2025-04-22,long,0.054680683387273374,0.2847804278994889,-0.0267216953496011,0.3,False,False,-0.8025254699587036,False,4.918547658568273
V,2025-05-23,short,0.12701063344718366,0.5168819899783988,0.35866140267517027,0.3,True,True,-1.399621420303561,False,-3.711054813189052
V,2025-06-04,long,0.02660661424842087,0.09274959297737123,0.08538952019595406,0.3,True,True,1.3383179364685207,True,-7.50542458107295
V,2025-06-05,short,0.023082153093294987,0.04967787053962709,0.047315614100291364,0.3,False,False,-1.3214744979623834,True,7.688727821938812
V,2025-06-06,long,0.08333111306426169,0.10649588948509575,0.02562538945700625,0.3,True,True,1.3573399885007362,True,-7.149797273625547
V,2025-06-09,short,0.08335521095310298,0.16775263925165218,-0.005731939696675358,0.3,True,True,-1.305776912962118,True,4.09916314330947
V,2025-06-11,long,0.12654151175262987,0.1417591478221825,0.0029705265581082916,0.4,True,True,1.3710131684345948,True,-7.307591695103566
V,2025-06-13,short,1.0446584577435991,1.105848150547442,0.008493779311531115,0.6,True,True,-0.9892386463829203,False,-0.6234767874325753
V,2025-07-03,long,0.21913879502369288,0.39210815244229635,0.4394709757651275,0.7,True,True,-0.2349606561132625,False,-2.7336442217973267
V,2025-07-14,short,0.0919718674780859,0.13948597668922966,0.10765215510249654,0.6,True,True,0.22425795147912678,False,-1.4179738678742781
V,2025-07-23,long,0.2778531179533561,0.3323524935929282,0.10795294710501765,0.5,True,True,-0.24388153862570408,False,-4.376717227463567
V,2025-07-31,short,0.2983243600815293,0.570069862099727,0.17488382961577292,0.5,True,True,0.25371817110386286,False,-0.18176195365600112
V,2025-08-14,long,0.12642599176188443,0.6731179513765139,0.38285362143173596,0.5,True,True,-0.9241827293178684,False,1.2648610646383673
V,2025-09-08,short,0.15558427916128884,0.6046723709747516,0.3796530603970652,0.4,True,True,-0.08918889021921086,False,-0.6018067142347316
V,2025-10-01,long,0.6699081911424231,0.7491267019246148,0.23322482396977734,0.3,True,True,-0.29530643442193805,False,-0.6152240922691954
V,2025-10-16,short,0.6880523538459301,0.9311091141653504,0.18657098750264486,0.2,True,True,0.0053433809541213895,False,-2.8711969379964897
V,2025-10-23,long,0.020413647854050775,0.12213572898928217,0.25012550418649465,0.1,True,True,0.1043109842134449,False,-2.6014558165440738
V,2025-10-29,short,0.18069193853634544,0.5474962128136178,-0.11524370838340581,0.0,True,True,-0.12031384092549251,False,0.5065557776508633
V,2025-11-26,long,0.6160934602759434,0.6501198422845016,0.8177379610908894,0.0,True,True,-1.9749588276218595,False,3.5471467790202382
V,2026-01-09,short,0.4008543036321073,0.4018402374439689,0.06734388097263833,0.0,True,True,-1.623082113039536,False,6.0840000526646065
V,2026-02-03,long,0.03095271859082862,0.1486065900184729,0.3040288010789811,0.0,True,False,-1.3811271377465342,False,-2.4228580047435
V,2026-02-13,short,0.3133502770764164,0.5702739874022031,0.011907090410778602,0.0,True,True,1.274278497016157,False,-2.047264402762705
V,2026-02-27,long,0.010097761393823873,0.4535177428703627,0.10879009163340046,0.0,True,True,-1.507168466801617,False,-4.060719097755783
V,2026-03-11,short,6.077547912410881e-05,0.43882645100062123,0.1652851667318362,0.0,True,True,1.100385655792312,False,1.3108466786364015
V,2026-03-26,long,0.1455477907974794,0.26921017612464954,0.2851704102237839,0.0,True,True,-1.468798193312928,True,-0.38294812396131306
V,2026-03-27,short,0.28310842785239143,0.437304320820255,0.1787195689073436,0.0,True,True,1.6136820895525905,True,-4.693433700552552
V,2026-03-31,long,0.042162570098440495,0.31257118449991045,-0.03928365212656471,0.0,False,False,-1.5224879453976465,False,4.522896337186144
V,2026-05-14,short,0.039259799354057386,0.11759523468599567,0.05707759043329717,0.2,True,True,-0.8900675756855917,True,-1.1906258360004696
V,2026-05-15,long,0.08987288022314242,0.1299912000589814,0.07640401377010964,0.2,True,True,0.9240099672498188,False,-0.9148159963838332
V,2026-05-27,short,0.19217138562927252,0.2227500700381636,0.24056840651250236,0.3,True,True,-1.0574078086201344,False,1.4193738288852398
V,2026-06-16,long,0.3298898482825159,0.7473383331113671,0.09840711245318184,0.3,True,True,0.32222371535035066,False,5.391450639648632
V,2026-07-22,short,0.5194763657983364,0.5943484397013338,0.35508741003087024,0.3,True,True,-1.69104587913589,False,-4.278191770104178
V,2026-07-29,long,0.1848802885852219,0.39136608692998903,0.2700433214641379,0.3,True,True,1.6836440476633758,True,-2.3437953456593386
V,2026-08-03,short,0.04316206229459091,0.1581165449240466,0.032672637299716284,0.3,False,False,-1.6368911463136644,True,1.6855021414615479
V,2026-08-04,long,0.059350856039780214,0.10303133254699388,0.04976600648428726,0.4,True,True,1.66363368670862,True,-1.2617523039694323
V,2026-08-05,short,0.021089010609724557,0.08090714944146987,0.04749181794412179,0.4,False,False,-1.6504893541317065,False,0.6297616228936431
V,2026-08-24,long,0.6230501436850115,1.0913750908203723,0.31608731813931856,0.4,True,True,1.4553060810238372,False,-3.600844350776655
V,2026-09-02,short,0.02001769028752289,0.15821210380951276,0.4080792430571888,0.4,True,True,-2.160953117882754,False,2.2383724517237025
VIG,2018-06-19,short,0.2809476996628694,0.5159224253249324,0.23318362112686047,,True,True,-1.202267509886624,False,1.5165767289289644
VIG,2018-07-10,long,0.6303901769325959,0.6319062713933864,0.5238647739339701,,True,True,0.3531705960610364,False,0.8440890220652753
VIG,2018-08-10,short,0.17269713043753124,0.4055038297089737,0.0027890933381452517,,True,True,-1.4882854960028877,False,-2.458551339069537
VIG,2018-08-17,long,0.11083460986243031,0.4582549251919735,0.09645187461944937,,True,True,1.4315960928023586,False,1.240555126837739
VIG,2018-09-07,short,0.11005075062302835,0.20350821155799825,0.1230604212033182,,False,True,-2.1549195503834886,False,-2.5723166214946414
VIG,2018-09-13,long,0.1380314808990684,0.20626679815966484,0.02293368717323885,0.0,True,True,2.1877645699411783,False,0.1863161345237785
VIG,2018-09-25,short,0.08324918690457447,0.6925245708584888,-0.07800977804775838,0.0,True,True,-2.48559487648271,False,1.5891723256754697
VIG,2018-11-01,long,0.17965578583488293,0.8804033116165703,0.5279015906055867,0.0,True,True,-1.7999138805317132,False,1.9261871537411768
VIG,2018-11-21,short,0.23110477987710312,0.3789616939624255,0.3120301230904839,0.0,True,True,0.2646930894730472,False,0.8942105734294215
VIG,2018-11-28,long,0.18808497708704242,0.49471551331262703,-0.026911852254143054,0.0,True,True,-0.19695176531987396,False,-2.937611938214413
VIG,2018-12-07,short,0.37359279539726215,0.6180678346793839,0.16208288745428523,0.0,True,True,0.15582279001271704,False,7.538396712665618
VIG,2019-01-04,long,0.2327334852224898,0.46962925744357487,0.30816516396881205,0.0,True,True,-1.7848025614880405,False,5.3653838425759215
VIG,2019-03-01,short,0.026283298817836528,0.06583798966139288,0.13942819755019226,0.0,True,False,-1.4069668584089714,False,0.23794706651650843
VIG,2019-04-01,long,0.17945866334180885,0.33686290431550614,0.1549043060429867,0.0,True,True,0.6620643546455169,False,1.2487507917239515
VIG,2019-05-01,short,0.20901260740524133,0.5522870622525895,-0.030418277065418046,0.0,True,True,-0.8759034440480127,False,1.3696094188245578
VIG,2019-06-05,long,0.03254713718708479,1.2512365050817622,0.24598579985610944,0.0,True,True,-0.4826677441557355,False,2.9060754160614266
VIG,2019-07-18,short,0.11874277851779655,0.12402425318105179,0.13925842548219347,0.0,True,True,-2.3596360486599086,False,0.8056900544123113
VIG,2019-07-29,long,0.03554884612992289,0.12167996008030256,0.19056103162615107,0.0,True,True,2.3854807173140697,True,-3.1901529868312295
VIG,2019-07-31,short,0.5639237829633117,0.6049601061354102,0.08589849131135939,0.0,True,True,-2.1027060277433507,False,2.8625078968277484
VIG,2019-08-21,long,0.42725517258671236,0.4503221040901819,0.49211201272718685,0.1,True,True,0.1775672253868663,True,2.0000135358731574
VIG,2019-08-23,short,0.08610692860377288,0.8090648452782683,-0.13245429226980648,0.1,True,True,-0.04441876168900151,True,-4.257914140509356
VIG,2019-08-28,long,0.02436686011519463,0.24907008816480206,0.1971097315829821,0.2,False,False,0.04871504860100108,False,3.176221048501282
VIG,2019-09-20,short,0.07924866033020976,0.4122551890085207,0.19042914562602478,0.3,True,True,-1.498277608966841,False,0.5861880195625613
VIG,2019-10-15,long,0.202378542742937,0.41870980195787566,0.45675284728612087,0.3,True,True,0.04616148198875053,False,0.3603460741538722
VIG,2019-12-03,short,0.6437085115210472,0.8037943727353459,0.09241532880278461,0.3,True,True,-1.3303347561690146,False,-2.7563903722451766
VIG,2019-12-12,long,0.31027480720374895,0.5307470454902882,0.02891376049454847,0.3,True,True,1.655416144356356,False,1.8612654106026305
VIG,2020-01-06,short,0.05413742379785576,0.3996758395201513,0.31370348022111627,0.3,True,True,-2.717469412471514,False,-2.978883505524421
VIG,2020-01-13,long,0.2186608536869858,0.4679790370718774,0.15338833965497498,0.3,True,True,2.8193696764738703,False,0.8155883643825135
VIG,2020-01-27,short,0.46793754117965636,1.7019352389602678,0.4567040598368134,0.2,True,True,-3.225319032884165,False,-2.1809432466746603
VIG,2020-02-06,long,0.011152635876720312,0.9085278790810428,0.6621126338207826,0.2,True,True,2.3949925039508666,False,-0.007727814544145062
VIG,2020-02-21,short,0.3175798797656634,0.8328484142852159,0.27420525671091556,0.1,True,True,-2.6218649155766447,False,9.211735224479444
VIG,2020-03-26,long,0.08190814525148787,1.1860852975429266,0.450574789230132,0.0,True,True,-2.650246201236569,False,7.017204568910151
VIG,2020-05-06,short,0.08859747892362685,0.11085828900973868,0.1536897034849166,0.0,True,True,-0.3966162493505303,False,-2.6727688202102584
VIG,2020-05-21,long,0.01433897463691909,0.025290525072820147,0.13235027707673824,0.0,True,True,0.28286400444597115,False,7.709923261199214
VIG,2020-06-11,short,0.10867696487613537,0.7421095880338199,0.07772108769459903,0.0,True,True,-0.7381121701023345,False,-1.3760532495170619
VIG,2020-07-06,long,0.02119728079475442,0.44364311697732106,0.37178110958684435,0.0,True,True,0.18329272649460826,False,2.7197137821854955
VIG,2020-07-31,short,0.08277821083140892,0.239004236353072,0.16805878165951968,0.0,True,True,-0.5565483002004525,True,-4.048429319734059
VIG,2020-08-05,long,0.04256326459140484,0.14300739362548517,0.01885150043007644,0.0,True,True,0.5846127480842435,False,2.189386853462283
VIG,2020-08-20,short,0.10306630459728167,0.32823210218104487,0.18128937022529437,0.1,True,True,-1.3450603199113733,False,-1.8170434211199238
VIG,2020-08-27,long,0.15394272425641298,0.25781177374460956,0.08215874906444576,0.1,True,True,2.2900860308568896,False,-1.9975595532401802
VIG,2020-09-04,short,0.9476189413588534,1.0851366416199604,0.08930868751422051,0.1,True,True,-3.0487536195241423,False,2.00620840373128
VIG,2020-10-01,long,0.05346772239896533,0.5457019149036817,0.6547655035320598,0.1,True,True,0.23617553228156726,False,3.4298444721474475
VIG,2020-10-22,short,0.1643235606862111,0.2126594207657387,0.5084922199590515,0.1,True,True,-1.8284220273830865,False,-1.0026658140355638
VIG,2020-11-05,long,0.10496350185155422,0.9445316488388886,0.6269784219350603,0.1,True,True,0.15231366767032298,False,2.3884028265421797
VIG,2020-12-03,short,0.18017363556603125,0.18484778462666926,0.09892912996755261,0.1,True,True,-2.3481692930193008,False,-1.653209478002049
VIG,2021-01-07,long,0.25441742236629117,0.3411258878961283,-0.018576162182604498,0.1,True,True,1.5637421669323326,False,-0.9694712528806937
VIG,2021-01-15,short,0.4373649246571367,0.462659280204461,0.23605271095395078,0.1,True,True,-1.5453740356970784,False,1.548842160756514
VIG,2021-02-08,long,0.738638645899091,0.8878985741971983,0.7402092793672267,0.0,True,True,0.500966999288806,False,-0.8191430902860009
VIG,2021-02-22,short,0.2811803699710834,0.4775754306453792,0.35892257947483525,0.0,True,True,-0.8761743314993027,False,0.028254574972563784
VIG,2021-03-10,long,0.5456875324151075,0.8821317436042035,0.7042410763184639,0.0,True,True,0.13900159991205738,False,0.6302776886358386
VIG,2021-04-22,short,0.0025769493881068564,0.384237647333585,0.1774947890545714,0.0,True,True,-3.146734084762085,False,-2.4794028982719096
VIG,2021-05-07,long,0.2671134687303333,0.3511495648846065,0.16485008985693236,0.0,True,True,2.7662219566596042,True,-1.3277573704978285
VIG,2021-05-11,short,0.15722259466613575,0.5084813529912592,0.024093663461936712,0.0,True,True,-2.5994703983503915,False,-0.2779978373598446
VIG,2021-06-28,long,0.023983707718472927,0.5095432361650866,0.5012342963916566,0.1,True,True,-0.05968069062269452,False,2.0618922517489757
VIG,2021-07-19,short,0.031894366096419116,0.8870314745821921,0.20390695899574007,0.1,True,True,-1.1434485607179947,True,-2.741447234117289
VIG,2021-07-21,long,0.10601177195146935,0.20724595946582333,0.36842879448759625,0.1,False,False,1.1992640045691616,False,0.9047692818741293
VIG,2021-08-18,short,0.16011112230408947,0.83415940124441,-0.07730399201005689,0.2,True,True,-1.919018412839811,False,-1.252656941695962
VIG,2021-10-07,long,0.21800494057876424,0.915339522913662,0.3447753177470017,0.2,True,True,-1.3519849491683655,False,3.491195279329462
VIG,2021-11-17,short,0.015131635165679525,0.1468681006912331,0.043828163440017026,0.2,True,True,-2.0570316548519205,False,2.25483453934876
VIG,2021-12-09,long,0.10729997631065108,0.21258535328596173,0.5817793332832764,0.2,True,True,0.5931063469319002,False,1.2862117696317066
VIG,2021-12-20,short,0.23834018633590717,0.6181250699954481,0.08795909439564177,0.2,True,True,-0.831234478935997,True,-4.547095747313712
VIG,2021-12-23,long,0.04273828247355193,0.22841703231627372,0.06650230874955429,0.2,True,True,0.8996338689401262,False,0.12435708155080771
VIG,2022-01-06,short,0.05031683850465538,0.48818927811867,0.27307169366441464,0.2,True,True,-1.4574603218429039,False,5.945027601980113
VIG,2022-02-02,long,0.3139771398049839,0.7354593763565889,0.7048983103480073,0.2,True,True,-1.2006751237894218,False,-2.4506877298517082
VIG,2022-02-14,short,0.1638125276901884,0.43934903069214587,0.1264841622048306,0.2,True,True,0.9779333910846653,True,1.9017736038114186
VIG,2022-02-16,long,0.04617037425872962,0.13721641379172939,0.2619145017298529,0.2,False,False,-0.9104572987784155,True,-1.4267121023617935
VIG,2022-02-17,short,0.24296929365837835,0.28943490287875884,0.08259199438839103,0.2,True,True,1.0072988608873445,False,0.10710950716774637
VIG,2022-03-02,long,0.01838585703048149,0.45846606458327804,0.312867975151622,0.3,True,True,-1.2566197079428911,False,0.3908742270188448
VIG,2022-03-08,short,0.47853442255411566,0.5966330672688109,-0.03333474617830344,0.3,True,True,1.3217263530590992,False,-6.453273074887211
VIG,2022-03-15,long,0.20972495059930202,0.6339815282415612,-0.03341421132923332,0.3,True,True,-1.1585564893481046,False,5.449637050179512
VIG,2022-04-11,short,0.3324049608669729,0.45286935245243626,0.23626524783072753,0.3,True,False,-0.6640596631408948,False,3.4317626834352244
VIG,2022-05-25,long,0.11743255520372778,0.3674574659749903,0.23692058647058012,0.2,True,True,-1.9169430399541905,False,0.16069591335974298
VIG,2022-06-10,short,0.07865005272524522,0.8405654070767696,0.2993977829810288,0.2,True,True,0.7242931059140731,False,-0.5519597441941526
VIG,2022-06-24,long,0.016688020658049516,0.8275343008271991,0.4350779639114424,0.2,True,True,-2.0099670537795316,False,-0.9285164916034261
VIG,2022-08-22,short,0.12914002849652786,0.5913160601681612,0.20200361046233944,0.2,True,True,-1.4263006228244515,False,5.089145146372243
VIG,2022-10-05,long,0.31326711818852615,0.46352865544196836,0.3570201870775327,0.1,True,True,-1.4488128818493748,False,-1.5908977120551504
VIG,2022-10-11,short,0.023801051169035654,0.11952030730091513,0.08183859512157589,0.0,True,True,1.496924739512905,True,-6.826024191673552
VIG,2022-10-13,long,0.2275476188569932,0.35383999280486855,0.054972295208579006,0.0,False,False,-1.415373597484233,False,5.241506203032542
VIG,2022-12-06,short,0.44250093154824294,0.44305901201081477,0.11944485558984617,0.1,True,True,-1.2898242824571864,False,2.1465734025625682
VIG,2023-01-09,long,0.06629996895988083,0.1984756036526004,0.17038164854788304,0.1,True,True,0.07097458510018094,False,0.584328684858848
VIG,2023-01-19,short,0.21201677853831985,0.5623986919461393,0.16765028129199863,0.1,True,True,-0.2264003039054056,False,-4.556568131022631
VIG,2023-01-25,long,0.01123793345240181,0.05359259229869841,0.06366566347007131,0.1,True,True,0.25206267882896305,True,0.8395616800556782
VIG,2023-01-30,short,0.0219377696565601,0.19941660040006345,-0.04336829426868357,0.1,False,False,-0.26042580919841163,True,-1.9723537183297557
VIG,2023-01-31,long,0.2102762692083918,0.23291306150711602,-0.0032221915850671034,0.2,True,True,0.3133996690583528,False,0.14721057802156157
VIG,2023-02-09,short,0.24958649329453594,0.5259977473997904,0.19177717680229242,0.3,True,True,-0.38832941484451733,False,1.5908131160162986
VIG,2023-03-21,long,0.16473032107468735,0.7892249844827226,0.4667095058186865,0.3,True,True,-0.994708567538898,False,2.3807027375161827
VIG,2023-04-26,short,0.48132929821668935,0.5278502936087024,0.24770431342538785,0.3,True,True,-0.9548922546418677,True,-1.3210045330950049
VIG,2023-05-01,long,0.037091680354358884,0.16795562576273093,-0.0281112893052,0.3,True,True,1.2056848643857678,True,-1.3634476750644553
VIG,2023-05-02,short,0.12562156767802565,0.162881107849664,0.14878080845289474,0.3,False,False,-1.1608614545825027,False,1.3823797129651427
VIG,2023-06-02,long,0.10027533471780097,0.7565448236533836,0.11513406677365534,0.4,True,True,-0.05853168463508298,False,2.530694556419566
VIG,2023-07-07,short,0.35603805792814897,0.6754620357047051,0.1817614821246513,0.4,True,True,-1.4002028218587297,False,-4.008269532226194
VIG,2023-07-13,long,0.10570934596035281,0.23400511157548773,0.07742252717336551,0.4,True,True,1.4323660445490065,False,1.6908683036248817
VIG,2023-08-01,short,0.08092016927301343,0.25648014380747064,0.402804528675317,0.3,True,True,-1.8600800295273245,False,2.5687312576644583
VIG,2023-08-30,long,0.5223870079493678,0.5964806568616079,0.5553540601428465,0.2,True,True,-0.3493433550070272,False,-0.5922805864284508
VIG,2023-09-08,short,0.02431646327321893,0.13369349605134448,0.2748587804595436,0.2,True,True,0.27871876176973404,True,2.0260046347658545
VIG,2023-09-11,long,0.04323888106124697,0.06767706406602829,0.23098174176090094,0.2,False,False,-0.25031442711186674,True,-2.1417344081629763
VIG,2023-09-12,short,0.07037507951319165,0.11419374613066251,0.11930633871176118,0.2,True,True,0.29461300588002287,True,3.136439284488468
VIG,2023-09-14,long,0.20942246889392005,0.3200783070242669,-0.028395550139558946,0.3,True,True,-0.19157146491445257,True,-3.6396691096643785
VIG,2023-09-18,short,6.712064309355369e-05,0.030177020062968973,0.014363774683845972,0.4,True,True,0.2573382032483723,False,3.646512502829591
VIG,2023-10-10,long,0.2545672176619239,0.565644371904908,0.3883053026318853,0.4,True,True,-1.3565944363654363,False,-2.0162029190108566
VIG,2023-10-23,short,0.293007701555547,0.519323943607807,0.40700048884708534,0.4,True,True,0.9798689199832223,False,-3.425920689561468
VIG,2023-11-02,long,1.2290651944565287,1.2454776502985243,0.5262202569874337,0.4,True,True,-0.826360540103206,False,3.4676767844148637
VIG,2023-12-08,short,0.03803620977928801,0.08225520050126907,0.20355365153393615,0.4,True,True,-1.5459584150396586,True,-3.0193901177769877
VIG,2023-12-11,long,0.1155693866932134,0.154473011250686,0.1384163662349395,0.4,True,True,1.5954935792332257,False,2.4666307187868775
VIG,2023-12-28,short,0.04499286897272246,0.05843791805249029,0.06210992035116257,0.5,True,True,-1.745101111002714,False,0.06447220849998825
VIG,2024-01-23,long,0.09454570785438643,0.24136050198809972,0.29569659836647166,0.4,True,True,0.9970152670762769,False,0.676793332309833
VIG,2024-02-05,short,0.19079677342700432,0.4136961311637998,0.1585372335881354,0.3,True,True,-1.0258759334937178,True,-1.1658780104440103
VIG,2024-02-07,long,0.004261637838035641,0.3116896541382558,-0.020988673341939233,0.3,True,True,1.0437607960338375,False,1.7001522417232406
VIG,2024-02-13,short,0.6293343552008343,0.9548887497227161,-0.10688276954674267,0.2,True,True,-0.9809330304069986,False,-2.7011402451326605
VIG,2024-02-22,long,0.32996317456145535,0.9681057118599905,-0.038925450478139834,0.2,True,True,1.0465967279225434,False,0.8246318598193803
VIG,2024-03-05,short,0.19645670332212647,0.9196597651212537,0.08262676061277885,0.2,True,True,-1.3514588107836487,False,-1.642942338368969
VIG,2024-03-21,long,0.9259525733773505,1.0769777652589996,0.33943510584175174,0.2,True,True,1.8115979619508575,True,-1.5591770056934129
VIG,2024-03-26,short,0.8386208301133026,0.8553434469797946,0.05330058966911988,0.2,True,True,-2.037928329279728,True,1.3992204298020838
VIG,2024-03-27,long,0.10688350434936011,1.0022886216188658,0.08694136550378037,0.3,False,True,2.3799846090014927,True,-2.4784897716869203
VIG,2024-04-02,short,1.6514039604556163,1.8113689953008152,0.29361709749508375,0.3,True,True,-2.7584914780082683,False,3.4410230264052766
VIG,2024-04-26,long,0.18004535251493908,0.3857600374393865,0.7541017382751736,0.4,True,True,-0.7696991771664613,True,2.49532818244822
VIG,2024-05-01,short,0.15972492668946234,0.3947428717408588,-0.009399586209417114,0.4,True,True,0.7694374541334136,True,-5.31721479294458
VIG,2024-05-03,long,0.39074279881457136,0.5223522578056333,0.147202019824486,0.5,True,True,-0.6015731757801334,False,4.023936211463197
VIG,2024-05-28,short,0.3005011316695814,0.5439735930916626,0.4691961694314251,0.5,True,True,-1.3650147559403956,False,-0.7155600432046105
VIG,2024-06-13,long,0.16729902786322184,0.21420882307552863,0.11518088191302328,0.5,True,False,0.7845504935451265,False,0.11886943651211457
VIG,2024-06-27,short,0.023033384716714372,0.24600797100801627,0.2127290439413328,0.5,True,True,-1.2181245195572938,False,-2.390166541071004
VIG,2024-07-10,long,0.12469376234522814,0.31988032995525906,0.0751902168094275,0.5,True,True,1.110526785824227,False,0.32914830055608135
VIG,2024-07-24,short,0.22800492268548192,0.7833796909880889,0.3795096986149978,0.4,True,True,-1.8319463336414672,False,2.04376102766316
VIG,2024-08-15,long,0.9452012808425099,1.1616284226091436,0.7005152757422872,0.3,True,True,0.6848363547889788,False,2.003783316724239
VIG,2024-09-05,short,0.07826299490542551,0.5934309690257661,0.2798525821199782,0.2,True,True,-2.1169319040332324,False,-2.7686953994722208
VIG,2024-09-16,long,0.21374386993638167,0.4071209195778199,0.2542662985521893,0.2,True,True,2.1317194968622277,False,1.055918340732287
VIG,2024-10-01,short,0.13815194437627917,0.27708480807425234,0.0453062128504214,0.1,True,True,-3.0342632885581033,False,-1.6146969275509848
VIG,2024-10-14,long,0.461112616166453,0.5167672049689165,0.3217982585157165,0.0,True,True,2.8391844314746515,False,-1.7981464240081624
VIG,2024-10-22,short,0.18517304395767667,0.4772338980660255,0.15715425343591635,0.0,True,True,-2.806992830404865,False,1.5628208568444601
VIG,2024-11-07,long,0.46964180231406655,1.1997808149101694,0.7714232282509111,0.0,True,True,0.6602889314826087,False,-0.3717452133479515
VIG,2024-11-18,short,0.10375788505075262,0.3713709348493439,0.5338170954420458,0.0,True,True,-1.247247724860651,False,-2.200834198086743
VIG,2024-11-22,long,0.20777557838671726,0.6387692654524227,-0.10803240536155849,0.0,True,True,1.1956728246368618,False,-0.15312391181050433
VIG,2024-12-06,short,0.0633801500451941,0.3458595150123632,0.3785723890446044,0.0,True,True,-1.997352607322395,False,2.7550642609711407
VIG,2025-01-15,long,0.0725181816872629,0.6894516685286265,0.024303937985741673,0.0,True,True,-1.0901397315784105,False,2.7701714012447365
VIG,2025-02-21,short,0.3614800797035621,0.49159301964878027,0.04955900773039412,0.0,True,True,-1.2283369638227795,False,1.1832769923441844
VIG,2025-03-24,long,0.10967659735247977,0.496446941472692,0.3385517374781709,0.0,True,True,-1.578092274840471,False,-10.165135080653675
VIG,2025-04-03,short,0.2670400212468731,0.8952637939831652,-0.1091936365951669,0.0,True,True,1.3332946600640765,False,2.0771267215519473
VIG,2025-04-15,long,0.1667452237043577,0.577100971372137,0.7504080939504136,0.0,True,True,-2.140569931785047,False,2.6932418617930276
VIG,2025-05-23,short,0.05109287860362519,0.37235808125634745,0.3600580553051121,0.0,True,True,-1.0997919343526938,True,-2.953756017714082
VIG,2025-05-27,long,0.01912387763994213,0.07188506849879739,0.4155194496210294,0.0,False,False,1.118146490454703,True,1.7483608526769112
VIG,2025-05-28,short,0.08851626195876597,0.10808248488088754,0.26136029783406567,0.0,True,True,-1.0614596981370783,False,-2.3753870821315415
VIG,2025-06-03,long,0.14176954813817425,0.15178110431076766,0.02739023137021567,0.2,True,True,1.1053102453917565,False,-0.2699051758991766
VIG,2025-06-16,short,0.053944835912819206,0.09250668734089126,0.03994455652327017,0.2,True,True,-1.0669830701932908,False,-2.880324816867774
VIG,2025-06-27,long,0.14147478207920167,0.14787920538834418,0.23360705474238164,0.2,True,True,0.9126709688288754,False,1.6012672160400587
VIG,2025-07-14,short,0.05574303450084997,0.22933760660299582,0.20315996144016768,0.2,True,True,-1.1536749566460196,False,-1.1586011473468938
VIG,2025-08-14,long,0.47786451833265625,0.493411004195216,0.5430340571625824,0.2,True,True,0.5541758717925294,False,0.718808070493826
VIG,2025-09-02,short,0.16810760649831366,0.46012906808745185,0.008930990396755828,0.2,True,True,-0.6957453133362995,False,-2.4798917867549397
VIG,2025-09-08,long,0.27724536450929793,0.29665632456137,0.05195376617588093,0.2,True,True,0.911267937398317,False,1.8145914275051966
VIG,2025-09-24,short,0.06933625874882413,0.45904857089953494,0.21115889647370945,0.2,True,False,-3.307999283097203,False,-1.3759593833864825
VIG,2025-10-03,long,0.29312952062127956,0.4297872578990567,0.40898199024933246,0.1,True,True,3.5315273928376314,False,-0.9412663632820228
VIG,2025-10-09,short,0.25073882846134277,0.48160238981100445,0.021576931234351504,0.0,True,True,-3.429141758406851,False,-0.13834989787595564
VIG,2025-10-27,long,0.8299379267286666,1.021085435616821,0.30113151537824817,0.0,True,True,2.2378056286509707,False,-1.2365382182103812
VIG,2025-10-31,short,0.5302437944823097,0.7238673270519954,0.21000066566474423,0.0,True,True,-1.9533233578852562,False,0.013826022666696414
VIG,2025-11-12,long,0.4423615844768631,1.054395888961918,0.5388491894739773,0.0,True,True,1.0796636390897778,True,0.6815143547066249
VIG,2025-11-14,short,0.14518203352530196,0.38840097015261144,0.4500472383786915,0.0,False,False,-0.8731557144534291,False,-1.6172918783765144
VIG,2025-11-25,long,0.36421774395380935,1.617264627421189,0.23141460339662234,0.1,True,True,0.14005680491156564,False,1.2682381996710124
VIG,2025-12-16,short,0.10093366728214226,0.69769874803502,0.1365173397335923,0.1,True,True,-2.3751584520440185,False,-0.16068144243266413
VIG,2025-12-26,long,0.20530525096930283,0.29019095939569073,0.38101467336102873,0.1,True,True,1.9986985625211664,True,1.3977530526110282
VIG,2025-12-31,short,0.5382731678199068,0.5753371528160056,0.017543885741281746,0.1,True,True,-1.6145180360315048,True,-2.438805183478565
VIG,2026-01-06,long,0.24620869035600715,0.7027716222916495,-0.13967687024760866,0.2,True,True,1.8775464277682132,False,-0.08479677163976129
VIG,2026-01-20,short,0.20765338686145635,1.0759974604941438,0.0880149668806613,0.3,True,True,-2.366698809501846,False,-1.5594695586117258
VIG,2026-02-04,long,0.24287671097213967,0.3751602210556514,0.20874342923494998,0.3,True,True,1.9882106599739349,True,0.2516098767538111
VIG,2026-02-05,short,0.1444965039136095,0.3966623600851504,0.20187694241348017,0.3,False,False,-1.8373696748119959,True,-1.3133336492898717
VIG,2026-02-06,long,1.0688286525419008,1.2136654246591918,0.02773501293311305,0.3,True,True,2.469188620226752,False,-1.6337705063285135
VIG,2026-02-17,short,0.08417021408764053,0.48913320937346877,0.5827160211457886,0.4,True,True,-2.8894142978273614,False,0.8803545443790917
VIG,2026-04-01,long,0.2325469359863744,0.7112838430568224,0.20015280764277335,0.4,True,True,-1.9644390021942677,False,4.265586056174309
VIG,2026-05-08,short,0.04179964950351707,0.13477276472346264,0.01857527381285809,0.4,True,True,-1.3456367905953863,False,-2.209949317490456
VIG,2026-05-22,long,0.12821676017085426,0.22432491571885438,-0.0033417369685499014,0.4,True,False,1.2588774209370457,False,0.10295467627621235
VIG,2026-06-08,short,0.32184084456446665,0.34902498299881535,0.16918113798336115,0.3,True,True,-1.2832872938601874,False,-0.37285230668338
VIG,2026-07-02,long,0.6827268803667823,0.7139049701537911,0.4275234761627992,0.2,True,True,0.9443354469949505,False,-0.4232648258751026
VIG,2026-07-14,short,0.2660620397734804,0.8103642315445123,0.18115102212334208,0.2,True,True,-0.9814502371217756,False,-1.8710503094422126
VIG,2026-07-28,long,0.5363197030642213,1.09120053666405,0.43857101596390985,0.2,True,True,0.7679818476639074,True,1.6133009877815407
VIG,2026-07-31,short,0.11554900553255562,0.294218179983125,0.12907759586010045,0.2,True,True,-0.7043794775306909,True,-2.596482318606097
VIG,2026-08-04,long,1.308165686206367,1.3182156618847778,0.008054131449098762,0.2,True,True,0.9008700504887757,False,0.22958247080908656
VIG,2026-08-18,short,0.12650573285421218,0.6139755740191276,0.548270667058661,0.2,True,True,-1.6475949788974327,False,1.3866162667257154
WEN,2018-06-26,short,0.026020520113449037,0.5574164281170095,0.32218617720697534,,True,True,-1.5819486658522486,False,0.3430658204758297
WEN,2018-07-18,long,0.013137660274248151,0.33792019500229026,0.0457227184689466,,True,True,0.6352741691417334,True,-6.077645662326603
WEN,2018-07-20,short,0.1138296539792674,0.21241263072802954,0.06984384891307728,,False,True,-0.582969516058722,False,3.5591240873759755
WEN,2018-08-08,long,0.3622774628151703,0.4280219617106427,0.36498373398450773,,True,True,-0.5662032338465226,False,4.229404343018683
WEN,2018-08-28,short,0.13319401727059668,0.2440879670891172,0.4647994917916962,,True,True,-1.2505512765962834,False,0.08129863889831945
WEN,2018-10-09,long,0.08506814097309899,0.3964611802906733,0.1969439292618081,0.2,True,True,-0.5596894267613554,True,-2.8636930767166224
WEN,2018-10-11,short,0.21095620866672904,0.3682298414686757,0.16025201220355595,0.2,False,False,0.6781678532366467,True,-0.6501302277616361
WEN,2018-10-15,long,0.022311542208838204,0.21500844126033414,-0.0325518977562013,0.3333333333333333,True,True,-0.6190151171115365,False,-2.665139432907082
WEN,2018-10-19,short,0.09370145889977899,0.17164763937052582,-0.018323084407844886,0.375,True,True,0.5979134832582916,False,0.11747208132273368
WEN,2018-10-31,long,0.5757637631133877,0.6169523862752171,0.16629109139118325,0.3333333333333333,True,True,-0.584112754907553,False,1.276125811703599
WEN,2018-11-07,short,0.232079448678191,0.9237864527714097,0.0752539696814583,0.3,True,True,0.6552092404599648,True,-6.43416890610975
WEN,2018-11-09,long,0.8682978086464727,1.2095061628508559,0.1071375066418071,0.3,True,True,-0.4117469415200098,False,2.0666412231497455
WEN,2018-12-06,short,0.3232027824756449,0.48236538747927066,0.3915678808507516,0.3,True,True,-1.1793602535825505,False,9.846303883304685
WEN,2019-01-07,long,0.4430160674818447,0.6631442565630596,0.4548092710892969,0.3,True,True,-2.008219118159554,False,3.4034441001937976
WEN,2019-02-21,short,0.10971337984747766,0.11193437448646036,0.10234222322518209,0.3,True,True,-1.3255459388800446,False,6.892540577817297
WEN,2019-03-26,long,0.2585529656824462,0.31927665145984274,0.2405041362719409,0.3,True,True,-0.5118098438615504,False,5.948182176036942
WEN,2019-04-26,short,0.018554295036172938,0.08079184966650049,0.24692451077788705,0.2,True,True,-1.4449492640929147,False,-0.47976552228781166
WEN,2019-06-05,long,0.6172896733567603,0.6560482281648542,0.36306050495305314,0.1,True,True,0.9173534346405575,False,0.5149425460111656
WEN,2019-06-19,short,0.02394914836476534,0.03095315586377051,0.31770013994633106,0.1,True,True,-1.5456953989636422,False,-1.3832033843663494
WEN,2019-07-05,long,0.0020390811674973397,0.41991100702654455,0.055524012821652466,0.1,True,True,1.1324368807162286,True,-3.2811262887090575
WEN,2019-07-08,short,0.02771766704765402,0.029760847239169975,0.40336903406273245,0.1,False,True,-1.1280152674226962,False,4.170890164982655
WEN,2019-08-07,long,0.10361329704870341,2.129459332348767,0.03345275613030071,0.1,True,True,-1.1904238884143834,False,6.332988675643181
WEN,2019-09-10,short,1.0158739835145627,1.6848942176225676,0.22373637700674598,0.1,True,True,-2.3423852507200715,False,-2.435301463074424
WEN,2019-10-04,long,0.013614857054772233,0.30806119218189043,0.0990371541404881,0.1,True,True,-0.2346972613811993,True,4.398257694317831
WEN,2019-10-07,short,0.026918050953149638,0.040660378181423956,0.16683737441921995,0.1,False,False,0.2620357957806055,False,-7.359551240556628
WEN,2019-10-11,long,0.2107778175878967,0.32919819219095775,-0.03010985158661414,0.2,True,True,-0.13714046679143924,False,2.6467328522151057
WEN,2019-10-29,short,0.03686858897756085,0.18889843376954107,0.2569497659358251,0.2,True,True,-0.8866636373467834,False,1.8060682483591162
WEN,2019-11-25,long,0.3601916702709843,0.6906525008527542,0.12412445691542726,0.2,True,True,0.052973118628190694,False,0.5534955352152648
WEN,2019-12-30,short,0.07935839157513343,0.12974361025288417,0.137475588360904,0.2,True,True,-1.1986291086499221,False,3.3393379552997593
WEN,2020-01-24,long,0.248286571315872,0.282071078989314,0.5187169243558454,0.2,True,True,0.23990658299622433,False,-0.6790054334643303
WEN,2020-01-31,short,0.24353440398172785,0.37608815067517143,0.09057433248120143,0.1,True,True,-0.21828431806552417,True,-5.7222135177391165
WEN,2020-02-04,long,0.46277335861883806,0.619861220213369,0.02787314906607489,0.1,True,True,0.5188347291077856,False,4.202030928164535
WEN,2020-02-26,short,0.6885187644879628,2.0876735874007784,0.42565510439099113,0.2,True,True,-2.030941878382564,False,17.18438852661446
WEN,2020-03-26,long,0.30599958863143006,0.7040575049981191,1.1193266703507478,0.2,True,True,-2.757878530655372,False,21.648726770753957
WEN,2020-05-15,short,0.02072864863036438,0.02615716126476847,0.12986537909620935,0.1,True,True,-1.0012106449683438,False,-5.233490302035859
WEN,2020-06-03,long,0.056940268972065056,0.06565890476437487,0.05931027304575738,0.1,True,False,0.8032606064667706,False,-1.6230978591061707
WEN,2020-06-11,short,0.35148642953168285,0.41227387115176206,0.03925982305507657,0.1,True,True,-0.7033967147907556,False,1.086947892811918
WEN,2020-07-17,long,0.05132625189498071,0.2346469521971938,0.2394572240970039,0.1,True,True,0.18938897472495717,False,3.4359784821851758
WEN,2020-08-05,short,0.5965919992443572,0.9956065081911952,0.10957432632736193,0.1,True,True,-0.32643640918740413,False,5.404218304297547
WEN,2020-09-03,long,0.4145328711345252,0.4528206082144175,0.14432670380422796,0.1,True,True,-0.4761374250147659,False,-4.510270008073181
WEN,2020-09-17,short,0.12347467854729188,0.2905139998809088,0.1951978152233856,0.1,True,True,0.2641101251481844,False,-7.576481586080286
WEN,2020-09-28,long,0.6084289758067266,0.7983079956432312,0.20460013782949546,0.0,True,True,-0.2746006031004965,False,7.494367529911505
WEN,2020-10-23,short,0.38967687615694513,0.40264020365970693,0.2986820864578045,0.0,True,True,-1.5685099634683266,False,6.081081503028429
WEN,2020-11-16,long,0.20048001773003632,0.2493291975039699,0.27090935417998874,0.0,True,True,-0.12377558968198153,True,-4.185783799336984
WEN,2020-11-18,short,0.15175575507150968,0.31668281168967277,-0.03590555213987638,0.0,True,True,0.2807763263998783,False,1.445345771018347
WEN,2020-12-09,long,0.2361092304409439,0.3342974971893152,0.12203268684790128,0.1,True,True,-0.5196269988316393,False,-1.24387196651633
WEN,2020-12-30,short,0.3013929133422648,0.40291210895134294,0.09876385708909804,0.1,True,True,0.08827563050382214,False,5.009077756342006
WEN,2021-01-19,long,0.004119284718539475,0.8658925066463223,0.3653086886320517,0.1,True,True,-1.038123777149214,True,-5.004587105771452
WEN,2021-01-22,short,0.08880803257695023,0.42038126345801324,0.23486504496872315,0.1,True,True,1.0279863823514037,False,-1.870481149369252
WEN,2021-02-04,long,0.54777140744516,0.676169822528597,0.23983050145944296,0.2,True,True,-1.0330467865541932,False,-1.9458897115779195
WEN,2021-02-22,short,0.09038180114563314,0.461789314267457,0.17997244939408108,0.2,True,True,0.6956041586538316,False,-2.47811027601621
WEN,2021-03-01,long,0.833514368893672,1.2276824965776916,0.021044183149226153,0.2,True,True,-0.574478374561789,True,1.6765927134331005
WEN,2021-03-04,short,0.6818295795630234,1.4135906525587658,-0.1052872167674232,0.2,True,True,0.8031574683384359,False,-5.93400030768676
WEN,2021-03-10,long,0.41503829999872155,0.4917978434688981,0.21357250709794912,0.3,True,True,-0.7340948970283208,False,0.6350529969556096
WEN,2021-03-30,short,0.005862864246245102,0.40948913082260413,0.19998030225452693,0.2,True,True,0.026975054046701114,True,-7.729932381504301
WEN,2021-04-05,long,0.1715502573881592,0.2706347532169103,0.10182703596851707,0.2,True,True,-0.006720181746290759,False,9.117230638538864
WEN,2021-04-28,short,0.1321111459466705,0.4082968939483728,0.5382894399060599,0.3,True,True,-1.8164340297184793,False,-0.9429622032053331
WEN,2021-05-04,long,0.09618773468746919,0.1271813523873961,0.03445544364492057,0.3,True,True,1.7331437880553122,True,2.1834342840548304
WEN,2021-05-05,short,0.16778484745684794,0.2644508927369653,-0.003916349274295908,0.3,False,False,-1.6335113394574494,False,-4.1077869786227295
WEN,2021-05-18,long,0.20594651429570388,0.3156496361051376,0.29523673702910175,0.3,True,True,1.3516118638391952,False,-0.2504376910815509
WEN,2021-05-25,short,0.26570265837421125,0.5148269191517186,0.0934834120125525,0.3,True,True,-1.2998341651829255,False,-9.279207516943577
WEN,2021-06-08,long,4.677819160828893,6.222075823006925,-0.2086346250630237,0.3,True,True,2.1426704602994984,False,-19.605141914144653
WEN,2021-06-15,short,0.1692841233390627,1.0733395337113436,0.9332723083808799,0.2,True,True,-1.620012678775995,False,3.624115052353105
WEN,2021-07-23,long,0.2569942461187979,0.287278774706029,0.4273052192023428,0.2,True,True,-0.77976222399822,False,-2.585462380609427
WEN,2021-08-05,short,0.23261458723583,0.3809419490213856,0.299642730281227,0.2,True,True,0.3812528656692624,False,-6.73551911122261
WEN,2021-08-12,long,0.42013917666823225,0.7296955933927547,0.05445851044379538,0.1,True,True,-0.2928651187359197,False,-1.3617022246714905
WEN,2021-08-27,short,0.0518396913804391,0.13388965825532523,0.3902028550767888,0.1,True,True,-0.5588527363737522,False,3.26144046849689
WEN,2021-09-27,long,0.3347472917526887,0.4245134597788785,0.46740166393299776,0.1,True,True,-0.6059867755978809,True,-3.3465180894484137
WEN,2021-09-28,short,0.10498021858019665,0.45045242677605113,0.39703003679402593,0.1,False,False,0.7436838227022197,False,0.7309056056347685
WEN,2021-10-06,long,0.16355768810165902,0.17769230327406788,0.2343369284588915,0.1,True,True,-0.758594684431035,False,0.901696995908785
WEN,2021-10-12,short,0.07075441937865476,0.3370516018756305,-0.02785508831446332,0.1,True,True,0.7773654658819074,True,-1.840762515616623
WEN,2021-10-13,long,0.04733136185596887,0.11966013657038127,0.12013964421929772,0.1,False,False,-0.7545072035032998,False,0.0
WEN,2021-11-10,short,0.3419477101335358,2.1100312411612885,-0.218685996916208,0.2,True,True,-0.27179203862999185,False,-2.3364235256083665
WEN,2021-12-07,long,1.2721492448381344,1.3448601650478114,0.9942726655658035,0.2,True,True,-1.2291299948639747,False,3.4327343004923794
WEN,2022-01-12,short,0.38728108611644496,0.46364715549135743,0.23017024349062587,0.2,True,False,-1.9296550331123135,False,5.859864311703211
WEN,2022-02-09,long,0.3939161815903212,0.45569742842228256,0.0514447154684629,0.2,True,True,-0.08867211580719238,False,-4.390435626585598
WEN,2022-02-22,short,0.28622235804407686,0.3198405311346783,0.14612472914439179,0.2,True,True,0.18373453912602522,False,5.3180541873167675
WEN,2022-03-17,long,0.31917066447488185,0.5497059780624545,0.4170184661688266,0.2,True,True,-1.1909809218670302,False,0.22811844458578978
WEN,2022-04-06,short,0.5175644013738241,0.5303556564889933,0.4707308101754949,0.1,True,True,0.4645666369823622,False,2.0273345818538457
WEN,2022-05-25,long,0.601838521547766,1.222911046664566,0.20171727605060588,0.1,True,True,-2.3294671357310506,False,5.176403285517961
WEN,2022-06-16,short,0.2358363352161518,0.4688195882356461,0.3322212261102088,0.1,True,True,0.5761999004479221,False,-12.820531839877368
WEN,2022-06-23,long,0.13537873239050427,0.22660853069061598,0.050296852214607356,0.0,True,True,-0.4468794729255457,False,6.955066812612887
WEN,2022-08-05,short,0.011173307212337412,0.316155841720674,0.05819173707395034,0.0,True,True,-1.1747187434695492,False,-1.244612859936578
WEN,2022-09-09,long,0.0721683440306429,0.8727838807732547,0.32228784002785055,0.0,True,True,-0.4109281055198396,False,-7.111571032981967
WEN,2022-09-22,short,0.3503603317351606,0.4826334474639084,0.1274771453727203,0.0,True,True,0.2911304676820018,False,-2.089855021988951
WEN,2022-10-05,long,0.2724352756266947,0.4664143442866617,0.25011997270310493,0.0,True,True,-0.5042822074898404,False,2.7607226099268134
WEN,2022-11-08,short,0.04999958766911219,0.2254023239258335,0.26159642439291586,0.0,True,True,-0.8433808270408498,True,-5.683518328449311
WEN,2022-11-09,long,0.2521289797116565,0.30494384523319634,0.1670765006180212,0.0,True,True,0.9535872879435551,False,4.23202377635159
WEN,2022-11-15,short,0.043397539668993956,0.16206891181886415,0.0619283033004691,0.1,True,True,-0.9797342173957312,False,-9.072935490436773
WEN,2022-11-21,long,0.12035835383083203,0.5034216345568935,-0.11217202199023155,0.1,True,True,0.958947723304332,False,8.98319379203183
WEN,2022-12-16,short,0.3642773326461541,0.45562586000598204,0.2520011184558068,0.1,True,False,-2.0007887570527148,False,4.761883441427905
WEN,2023-02-03,long,0.10232052921773889,0.11877456587010315,0.3457095967744703,0.1,True,True,-0.2851711879024531,False,2.7827817921842524
WEN,2023-02-27,short,0.3095563962506282,0.3274400395558004,0.19947844599811987,0.1,True,True,-0.153496516669567,False,7.178548830875464
WEN,2023-03-24,long,0.10701203919874445,0.3279561756199094,0.30717141912147633,0.1,True,False,-1.0279236469284732,False,3.23501551353671
WEN,2023-05-02,short,0.18088038159316192,0.19757013838901186,0.17062117416354464,0.1,True,True,-0.5651264724987556,True,-6.630351559704617
WEN,2023-05-05,long,0.0475677702437718,0.502948733605228,-0.14619083524846443,0.1,True,True,0.6251843280311593,False,3.402592219397982
WEN,2023-05-22,short,0.15747941488093348,0.8718175063371509,0.2879445651397891,0.2,True,True,-1.7774844889386714,False,0.3787660247459912
WEN,2023-06-21,long,0.06935072623980468,0.0999442006257545,0.30963557706434525,0.1,True,True,-0.02941252539516971,True,-4.830026861231773
WEN,2023-06-22,short,0.08051062059679316,0.15204743817899063,0.26278929495803205,0.1,False,False,0.08839382132236191,False,3.66018464943233
WEN,2023-07-19,long,0.29139873152909457,0.45461311194892595,0.03014697957370735,0.2,True,True,-0.860292391403542,False,-0.8310096481826457
WEN,2023-08-16,short,0.17994153611319247,0.4742581167326662,0.11013873194258636,0.2,True,True,0.2838125213211206,False,4.5668455261365875
WEN,2023-09-07,long,0.022738456617730468,0.040793934890012644,0.4681378001702901,0.2,True,False,-1.530916738249405,True,2.515088441334301
WEN,2023-09-08,short,0.1605593150042406,0.18425147048226145,0.356546663742804,0.2,True,True,1.56327394071902,True,-3.96138532292305
WEN,2023-09-12,long,0.29381511127799903,0.3062183363855006,0.002451903262044575,0.2,False,False,-1.4376790056516884,False,3.415371686246216
WEN,2023-10-03,short,0.7524036772719158,1.1241521459179782,0.35929590626828367,0.4,True,True,0.4700419490911003,False,2.9896894672704177
WEN,2023-10-20,long,0.13734386762696757,0.3250594117375565,0.5081917772357974,0.3,True,True,-2.504951865394198,False,0.5221856607187103
WEN,2023-12-27,short,0.4331519378564071,0.5624224226046324,0.41649055498779575,0.3,True,True,-1.1500635748794596,False,0.6642870932344391
WEN,2024-01-30,long,0.0476764858864025,0.08001343842462423,0.27406816679899154,0.3,True,True,-0.3256349050891654,True,-0.5202711268459059
WEN,2024-01-31,short,0.044549892734655344,0.09269085897682236,0.21413598162747657,0.3,False,False,0.36250517190641873,True,-1.0482477051535044
WEN,2024-02-01,long,0.13730180722662325,0.18264008319548367,0.1381682824376989,0.3,True,True,-0.2953672481297477,True,-1.5552303560161018
WEN,2024-02-05,short,0.348792507972339,0.36279598378832034,0.012119120069469554,0.3,True,True,0.48581491033808066,False,4.465715169133755
WEN,2024-02-09,long,0.21424645707577325,0.44289043565710906,0.049240206819529155,0.5,True,True,-0.37817702145841736,False,-5.7970660863737145
WEN,2024-02-16,short,0.6708023485588861,0.9660681197665488,0.166109366428431,0.4,True,True,0.5151552608336172,False,-0.603548064026227
WEN,2024-03-04,long,0.21187315346148158,0.5786923846157624,0.4708144897155681,0.3,True,True,-1.2656718311726534,False,-0.43738074742024624
WEN,2024-04-04,short,0.438621832583413,0.5931306001560933,0.3739422909414344,0.3,True,True,0.03273853823206933,True,-4.625547043456302
WEN,2024-04-09,long,0.09523106206232404,0.2178564536095294,0.012972046293641865,0.3,True,True,0.10083980391923444,False,7.311839093456429
WEN,2024-05-06,short,0.5365186607276012,1.172509746450964,0.45420721257918684,0.4,True,True,-1.7230380496647328,False,5.633797379502625
WEN,2024-06-14,long,0.09737882222140186,0.14323707304761665,0.2059170802724272,0.4,True,True,-1.9793587557241425,False,-1.4987930035917918
WEN,2024-07-08,short,0.19554902863297818,0.3603114738659359,0.21573595315518626,0.3,True,True,1.308022900328793,True,-8.780786368108195
WEN,2024-07-11,long,0.2685603310089251,0.7145661694960259,-0.08999983480274544,0.3,True,True,-1.1846691104144238,False,1.2522362637120033
WEN,2024-07-26,short,0.039556059697565135,0.2531229463124265,0.5447486073450237,0.2,True,True,-0.12178138074088485,True,-1.9654641173432186
WEN,2024-07-29,long,0.0011246429140038623,0.042292952353368295,0.35175351331066756,0.2,False,False,0.1367387413460496,True,-2.1065132922622243
WEN,2024-08-01,short,0.06280863779790383,0.1273499918249885,-0.006138168721053552,0.3,True,True,-0.13911297346735085,False,-1.3561282714387835
WEN,2024-08-09,long,0.03936175645211776,0.16897459272704113,0.14327708966394487,0.4,True,True,0.044849557912631,True,-1.285054292076404
WEN,2024-08-12,short,0.26714196280810015,0.3085715718813307,0.21625378358335337,0.4,True,True,0.04091304700340553,True,-1.315024036873691
WEN,2024-08-14,long,0.11889006713901888,0.1866297097264329,0.02637653283853849,0.4,True,True,0.04804760749904061,True,-2.1015817254028346
WEN,2024-08-19,short,0.2233312365711969,0.3210588715895568,-0.008974409583586761,0.5,True,True,0.013093071008037917,False,0.314960139459175
WEN,2024-09-05,long,0.1353324361736823,0.20503839485596592,0.17148149822115824,0.6,True,True,-0.09092042748609813,False,6.750315088094916
WEN,2024-10-02,short,0.6964772419188411,0.7946730061524823,0.25189786671745057,0.6,True,True,-0.8384767688355536,False,-15.017272540770632
WEN,2024-10-10,long,0.07497865354368147,0.8066223113828308,0.12057992165110264,0.5,True,True,0.7703249616726625,False,7.986691544464075
WEN,2024-10-31,short,0.09169612543251422,1.4822854880400949,-0.29243135871499853,0.5,True,True,-1.9755466687641743,False,3.296709958430344
WEN,2025-01-28,long,0.22277767717899621,0.402482084734281,0.27229623570385675,0.4,True,True,-1.6250800933819238,False,-1.9849336665635708
WEN,2025-03-21,short,0.06678778896928242,0.14209665341517214,0.0325184492687295,0.3,True,True,-0.2925303465490943,False,12.844041140759643
WEN,2025-04-25,long,0.17377586699624786,0.2324896897026543,0.2746773312241883,0.3,True,False,-1.961361610438866,False,-6.103290744544243
WEN,2025-05-07,short,0.1650311554080488,0.3262727075234127,0.10088462527998547,0.2,True,True,1.8346506592935146,True,1.1904710268053953
WEN,2025-05-09,long,0.03940853729013863,0.058703438872885885,0.2184145391056865,0.2,False,True,-1.7691385966480404,False,-4.666672218645241
WEN,2025-05-27,short,0.32333401127266187,0.3413890292792955,0.4098186988068832,0.1,True,True,1.5254977589739769,False,-2.869035445128465
WEN,2025-06-02,long,0.26611846652323073,0.5495753672704552,0.011162546850426813,0.1,True,True,-1.4489882714878135,False,-3.108796006488912
WEN,2025-07-07,short,0.07967512021955048,0.6428187133527685,0.07506855786858932,0.1,True,True,0.19132954970577426,False,8.672558351483229
WEN,2025-07-25,long,0.10470776091308678,0.1416732622385662,0.6140886417168332,0.1,True,True,-1.0534793116025325,True,-6.226759520444281
WEN,2025-07-28,short,0.2310584659269827,0.3360991871098054,0.3471318261827873,0.1,True,True,1.1607183602105966,False,0.5791532040558933
WEN,2025-08-11,long,0.49483082969658787,0.5277996369873869,0.31517087298019125,0.2,True,True,-1.623306974587504,False,2.1359353947550064
WEN,2025-09-09,short,0.28681645477103757,0.34524960654758347,0.08597472693849831,0.2,True,True,0.44765752976761075,False,8.366940020603842
WEN,2025-10-01,long,0.04273684023686384,0.6281063075145816,0.20033713368203354,0.2,True,True,-1.9096742504626572,False,-6.2367820022219185
WEN,2025-10-09,short,0.20426275782757272,0.38755063133919504,0.22314997807934747,0.2,True,True,1.9408995056511007,False,-2.1517701236280384
WEN,2025-10-17,long,0.10875026854851033,0.18967660680741993,0.24767115670376944,0.1,True,True,-2.119810188708014,False,-3.8288203364003515
WEN,2025-10-30,short,0.33732811609701496,0.46351287963344134,0.398147787271998,0.1,True,True,1.831339798780787,False,-2.350171541669277
WEN,2025-11-05,long,0.9070583457593171,0.9270774771040997,0.11954874418295129,0.1,True,True,-1.4610651285449818,False,-10.572685255594871
WEN,2025-11-17,short,0.13021466916552168,0.5699704605497982,0.1579519308030508,0.1,True,True,1.401191497841263,False,-2.7742011893928886
WEN,2025-11-26,long,0.10700907089537076,0.9356205237586142,0.41345741766473243,0.1,True,True,-2.212693410185446,False,1.207890913221732
WEN,2026-01-02,short,0.17436059414585137,0.3132463644873413,0.01325754434798423,0.0,True,True,0.5184731398859006,True,-1.8359712824190577
WEN,2026-01-06,long,0.10304862432234793,0.6224887293721697,-0.14540341078744046,0.0,False,True,-0.4626878685384097,True,-0.9478770200665121
WEN,2026-01-07,short,0.02561744361381732,0.13251045570773312,0.015997317635802324,0.0,False,True,0.5047875390456559,True,-2.5547395857327126
WEN,2026-01-08,long,0.31184560032802566,0.3381259855177481,0.057732658047549686,0.1,True,True,-0.3734478049493207,False,0.47732892984584385
WEN,2026-01-20,short,0.10773433393777188,0.7206653580009456,0.10069876730935147,0.3,True,True,0.026530368287950003,True,4.773565638466404
WEN,2026-01-22,long,0.10847448615052235,0.20070480373314076,0.36557143506187306,0.3,False,False,0.035225236956557694,True,-4.62633256083087
WEN,2026-01-26,short,0.651435136582505,0.8591631696337431,-0.03020967495840696,0.4,True,True,0.19421814538415355,False,3.3415823396263256
WEN,2026-02-19,long,1.4268880211615895,1.9944442835415095,0.36614922610505596,0.5,True,True,-1.3597825428784007,False,-11.238295615833493
WEN,2026-03-04,short,0.8753934319519335,0.9559960063615511,0.11317856590657206,0.5,True,True,1.8091545319749596,False,2.2377685036545802
WEN,2026-03-23,long,0.39830196881981406,0.4697849774699243,0.23184644964257212,0.5,True,True,-2.373764541519116,False,-3.770954440411589
WEN,2026-03-30,short,0.36869729752376335,0.3922006827430963,0.19920823647145733,0.5,True,True,2.5369830986977213,True,-0.0
WEN,2026-04-01,long,0.05611292675795695,0.12184732925445682,0.20096274630909064,0.5,False,False,-2.3945763593636156,False,-0.7246459113342985
WEN,2026-04-29,short,0.011556721439588922,0.6831831029655273,0.4014490507750588,0.4,True,True,0.9687262993774259,True,-21.153829990725704
WEN,2026-04-30,long,0.2839073523130736,0.29557505076659396,0.7330365040689174,0.4,False,False,-0.8580471330487044,True,16.522994835301795
WEN,2026-05-01,short,0.4370059146165796,0.7296755838110185,0.41463589274118307,0.4,True,True,1.100562328616278,False,-19.701493519310475
WEN,2026-05-08,long,1.856407383184947,2.1500613974027942,0.38252144975675045,0.4,True,True,-0.6742017087763081,False,6.98629470625356
WEN,2026-05-27,short,0.3943712218784219,0.5953437835418885,0.9105347554428661,0.3,True,True,-1.5613989717408232,False,9.842749232147929
WEN,2026-06-24,long,0.5035315110542706,1.8258929906425236,-0.24686359157470267,0.3,True,True,-0.7092854084061123,False,-3.4351109076051767
WEN,2026-07-10,short,0.18840385276487448,0.3624900713086041,0.6836758394100437,0.3,True,True,-1.2795705840927203,False,7.4172217741673485
WEN,2026-08-05,long,0.37971259782869626,0.4611592051406525,0.14993333195323919,0.3,True,True,0.3252126357932203,True,11.76471083891677
WEN,2026-08-10,short,0.159665809515318,0.3275792463245746,-0.028660930321896733,0.3,True,True,-0.08934045365282611,True,-21.095887667640568
WEN,2026-08-12,long,0.9457055208703042,1.0663043438537976,-0.013999949596463168,0.4,True,True,0.7237838517800601,False,4.387986606966354
WEN,2026-08-27,short,0.17152737378782631,1.3271021905340374,0.1638864940893051,0.4,True,True,-1.9095832595258644,False,1.5997866852693776
WFC,2018-06-14,short,0.2263205333134703,0.2695389703882248,0.10066972300162783,,True,True,-0.4944917952955252,False,2.0278085789778744
WFC,2018-07-02,long,0.22810982740725722,0.7565760480655677,0.23728979824301719,,True,True,0.14154243357265123,False,0.4261207269633527
WFC,2018-08-10,short,0.1975114622477349,0.4745595906711264,0.07657660381921343,,True,True,-0.9009429459252531,False,-1.1025278740392386
WFC,2018-10-08,long,0.3228882776206914,0.5163957630881776,0.5154062232410253,,True,True,-1.7545251980775192,True,-3.763749135380856
WFC,2018-10-11,short,0.0005290356262826761,0.4572888577468385,-0.08707259943907088,,True,True,1.6766426205378417,True,-0.816478952276678
WFC,2018-10-12,long,0.026733592448884257,0.027263432845889262,0.10874987619624649,,False,False,-1.6412173253236852,False,-1.6503640373647488
WFC,2018-10-24,short,0.45478855714336947,0.6825776075740627,0.3816529681545186,0.3333333333333333,True,True,1.2986918628059516,True,-6.754337968965518
WFC,2018-10-29,long,0.11923371337263204,0.38639550329069167,-0.0119714381276106,0.3333333333333333,True,True,-1.1521366579203056,False,1.0406819209522578
WFC,2018-11-23,short,0.11738828182689567,0.3162271934603245,0.08591954925036321,0.375,True,True,0.142785858621237,True,5.846041114713019
WFC,2018-11-26,long,0.040615667914448456,0.16431882203309897,0.1630293972728657,0.375,False,True,-0.09741715261853677,False,-9.682285243858878
WFC,2018-12-06,short,0.743148444557937,1.0075087668391731,0.30277192283303334,0.4,True,True,0.017606711870392356,False,9.884524618252366
WFC,2019-01-02,long,0.5392370104972627,0.5963313411249739,0.4905989510408386,0.4,True,True,-2.032059843029645,False,4.26076626422125
WFC,2019-02-07,short,0.19285517949846034,0.2683978784029904,0.07712298495544608,0.4,True,False,-0.3871498197041605,False,-1.955082014962839
WFC,2019-02-19,long,0.012680011959377228,0.12072157323069677,0.09179586879668186,0.4,True,True,0.23715911883486512,False,1.032815620234473
WFC,2019-03-08,short,0.027892647643859875,0.06331049349416615,0.1122493339398916,0.3,True,True,-0.4489595538834993,False,2.991942705180084
WFC,2019-03-15,long,0.17495484276891374,0.18357563611686625,0.030347193941827316,0.2,True,True,0.4838121604426634,False,-4.6189974677520285
WFC,2019-03-22,short,0.8912622115137606,0.9126632449345708,0.23159701561566398,0.2,True,True,-0.29452420083823627,False,-0.9728580455969693
WFC,2019-04-25,long,0.030204824602312073,0.2687964067557148,0.22690429605132026,0.1,True,True,-0.6978405253341935,False,-0.6696593172047516
WFC,2019-05-09,short,0.1648643284260711,0.2783664099327667,0.516419626068639,0.1,True,True,0.36698256000847296,False,2.5246036435248698
WFC,2019-06-05,long,0.20445933490375187,0.6091657613966365,0.04503221135187824,0.0,True,True,-1.4309342407269194,False,-0.45790576571365094
WFC,2019-07-15,short,0.059335185503125214,0.5921994704865531,0.4321873778006736,0.0,True,True,-0.9110198632924087,False,-3.3611643278977033
WFC,2019-07-24,long,0.582630338523886,1.1664369410266482,0.45074112821988016,0.0,True,True,0.47023422191790776,False,-5.448911548965452
WFC,2019-08-05,short,0.8219322751094873,0.9774245831248032,0.5237149503291886,0.0,True,True,-0.6673305363499811,False,0.8248162668892611
WFC,2019-08-28,long,0.14020170161889775,0.3816154932702245,0.06721259195899257,0.0,True,True,-1.1214624916135811,False,6.993643895784651
WFC,2019-10-02,short,0.3643222205274359,0.5553402850209659,-0.053309580146894894,0.0,True,True,-1.5796172579238128,False,-2.3107056044324725
WFC,2019-10-18,long,0.10793725129686982,0.14061838492740655,0.20765455793586332,0.0,True,True,1.058275892893497,False,4.4226515995403615
WFC,2019-11-19,short,0.12222932645698273,0.15932537934790775,0.27932628135982257,0.0,True,True,-2.4591429067126596,False,1.462151393421185
WFC,2020-02-05,long,0.23379785118632462,0.5831546594524315,0.2200475172096516,0.0,True,False,-1.6885674262835726,False,-0.9623420261811177
WFC,2020-02-25,short,0.12496747155492213,0.6015415324909457,0.1250122064831752,0.0,True,True,0.9111546666870015,False,22.251776199374973
WFC,2020-03-26,long,0.69319642123939,0.7143953624188897,0.46397507631831486,0.0,True,False,-2.3481033113695267,False,7.443356245907551
WFC,2020-05-07,short,0.013830589081557772,0.10292920407064524,0.19052331235845743,0.0,True,True,0.7798285629290269,False,3.051949599392856
WFC,2020-05-20,long,0.12787726401282298,0.12801114985404455,0.12951496884657063,0.0,True,True,-0.9370882580563157,False,23.246303080917286
WFC,2020-06-16,short,0.10243156356347026,0.15653082147472386,0.5948884647755793,0.0,True,True,-0.43962993723506777,False,10.238420658373947
WFC,2020-07-16,long,0.04542473473086739,0.2169878917889674,0.16748580565853285,0.0,True,True,-0.41094953106469884,False,-3.1814557634560425
WFC,2020-07-31,short,0.04294949526109494,0.2581669211318948,0.141815689502677,0.0,True,True,0.2114576212089203,False,-4.716071676018663
WFC,2020-08-10,long,0.04479805073262002,0.07700930591858213,0.09089599926994425,0.0,True,True,-0.2756702545125175,False,-0.85022997828198
WFC,2020-08-19,short,0.10017521454125615,0.18065929285669252,0.15767099942538262,0.0,True,True,0.3014529610641674,False,-2.0772809752265697
WFC,2020-08-25,long,0.05052556733479618,0.26325600154902207,-0.03322761554450614,0.0,True,True,-0.373886945846479,True,-3.128827785802235
WFC,2020-08-26,short,0.001216077859733935,0.05199434046493011,0.10004010806045024,0.0,False,False,0.40375370654145804,True,0.3743803620482766
WFC,2020-08-27,long,0.21425916766390116,0.21549366306558324,0.17182849779820586,0.0,True,True,-0.3694338329877277,False,-1.301321842180747
WFC,2020-09-10,short,0.007899680949632386,0.12169179177926365,0.15954734583452093,0.2,True,True,0.33984728018788035,True,2.6304832758529573
WFC,2020-09-11,long,0.139839772144098,0.14835308380889067,0.2904016023600906,0.2,False,True,-0.31711411334202594,False,-2.595800419293559
WFC,2020-09-22,short,0.1425110474016278,1.0829349377315278,0.41266382495447007,0.3,True,True,0.09708271192291035,False,-2.24100392954647
WFC,2020-10-05,long,0.49340336497717335,0.8900115394018294,0.3923813654888032,0.3,True,True,-0.3763743118395403,False,-7.811862329831742
WFC,2020-10-15,short,0.8182613525065188,1.4352430791626423,0.6847936095843462,0.3,True,True,0.13630547894464776,False,7.886688344861392
WFC,2020-11-06,long,0.14919318934232215,0.1944864862257606,0.5227057140521951,0.3,True,True,-2.152420466988119,False,16.293914613402862
WFC,2020-12-14,short,0.2370716182294742,0.3672257699932719,0.24458005652884543,0.3,True,True,-2.178279663315531,False,-3.9804625374107117
WFC,2021-01-06,long,0.21143776555677998,0.7264751034175121,0.05221736125179283,0.3,True,True,1.4718477923758597,False,-2.110717808553908
WFC,2021-01-20,short,0.3395400232472794,0.36925820945519533,0.3744799158737927,0.2,True,True,-1.7097610909937777,False,2.341325576585751
WFC,2021-02-08,long,0.2065218306341811,0.5189622394453235,0.5621129275848532,0.1,True,True,0.6173052080512976,False,11.197628528811897
WFC,2021-03-04,short,0.03789491085346761,0.282853669224734,0.23264444767239584,0.1,True,True,-2.023513629901058,True,-9.822396230515395
WFC,2021-03-08,long,0.0074038243032822195,0.208616441897158,0.049460427313243155,0.1,True,True,2.0148690006072565,True,0.77576639035013
WFC,2021-03-09,short,0.08061817904913982,0.08809546553570576,0.08207095143221878,0.1,False,False,-1.9785899460885858,True,-0.2885178626065299
WFC,2021-03-10,long,0.23460695499237735,0.3157784178618501,-0.01388549037090751,0.1,True,True,2.0871539264336674,False,-3.688734938359639
WFC,2021-03-19,short,0.07414997366651369,0.3268538457034409,0.026490885770635634,0.3,True,True,-2.178742633735041,False,0.3785308267498899
WFC,2021-04-14,long,0.23485329593951687,0.6258675305894548,0.06465646925762444,0.3,True,False,2.097540540669998,False,7.358901235125126
WFC,2021-05-11,short,0.14925334597629877,0.6874518388539278,0.0778091240643895,0.3,True,False,-3.7838941612053776,False,-0.8092554815494646
WFC,2021-06-28,long,0.30517277819924143,0.4037594338656544,0.706570657296865,0.3,True,True,-0.29671835990187856,False,-5.590730010360955
WFC,2021-07-06,short,0.1421313939292615,0.5744466306336737,-0.055007106516356194,0.3,True,True,0.31271415802956376,False,-3.1041564879761285
WFC,2021-07-15,long,0.3611400081436189,0.4146629290344906,0.2757345322386744,0.3,True,True,-0.3671420016490125,True,3.33333076886535
WFC,2021-07-19,short,0.06716212164697598,0.4389065380283202,0.09785176596120397,0.3,True,True,0.45024045656331363,True,-6.364679798261275
WFC,2021-07-20,long,0.31687310209090264,0.3843558821115879,-0.0042854362102543115,0.3,True,True,-0.3356273653831796,False,4.4380254103032035
WFC,2021-08-19,short,0.46033383663439653,0.7329692090883424,0.684950101563392,0.3,True,True,-1.4749592308257085,False,5.671958129361332
WFC,2021-09-16,long,0.11359982008954196,0.27696490732432544,0.5811934243725705,0.2,True,True,-0.5330324578464873,False,0.2809090235367018
WFC,2021-10-13,short,0.26255142412281174,0.3512571788925269,0.16994124782579947,0.2,True,True,-0.24708344582776917,True,-8.686223410904592
WFC,2021-10-18,long,0.4658371842440373,0.6032116376097469,-0.015110474856522423,0.2,True,True,0.5527047000371431,False,4.612588487880398
WFC,2021-11-05,short,0.013284958045345824,0.36116928600924175,0.2073449872148447,0.3,True,True,-1.7135557374843424,False,3.211714373435526
WFC,2021-12-10,long,0.2827837658769155,0.36749634339417114,0.4718950082404549,0.3,True,True,-0.09943651432527635,True,-2.84859360737153
WFC,2021-12-13,short,0.04760127006108708,0.33320893294531295,0.1281520856904868,0.3,False,False,0.2143253326057932,True,0.2882836283095491
WFC,2021-12-16,long,0.3066866494598772,0.47446823854932946,0.04234988244891745,0.4,True,True,-0.09916906832798317,True,-4.612344949158187
WFC,2021-12-17,short,0.2320937587135995,0.542744905405434,-0.08695913579316351,0.5,True,True,0.28876408698522715,False,-5.797710795574984
WFC,2022-01-03,long,0.9079027682752382,1.0559649725582518,0.011106308068865652,0.4,True,True,-0.20994268579021086,False,11.748472406094002
WFC,2022-01-24,short,0.5643200313710979,0.710922048422053,0.7921364558483768,0.4,True,True,-2.0737213011843556,False,-8.003408333028105
WFC,2022-02-07,long,0.28245016045881766,0.40181630992253287,0.24565677999299904,0.4,True,True,1.7742004621375012,False,-3.575807436662226
WFC,2022-02-17,short,0.4529822520737209,0.7262083107747949,0.2706921654493295,0.4,True,True,-1.938059006962421,False,13.107751506631981
WFC,2022-03-16,long,0.07979063407560025,0.5017130151495724,0.3776758622823411,0.3,True,True,-1.4449385793796434,False,-2.8876060420941263
WFC,2022-04-01,short,0.24543223606344053,0.26869147433033513,0.33506745865062454,0.3,True,True,0.6969968929967161,False,3.1615923415010627
WFC,2022-04-20,long,0.06680846404994974,0.2737958574111024,-0.0516617581095303,0.3,True,True,-0.8995943544994331,True,-5.488191820890154
WFC,2022-04-22,short,0.09949040190687762,0.21055323431274006,0.08623934969019194,0.3,True,True,0.9471697181521759,False,3.3371938731757367
WFC,2022-05-05,long,0.011632681858373614,0.1837250344037063,0.2160651588004654,0.2,True,True,-1.2124479741556795,True,-6.166199831698249
WFC,2022-05-10,short,0.026456134503091283,0.156329509209039,0.021434180072384103,0.2,True,True,1.1859462289790406,False,-0.4874735140048436
WFC,2022-05-17,long,0.18239119944787224,0.5329828108726951,-0.03141848629350006,0.2,True,True,-1.172113114145439,False,3.317329110308198
WFC,2022-06-10,short,1.1190736815749749,1.6027302972537725,0.5538407384623225,0.2,True,True,0.43296283629824445,False,-0.39922413671529267
WFC,2022-06-27,long,0.05273681204316116,0.5703664990654209,0.5265393117952244,0.2,True,True,-1.4497654234417325,False,-1.5904622115784695
WFC,2022-08-22,short,0.024072716877017387,0.4485775823567325,0.1444897050590585,0.2,True,True,-1.1725231051188998,False,3.4451870481184033
WFC,2022-09-12,long,0.055663348754216004,0.30028618043823446,0.39345843782885,0.2,True,True,0.34693366408292314,True,-12.123878021268187
WFC,2022-09-13,short,0.36927118846814494,0.425376664686322,0.3819485319788087,0.2,False,False,-0.21080447168560865,False,7.380864535955334
WFC,2022-10-04,long,0.05801920971050578,1.007715762742319,0.3328550580975583,0.3,True,True,-0.7909043672592656,False,2.595283525239611
WFC,2022-10-11,short,0.010160148529279737,0.5181419666288889,0.07975721315067243,0.2,True,True,0.6866313537578153,True,-12.776578011743812
WFC,2022-10-13,long,0.3071171365858736,0.5315518291989044,0.16628802796468362,0.2,False,False,-0.6205132706209637,False,7.715886683648576
WFC,2022-11-15,short,0.021435809811535998,0.2833366879624663,0.052858867244261275,0.2,True,True,-1.4404725824721074,False,-2.6546773628643328
WFC,2022-12-30,long,0.08579230463679055,0.18609997504131973,0.23376946845665156,0.2,True,True,-1.3921212172437987,False,6.853950318699575
WFC,2023-02-16,short,0.14537100884072435,0.30010734889596824,0.10325744576853998,0.2,True,False,-1.3699059150963475,False,0.7835609721701831
WFC,2023-03-31,long,0.17656282676654525,0.1839271844995165,0.3037212095935822,0.2,True,True,-1.7804326275018252,False,10.486880321189695
WFC,2023-05-02,short,0.07373129624429436,0.24993523593904168,0.1446177497276933,0.2,True,True,0.024947539491335834,False,0.3854295113218553
WFC,2023-05-17,long,0.3122580238819592,0.39034042352924014,0.0645049760887105,0.2,True,True,-0.19644967642545813,False,-0.9886342825748518
WFC,2023-06-21,short,0.11374125926896413,0.2099597614865995,0.1331891668244232,0.1,True,True,-0.566113698638085,False,-2.977161658716554
WFC,2023-07-03,long,0.4257173152763542,0.5695997836737003,0.3727825056400208,0.1,True,True,0.440220659202831,False,5.069133731653341
WFC,2023-08-01,short,0.227091489234529,0.4031034468756999,0.3261148958907061,0.1,True,True,-1.0469928352817834,False,5.788226133440633
WFC,2023-09-12,long,0.42775995109728393,0.5612586862382025,0.07183895186360578,0.0,True,True,-0.9436829539225275,False,-4.4428781965465625
WFC,2023-09-26,short,0.30128587006079643,0.42195055070352894,0.3705578998724864,0.0,True,True,0.42005176748416617,False,2.041832815085176
WFC,2023-10-13,long,0.3697533983052553,0.5031564885664465,0.2071089656626291,0.0,True,True,-0.9353782961186765,False,-5.3710883798750775
WFC,2023-10-24,short,0.0007672748312642731,0.4087048257730887,0.35617418171468246,0.0,True,True,0.5270587771923679,False,-5.412081048357775
WFC,2023-11-02,long,0.5331771393633317,0.6416388805260812,0.19201153598224108,0.0,True,True,-0.5068836935196472,False,4.9864288740798735
WFC,2023-12-28,short,0.2539306760148418,0.27789710104419885,0.3990243940840473,0.0,True,False,-2.149369828356973,False,4.203691627208029
WFC,2024-01-26,long,0.19258044767654608,0.33199424858587184,0.4263593633206094,0.0,True,True,0.6550847383332673,False,-3.82041144061106
WFC,2024-02-02,short,0.04073887915056954,0.1893609655980385,0.08766084316974344,0.0,True,True,-0.7410414349387509,False,-5.593974779257516
WFC,2024-02-15,long,0.36518070511091494,1.0699164453029908,0.08189040976420454,0.0,True,True,0.4971097990188926,False,5.803232222404309
WFC,2024-03-18,short,0.11537937086915574,0.1509728324313965,0.2203838541161838,0.0,True,True,-2.531117030877118,False,0.7270336703313895
WFC,2024-04-19,long,0.3438806427813348,0.7257830485496815,0.22610958358279698,0.0,True,True,1.1272586688484572,False,-0.679378681718712
WFC,2024-05-01,short,0.07979026236620866,0.1975642766491434,0.27579524511975717,0.0,True,True,-1.5471654737460647,False,-5.340027867811203
WFC,2024-05-08,long,0.03345943973140021,0.25776912518991363,-0.012820622461309399,0.0,True,True,1.513020217030664,False,0.08213386065021311
WFC,2024-05-17,short,0.03920863962065347,0.36665262872322496,0.08751090349400426,0.0,True,True,-1.893807482348083,False,2.848726860540285
WFC,2024-06-20,long,0.14417989869824738,0.4054785439652797,0.45686879193136554,0.0,True,True,-0.5681819282241526,False,1.1193919065420443
WFC,2024-06-26,short,0.2858869056623605,0.3239662459287034,0.0402948799976911,0.0,True,True,0.624426327382355,True,-5.525350740546764
WFC,2024-06-28,long,0.4264806676639153,0.7497389737819765,0.0582151865615355,0.0,True,True,-0.43469281627189793,False,-2.795088624579889
WFC,2024-07-12,short,0.3526552606155484,1.3228561548595457,0.08610936268442385,0.1,True,True,-0.0513808961677443,True,-6.809326612371791
WFC,2024-07-17,long,0.5453474209202681,0.6384437420004004,0.2873969357657744,0.1,True,True,0.25082783845087037,False,-2.577564399065213
WFC,2024-08-01,short,0.971593466571493,1.030205559278878,0.11663848858432523,0.2,True,True,0.05934250234464054,False,3.328275967025429
WFC,2024-08-16,long,0.342428181924196,0.7929429194176327,0.7177785757386778,0.2,True,True,-1.6521406083700378,False,5.675038635980645
WFC,2024-09-09,short,0.2500549290350886,0.48130796477388743,0.5055277280734543,0.2,True,True,0.018148020953245227,False,-0.9525628044458001
WFC,2024-09-20,long,0.40391397624679426,0.45236117309340335,0.3994241652871136,0.2,True,True,-0.4844750283774625,False,1.1902427629459922
WFC,2024-11-01,short,0.2200723735818763,0.30172757991941496,0.2693631100542501,0.2,True,False,-2.075572630219502,True,-15.597314139651619
WFC,2024-11-06,long,0.5373469696072388,1.4179681871706118,-0.2651862326797324,0.2,True,True,2.1509684547475505,False,2.11670588752777
WFC,2024-12-02,short,0.4456619479830319,0.5122488950801264,0.17562489408929816,0.3,True,True,-2.060119294914802,False,4.383623383155955
WFC,2025-01-07,long,0.02223213735228336,0.10609864928857296,0.17384294949103613,0.2,True,True,-0.030832814461573942,True,8.157598087909035
WFC,2025-01-10,short,0.12330224588937497,0.2115521827095911,0.09051653550026732,0.2,True,True,0.0754103384481099,True,-11.406537621558122
WFC,2025-01-15,long,0.7262668752989568,0.7971694740673538,0.005776886893225163,0.3,True,True,0.20411593166714706,False,3.778810622032669
WFC,2025-02-12,short,0.11145144041716794,0.20889035535022785,0.1744141873028628,0.3,True,True,-1.4415694828412413,False,3.318599192399674
WFC,2025-03-20,long,0.25201182602981576,0.3774326970397432,0.5261112026936124,0.3,True,True,-0.9739662716606852,False,-9.44567633521225
WFC,2025-04-03,short,0.48420488489647506,0.8974712136917915,0.05685363145044792,0.3,True,True,0.7160514075068917,False,1.4618478611338137
WFC,2025-04-21,long,0.1058834627514102,0.1729954849435155,0.3588855765675837,0.3,True,True,-1.3799165614245845,False,15.37259801038977
WFC,2025-05-22,short,0.18515979486364584,0.29881838135815103,0.2831436855192451,0.3,True,True,-1.0183576077834409,False,-4.0060039948277115
WFC,2025-06-24,long,0.328009880918233,0.40843726483131143,0.33180219710390074,0.2,True,True,0.48802778799602353,False,4.7112927345622335
WFC,2025-07-15,short,0.35360686623091186,0.7963784941105817,0.12440961052611559,0.2,True,True,-1.1829785676973008,False,-4.805975498047665
WFC,2025-07-25,long,0.2010813105982325,0.2736278110891907,0.4379933442807899,0.2,True,True,0.9906645054942633,True,-7.130764123766142
WFC,2025-07-29,short,0.1811341653196825,0.2446683894975084,0.13324495087678404,0.2,True,True,-0.9087699903957333,False,3.2705157472175728
WFC,2025-08-25,long,0.4050712007985356,0.4054057749011258,0.2060557579464777,0.1,True,True,-0.13667253702324828,False,0.7108155825490403
WFC,2025-09-08,short,0.10066888507229187,0.37478838882339277,0.3521212721299454,0.1,True,True,-0.33190546781601876,True,-7.60677264338141
WFC,2025-09-11,long,0.020379757156484404,0.14029608211873174,0.059701561109076685,0.1,True,True,0.415178676601079,False,3.778466662374602
WFC,2025-10-01,short,0.5894678547300659,0.9658146221892661,0.2029288113883528,0.2,True,True,-1.1701322101967033,False,-6.912329205539458
WFC,2025-10-15,long,0.5930249287151326,1.2505389693276383,0.3578508602885907,0.2,True,True,0.26022432891603825,False,-0.5320344117325626
WFC,2025-11-07,short,0.04789747701089142,0.1938598022920252,0.24668268614200095,0.2,True,True,-1.5267474704607114,False,3.4053920999114307
WFC,2025-12-02,long,0.24687997981177326,0.2596778306898284,0.27912555245200893,0.2,True,True,0.4856677578876633,False,6.800271999739826
WFC,2025-12-31,short,0.2590549275129375,0.5178126542150374,0.2391734023364662,0.2,True,True,-2.6186820374046946,True,4.549360408578307
WFC,2026-01-05,long,0.008664776259276256,0.23305906828977113,0.13106583915472378,0.2,True,True,2.692981633374151,True,-10.085072393485706
WFC,2026-01-07,short,0.3999845094214157,0.49430158796481627,0.06194515129442244,0.3,True,True,-2.513493975576445,False,6.628483599040602
WFC,2026-02-02,long,0.293856137221679,0.5733941292734226,0.4646209305026249,0.3,True,True,-0.563056394752528,False,-4.812441272333324
WFC,2026-02-12,short,0.3984574639553369,0.844630208919925,0.26609054223786693,0.3,True,True,0.10907787123679254,False,5.608997978127139
WFC,2026-03-23,long,0.3663430197974004,0.39209260050685146,0.3434494372015919,0.2,True,True,-1.7409879081775137,False,4.432817363831454
WFC,2026-04-22,short,0.11775256037425945,0.20328234284346272,0.15453769871387701,0.2,True,False,-0.08683587644738837,False,0.19855785304305762
WFC,2026-04-30,long,0.001339423575231674,0.1703648979278482,0.1017252992004172,0.2,True,True,-0.0005298466592481416,True,-9.75085790521909
WFC,2026-05-01,short,0.06896198113289158,0.07031950892306417,0.14911076904717133,0.2,False,False,0.02738666737425462,False,8.625475178236897
WFC,2026-05-22,long,0.16527421650270974,0.31929048587380143,0.3565801314552889,0.3,True,True,-0.9917394381452558,False,5.968581276317608
WFC,2026-06-30,short,0.30338017131489564,0.35419180480217094,0.19775438613826646,0.3,True,True,-0.9510828264844455,True,-5.893031337726673
WFC,2026-07-01,long,0.01146863256377432,0.31661622364948605,0.09164140266931714,0.3,False,True,1.0273669273435668,False,2.478467239409343
WFC,2026-07-14,short,0.13266544497758107,0.4431780993484308,-0.008121228126835408,0.2,True,True,-1.0420503013153255,True,-1.852506937274656
WFC,2026-07-16,long,0.033814351855718044,0.1010397972362749,0.07284766052955602,0.2,True,True,1.061134480002708,True,-2.997617275225095
WFC,2026-07-17,short,0.04086429460908571,0.07498452778729307,0.09393885665942137,0.2,False,True,-1.0324327783859015,False,1.2112969858307565
WFC,2026-08-05,long,0.10638234893808926,0.4016841326787541,0.3715461896520075,0.4,True,True,0.6123126508349702,True,-3.0689687575187308
WFC,2026-08-07,short,0.042854716809910605,0.05465265008646206,0.2376154167432657,0.4,False,False,-0.6124665609202133,True,3.908313652847417
WFC,2026-08-12,long,0.19115913971239554,0.2804164004607905,-0.02554344834316792,0.5,True,True,0.7347478120727068,True,-4.160572287805165
WFC,2026-08-17,short,0.028778780575490166,0.30346509128515864,-0.05769749325796126,0.6,False,True,-0.7740405994103978,False,1.3136869018183006
WFC,2026-09-02,long,1.043771178081207,1.2065277253513347,0.6883392119800483,0.6,True,True,0.23691526377662012,False,-2.6660662517262734
WMT,2018-07-06,short,0.1997285369892821,0.21915818100788143,0.6098143276018674,,True,True,-0.11398865743773895,True,-4.200699161492771
WMT,2018-07-09,long,0.2654169331414869,0.4725269760476773,0.21558911705083392,,True,True,0.18498468058320572,False,1.9783430812390979
WMT,2018-08-30,short,0.01614166865088895,0.17670267029828932,0.42502498849702114,,True,False,-2.1195033021369687,False,1.5713008794027483
WMT,2018-10-10,long,0.09335398948785249,0.18795694887621767,0.3323047267382882,,True,True,0.27385481029471365,True,1.8796693942817688
WMT,2018-10-11,short,0.2553031398221136,0.3483972535317922,0.3772609087079635,,False,False,-0.15786866295969174,False,-5.600547481936946
WMT,2018-10-17,long,0.29311702921835325,0.4106294253336061,0.045386884670562525,0.4,True,True,0.2910874960210564,False,3.8525341486751685
WMT,2018-11-14,short,0.0674802766326889,0.791963115562497,0.3621892900027603,0.3333333333333333,True,True,-2.6827500593296265,False,4.176099381801423
WMT,2018-12-28,long,0.2456896092039503,0.5313751373683436,0.3724729928472903,0.2857142857142857,True,True,-1.4064649419586206,False,3.0609121496971703
WMT,2019-01-30,short,0.08154759610550386,0.3860325001058838,0.23664907738014376,0.25,True,True,-0.6991245159388185,False,-3.3122465905337295
WMT,2019-02-13,long,0.14142365740722923,0.263246524710065,0.08892165301174652,0.2222222222222222,True,True,0.44465291764135856,False,1.0720638760350232
WMT,2019-02-27,short,0.09094086455583576,0.2948311213819489,0.23436295148845718,0.2,True,True,-0.8517616956460606,False,-0.9377223908255461
WMT,2019-03-18,long,0.08618873376838836,0.29625832230990806,0.12835621040564485,0.1,True,True,0.4454469493205841,False,-1.8463043318050598
WMT,2019-03-22,short,0.07249592864858179,0.2259167577332763,-0.016849704486646324,0.1,True,True,-0.44089357352325553,False,-0.5596132023941491
WMT,2019-04-08,long,0.20583363306023342,0.5053525015045798,0.33825917533517685,0.1,True,True,0.1553322182510559,False,3.86974656445227
WMT,2019-04-29,short,0.0670675616752488,0.6096089161135607,0.4024059756027948,0.0,True,True,-1.1799996665598618,False,1.1218433968705033
WMT,2019-05-22,long,0.04668432816267449,0.43328106022156015,0.22687767270957845,0.0,True,True,0.5396727925427879,False,2.817158316085444
WMT,2019-06-28,short,0.18635389426442794,0.25018852263165986,0.42814613064618545,0.0,True,True,-3.2418272918998188,False,-4.063719748519268
WMT,2019-07-11,long,0.043905983305812905,0.16991882574312628,0.034352534418225965,0.0,True,True,2.9021245219667073,False,-1.4922600213503667
WMT,2019-07-18,short,0.062220706142169124,0.19483517485412177,0.047221573216366323,0.0,True,True,-2.77286450201052,False,4.654775708834191
WMT,2019-08-16,long,0.8129379151512551,0.8743759655748573,0.59552564785791,0.0,True,True,-0.28640095414367156,False,1.1240102448322409
WMT,2019-10-01,short,0.17323934500435245,0.1945374239146765,0.04790825189193039,0.0,True,True,-1.5858477796461556,False,-1.425582136384218
WMT,2019-10-11,long,0.09275064623565338,0.28953217231210976,0.21292762442585084,0.0,True,True,1.3082072943478011,True,-0.9980043681732886
WMT,2019-10-16,short,0.015184308516052803,0.06198557428935033,0.06186567045125955,0.0,False,False,-1.2889020790340309,True,1.105297651130488
WMT,2019-10-17,long,0.004017754168952556,0.020149531900840824,0.03341378578903018,0.1,True,False,1.2992747607523785,True,-2.1528975673214434
WMT,2019-10-18,short,0.19549743355222962,0.1997119048432787,0.01549970185994406,0.1,False,False,-1.2294622305739682,False,1.2758263327579566
WMT,2019-11-08,long,0.013420626749393347,0.13544522114542668,0.6243633629435843,0.3,True,True,0.44665278790154006,True,-0.0669806553964869
WMT,2019-11-11,short,0.06166383049689992,0.07571440445466986,0.4921172494039288,0.3,False,False,-0.4310243796707801,True,0.10081389266837215
WMT,2019-11-13,long,0.5920462796148718,0.6987848028257236,0.011398148776631875,0.3,True,True,0.5887606985142134,False,-1.8350193295750827
WMT,2019-11-20,short,0.21057147218065084,0.5131364977857742,0.2517010731305561,0.5,True,True,-0.5410628624536586,False,-0.05227625745956033
WMT,2019-12-09,long,0.0859240223623187,0.26688657204809657,0.32570919703515655,0.5,True,True,0.2569608041049772,False,-0.2764913475837405
WMT,2019-12-23,short,0.0779707557649381,0.9101527205702216,0.3623491395658329,0.5,True,True,-0.5679695609149144,False,2.41115332270474
WMT,2020-01-28,long,0.2802352076194378,0.7397843533272623,0.20211492089481978,0.5,True,True,-1.0992087038967626,False,-1.0291536938663803
WMT,2020-02-03,short,0.13649162984782084,0.4458868378814131,-0.009835906473814965,0.4,True,True,1.0826467955285461,True,-4.6905919785668715
WMT,2020-02-04,long,0.06752018923826272,0.20432040162729942,0.11391628924089801,0.4,False,True,-1.0378783371058204,False,2.0907106802855235
WMT,2020-02-25,short,0.08856280211176884,1.2229112307993453,0.3580537896537857,0.3,True,True,-0.03904452805857566,False,-4.720665344569941
WMT,2020-03-05,long,0.0918535311889517,0.6815965405648033,1.0668053369752097,0.3,True,True,-0.9805117164439063,False,3.5011174653257093
WMT,2020-03-12,short,1.9442136484449302,3.128816002670346,-0.13041690846699389,0.2,True,True,1.6110341895479015,False,-6.012433436932252
WMT,2020-03-18,long,1.9385220641914718,2.1978285869078618,0.5216196560198553,0.1,True,True,-0.03213778910054634,False,-6.473268965810563
WMT,2020-03-25,short,0.663915549566005,1.4924074359235313,0.6016064190347525,0.1,True,True,0.6748451026463962,False,-11.371090219715496
WMT,2020-04-02,long,1.2836717716776345,1.3124028330296522,0.6376746037601675,0.1,True,True,-0.09488327655870044,False,11.35269053443464
WMT,2020-04-28,short,0.2928397201554808,0.3876904699844945,0.4883665404994182,0.1,True,True,-2.416954261743382,False,2.8715369364365473
WMT,2020-06-23,long,0.1309646520669618,0.21343401689092997,0.2326309482330856,0.1,True,True,-0.6474253235856212,False,2.7834896048168023
WMT,2020-06-29,short,0.0007345302890769547,0.004989450749349249,0.05290033601979029,0.1,True,True,0.6609374329651937,True,-10.87689577838531
WMT,2020-06-30,long,0.12151671260933425,0.12229263689284196,0.08243149729896686,0.1,False,False,-0.6147790168988962,False,10.202036586539576
WMT,2020-07-29,short,0.24655336783308318,0.3595723233474444,0.36034314297866105,0.1,True,True,-1.4992212786904353,False,-0.9182294786642897
WMT,2020-08-17,long,0.3568725464648022,0.524190318978174,0.2180612108072232,0.1,True,True,1.040678248567003,True,2.396753685346509
WMT,2020-08-20,short,0.2043038057390112,0.46992397473211106,-0.030859692304892158,0.1,True,True,-0.9336828242569783,False,-10.699237307816833
WMT,2020-08-28,long,0.9893706203242623,1.0410580745920905,0.17097353528998696,0.2,True,True,1.1724539061938257,False,-2.12401636964088
WMT,2020-09-10,short,0.24903181117428594,0.7725682434127118,0.6655649106414498,0.2,True,True,-1.8617360500957099,False,0.08042017802222245
WMT,2020-10-01,long,0.35383950766511924,0.7388007670398015,0.24718148879423849,0.2,True,True,0.8038359388763904,False,1.0134227804906581
WMT,2020-10-22,short,0.1498164953336612,0.22177907652886383,0.22843014715142043,0.2,True,True,-1.289431742972707,False,0.05573580178497295
WMT,2020-11-06,long,0.04710292434458714,0.5470045904445195,0.34162326016095357,0.2,True,True,0.5733750776331894,False,3.0664908223652088
WMT,2020-12-02,short,0.09166433433662337,0.5359928732328885,0.12945206887777463,0.2,True,True,-2.790551504821973,False,3.0284725937507417
WMT,2021-01-05,long,0.0018657714507468,0.19557617346720807,0.23384661414903118,0.1,True,True,-0.5359537641537195,False,-0.1646504151485817
WMT,2021-01-19,short,0.24855484784855703,0.5073796115570036,0.24611206078084003,0.1,True,True,0.16451627696304974,False,1.8271745796606176
WMT,2021-01-26,long,0.2708679684669753,0.2754575362940881,0.07827383713431328,0.1,True,True,-0.010788319972126982,True,-1.1388849496896225
WMT,2021-01-27,short,0.13272014681629202,0.40970187594985447,0.015507731343739582,0.1,False,False,0.16890831592832756,False,-0.20160440254310963
WMT,2021-02-08,long,0.11996467646770428,0.5817496350186492,0.42783134348560314,0.1,True,True,-0.7707889795062826,False,-6.591760216859033
WMT,2021-02-18,short,0.2008101683608679,1.447758649914386,-0.20684665634258953,0.1,True,True,0.4804946147405564,False,7.358716050956938
WMT,2021-03-11,long,0.30415763340167434,0.6946678121762987,0.6106856777294473,0.1,True,True,-1.9965864448259767,False,1.8462943596049275
WMT,2021-04-26,short,0.2752569519130789,0.2835032197884341,0.11555121977939589,0.1,True,True,-0.7289467962097249,False,-2.511050741730414
WMT,2021-05-06,long,0.023296204009277052,0.08661914062643387,0.10551830458297329,0.1,True,True,0.6847179071398302,True,0.9712924197615047
WMT,2021-05-07,short,0.025101556506211417,0.04929492997132126,0.022989253611156328,0.1,False,False,-0.6611094625574327,False,-1.1055525229023866
WMT,2021-05-19,long,0.11990397311585015,0.2846938268959807,0.22507139109037885,0.2,True,True,0.45628409480447957,False,-0.22547502469929537
WMT,2021-06-02,short,0.10629542505443862,0.1588124721996714,0.11809407590829546,0.2,True,True,-0.5347754152893843,False,2.971360444830795
WMT,2021-06-30,long,0.7471362562842258,1.2157503820705169,0.5195249477725122,0.2,True,True,-0.31120415980875893,False,0.4538106070360648
WMT,2021-08-25,short,0.23169431326345274,0.4538254375550831,0.33672240635790707,0.1,True,False,-2.652972618690747,False,1.7051509885307237
WMT,2021-10-12,long,0.1681260075838067,0.22178608612666403,0.42812091074950104,0.1,True,True,-1.4653073371654202,False,6.7226544803638655
WMT,2021-11-10,short,0.005851892335171656,0.30702641462499725,0.2434554114282556,0.1,True,True,-1.3444509595538985,False,1.2799702441675498
WMT,2021-12-13,long,0.35685566147643427,0.6089687395393371,0.3085920728426485,0.1,True,True,-0.9325328892572725,False,-0.5502524677353016
WMT,2022-01-20,short,0.35026955680842164,0.43014359857793044,0.17235613886238157,0.1,True,True,-0.26186815498141336,False,0.16286419652101758
WMT,2022-02-03,long,0.04667642411423227,0.3071107566631316,0.5257645518529936,0.1,True,True,-0.6288885564613885,True,-1.4965606318165126
WMT,2022-02-07,short,0.1671255633655489,0.19412612645668897,0.2253603366502586,0.1,True,True,0.7176291734303412,False,1.0945338567403984
WMT,2022-02-18,long,0.1556183844113119,0.5405985177464818,0.3070532505169537,0.1,True,True,-1.0617311384919472,True,2.6668584772234993
WMT,2022-02-24,short,0.09847282464457825,0.17647923936810192,0.10794489999030207,0.1,True,True,1.121448249413168,True,-6.020933719508936
WMT,2022-02-25,long,0.18578342146118,0.28728999701808006,0.021977232300547565,0.2,False,True,-1.0432607930124795,False,4.172186561747582
WMT,2022-04-25,short,0.27991447115168594,0.3976751819792975,0.13283400519725053,0.3,True,True,-1.993666337449908,False,3.2369103465697657
WMT,2022-06-03,long,0.10994074079691878,0.1530970100255086,0.40242762814697886,0.3,True,False,-2.049849394042633,False,-5.609660090899449
WMT,2022-08-04,short,0.11629188075815391,0.5363901452958687,-0.012026296528843333,0.3,True,True,-0.26472108799037763,False,-11.233345142942008
WMT,2022-08-12,long,0.16942351105007555,0.367376657407005,0.12595026159381478,0.3,True,True,0.23659543545266404,False,-0.46892362954833455
WMT,2022-08-26,short,0.29497444919492877,0.48994799771844305,0.24604583730228283,0.3,True,True,-0.5191304229479494,False,-4.9164255314186
WMT,2022-09-09,long,0.002290362995354721,0.212253096588246,0.17705564535810775,0.3,True,True,0.381547271076213,True,-4.954690372160853
WMT,2022-09-14,short,0.11143242092608688,0.18347903379355435,0.05288077036270993,0.3,True,True,-0.3820422328158938,False,1.341495897550704
WMT,2022-10-18,long,0.4604882981144816,0.6062320898621649,0.10605150951371542,0.3,True,True,-0.10608111131461828,False,5.628443056122445
WMT,2022-11-14,short,0.7266184657458955,0.757513215368405,0.2478056963798819,0.2,True,True,-1.274133815313809,True,-10.535438810038155
WMT,2022-11-15,long,0.2750170910477761,1.016715218373494,-0.22058385466781,0.2,True,True,1.6266406836806369,False,3.3776647202301557
WMT,2022-12-05,short,0.17789455899117015,0.49030690271887956,0.31120619605997757,0.2,True,True,-2.84401216892286,False,5.480823120550681
WMT,2023-01-06,long,0.0801218814645731,0.46281802993857907,0.22867639293263894,0.2,True,True,-0.39509438889630843,False,-2.8205468780265974
WMT,2023-01-18,short,0.16901642790946697,0.5001721096903046,0.05432272463614718,0.2,True,True,0.298503674592078,False,-2.719371436340934
WMT,2023-01-27,long,0.033574015252346545,0.18901549159888104,0.1315852201246173,0.2,True,True,-0.4511641211780691,False,0.2930825124349834
WMT,2023-02-06,short,0.04555055010317311,0.2944718062178552,0.003198558366572219,0.2,True,True,0.350573219806336,False,-4.727036041941934
WMT,2023-02-10,long,0.12557897830036416,0.3994744281363421,-0.07453244823445324,0.2,True,True,-0.3464275336866204,False,-1.5864091655095613
WMT,2023-02-24,short,0.08018233776023928,0.36721004482314773,0.3095097979945351,0.1,True,True,-0.11736098996436746,False,3.8604672885676705
WMT,2023-03-17,long,0.034914101638092526,0.5682591170206659,0.5251188841322859,0.1,True,True,-0.7142389322415029,False,5.7747497259954095
WMT,2023-04-26,short,0.0663652372595273,0.2400571726591128,-0.009480666505537062,0.1,True,True,-1.5593500365134287,False,-1.470750778554386
WMT,2023-06-07,long,0.21043801442170204,0.2463885730679439,0.430585594522607,0.0,True,True,-0.13754509191232053,False,3.833330001530544
WMT,2023-06-29,short,0.23068127641435765,0.3089476516409615,0.2654295131130993,0.0,True,False,-1.1257725967487018,True,-0.24631013028193482
WMT,2023-06-30,long,0.07286924055269854,0.3040803925967168,0.11151445133234629,0.0,True,True,1.2227131457405678,False,-1.4823698160772891
WMT,2023-07-07,short,0.43816378687174856,0.8065978939386843,-0.09884527003337211,0.1,True,True,-1.15484315900044,False,-3.179354070709861
WMT,2023-07-21,long,0.10864186278279835,0.487705563355071,0.20597647028759977,0.1,True,True,0.7090872964690828,False,-0.018949249165933768
WMT,2023-08-04,short,0.12076054925793848,0.3152712997701878,0.21076614601141763,0.1,True,True,-1.2516097604025151,True,-0.0956325005286418
WMT,2023-08-07,long,0.03537832600621307,0.16102634601612092,0.15622339054898782,0.1,True,True,1.3536964198424826,False,-1.5078793675827762
WMT,2023-08-15,short,0.29640675199317196,0.4062776604837415,0.045243352709255356,0.2,True,True,-1.5750484199816044,False,-0.5465536219815048
WMT,2023-08-30,long,0.2865662823531177,0.7725390779453221,0.49707067080111084,0.2,True,True,0.6763645895937925,False,2.512416726371325
WMT,2023-09-21,short,0.6875836086177315,0.7019197746631053,0.44989318531478406,0.2,True,True,-1.9079237289354571,False,1.753927089178331
WMT,2023-10-17,long,0.3894516757795337,0.48353965806382,0.5838798856389421,0.2,True,True,-0.5206133419580169,False,1.2328286540108424
WMT,2023-11-16,short,0.8471924696383039,2.199496780165284,-0.23074541114351257,0.2,True,True,-1.226963050208925,False,1.0894836614159242
WMT,2023-12-15,long,0.03764330572105178,0.20307531119175237,0.2559714637233018,0.1,True,True,-1.701650544780082,False,4.288329019153392
WMT,2024-02-14,short,0.05962558557411115,0.3346127912733518,0.21216770222316403,0.1,True,True,-1.7602509142537839,True,-4.288246462141365
WMT,2024-02-20,long,0.5533788519870663,0.7765764791392042,0.021628287340467876,0.1,True,True,1.8831434283399002,False,2.4223920114135655
WMT,2024-03-18,short,0.22528761074720094,0.27983326429457855,0.215083859870464,0.2,True,True,-1.9069319839542669,False,2.793300646300989
WMT,2024-04-29,long,0.029173624479094103,0.1795363978419527,0.28730178069606477,0.1,True,True,0.13294912056961655,True,0.6293139450166629
WMT,2024-04-30,short,0.29805976188848704,0.3272016344938977,0.23648191348561545,0.1,False,False,-0.048846034542534875,False,-1.2084265026346852
WMT,2024-05-07,long,0.2920572968110547,0.5020138667404499,0.18807421437150723,0.2,True,True,0.09667069358857051,False,7.844788997259666
WMT,2024-06-12,short,0.25510907872270683,0.36599491722678545,0.30876632398978526,0.2,True,True,-2.7584201134705273,False,-2.3676675678184322
WMT,2024-06-24,long,0.045862064718203276,0.32029474062635416,0.061938027982151374,0.2,True,True,2.6025293899035336,True,1.4513939410934817
WMT,2024-06-25,short,0.43413687311392013,0.4803522924823738,0.11853126868709718,0.2,True,True,-2.423218490070397,False,-4.434880509814931
WMT,2024-07-08,long,0.009755831724218034,0.29148291695400064,0.3118178890832528,0.3,True,True,2.1163981206609517,False,1.004585028531202
WMT,2024-07-12,short,0.14120595154069343,0.4275190358935376,-0.09221172921666883,0.3,True,True,-2.1154870525253826,True,-0.7799118191285093
WMT,2024-07-17,long,0.03877184018319262,0.3729707954662632,-0.014615608610698307,0.3,True,True,2.1174695243902186,True,-3.3648028731703805
WMT,2024-07-22,short,0.20502412622092583,0.2631714300042181,0.09285288009948892,0.3,True,True,-2.0488541655370303,False,3.9641937930255056
WMT,2024-08-15,long,1.295943446357011,2.363701709543562,0.5179465356062867,0.4,True,True,0.3645180930829449,False,4.7250967487872275
WMT,2024-09-18,short,0.18195298026784415,0.32684291627663975,0.11291174811577795,0.3,True,True,-2.8756023053563067,False,-1.7714736040494783
WMT,2024-10-23,long,0.16721178615949633,0.4253232432050456,0.08940723699108874,0.3,True,False,1.6423579835089184,False,0.20414741492107424
WMT,2024-10-29,short,0.09027938943386636,0.3444134729531874,-0.02413570820348486,0.3,True,True,-1.6222646322341043,False,-4.026906710541289
WMT,2024-11-06,long,0.0580797515405563,0.18002360730259248,0.19618675883768125,0.3,True,True,1.4773658473370028,False,4.482279260380717
WMT,2024-11-18,short,0.14276304184972133,0.4762355766425151,0.2322248825612043,0.2,True,True,-1.7345585073958247,True,-11.215513345617678
WMT,2024-11-19,long,0.6422555008713188,0.7850326240645529,0.37831450117988213,0.2,True,True,1.9500233925723853,False,9.064666458127203
WMT,2024-12-13,short,0.2987065410880938,0.4050238058136427,0.49872640262134377,0.3,True,False,-3.3255045694406884,False,3.9044975655026293
WMT,2025-01-22,long,0.1376212368871587,0.2271513584168136,0.18922593909044974,0.2,True,True,0.431643791001317,False,9.900242712634633
WMT,2025-02-20,short,0.8338513325412843,1.2168742827773393,0.250000448462667,0.1,True,True,-2.5339159180295066,False,2.6437541150549637
WMT,2025-03-27,long,0.035828948574067265,0.16318811066188696,0.18704556386493726,0.1,True,False,-1.5646109489520226,False,5.815720988243678
WMT,2025-04-08,short,0.011117955936243493,0.31670746129146893,0.2507814870197636,0.1,True,True,1.0835555235108358,True,-16.102206328441948
WMT,2025-04-09,long,0.5511670172247266,0.5623430529516998,0.3239401343883604,0.1,True,True,-0.8376257208342127,False,6.964278242249167
WMT,2025-05-12,short,0.08594273511390876,0.18611743642252157,0.2118949925905585,0.2,True,True,-1.0515359694407977,False,-0.8578886363610927
WMT,2025-06-03,long,0.12315307634619799,0.192696957684067,0.1880273196506856,0.2,True,True,0.6523316959873131,True,-5.731142677404577
WMT,2025-06-05,short,0.08035440949962169,0.2128186389955022,0.07736006129560657,0.2,False,False,-0.6021940699075918,False,1.8782974649962925
WMT,2025-06-25,long,0.07606568848892264,0.1129801756786571,0.3816368078825571,0.2,True,True,0.03770469378579022,True,-2.4676245245663697
WMT,2025-06-26,short,0.03133858132213237,0.11178545400102685,0.2777864299600573,0.2,False,False,-0.009453563955463137,True,1.6871475438327233
WMT,2025-06-27,long,0.08807068540045042,0.12140666271155837,0.13082737053422586,0.2,True,True,0.04157492493593325,False,-1.5318154052038957
WMT,2025-07-10,short,0.5447453997434474,0.6848960777064887,0.16924543464423064,0.4,True,True,-0.06167099135119346,False,-1.8342731117737099
WMT,2025-07-24,long,0.003866416832565049,0.3891343433289697,0.24626149638799472,0.4,True,True,-0.1708366642614192,False,6.749486811326522
WMT,2025-08-18,short,0.1592892669423034,0.315069602643679,0.7606936238327989,0.4,True,True,-1.0448095186009996,False,2.8301866610924264
WMT,2025-09-05,long,0.34040370239170203,0.4333629121508424,0.6916712971194235,0.3,True,True,0.10814631723369654,False,1.8107780181234823
WMT,2025-09-25,short,0.0386321164537806,0.07621359604178099,0.2316281134600956,0.3,True,True,-1.3446616557206177,False,1.2421126284847372
WMT,2025-10-14,long,0.33136571652022323,1.0058527143190925,-0.08040368242565635,0.3,True,True,1.115998002003011,False,-3.7683003606124865
WMT,2025-10-27,short,0.2720796680176749,0.6537564657224809,0.24338371479433762,0.2,True,True,-1.8111439408356544,False,1.9622772735427119
WMT,2025-11-20,long,0.6317851434967552,1.3192378877154003,-0.12669122389604687,0.2,True,True,-0.12812579943839042,False,7.468963478776791
WMT,2025-12-19,short,0.29661498581129464,0.3710764543041707,0.352089104594599,0.1,True,True,-2.6965997339645855,False,0.01749633959925445
WMT,2026-01-12,long,0.1871747342941787,0.5811742528431005,0.11381743010101053,0.0,True,True,1.1683741335334923,False,-0.8731040982198013
WMT,2026-01-26,short,0.13588045712672123,0.24084449729697419,0.2702790223751113,0.0,True,True,-1.7945956403707743,False,-9.673587986743026
WMT,2026-02-02,long,0.3061196239385912,0.75362425191357,-0.017462054699991406,0.0,True,True,1.832242714761193,False,3.861047255162431
WMT,2026-02-19,short,0.6788028628732289,0.8399134540091461,0.49174919447787246,0.0,True,True,-2.5716265602603925,False,1.249308723628051
WMT,2026-03-31,long,0.07610083651601282,0.26609984873373654,0.21724661920481642,0.0,True,True,-0.28148977533346925,False,0.3862200265478677
WMT,2026-05-11,short,0.5494347356181729,0.5552626450196101,0.1593924219526882,0.0,True,True,-0.9597520607992877,True,7.06951494392526
WMT,2026-05-14,long,0.13022486720776918,0.32532098900581063,-0.06295346234888798,0.0,True,True,1.1705260483698214,False,-12.615127700785422
WMT,2026-05-21,short,2.2004559998375286,2.4117532177919387,-0.02740894499570433,0.1,True,True,-0.5118545706410156,False,2.0273608981859037
WMT,2026-06-10,long,0.20643334091452398,0.5575607714715006,0.6494252851755253,0.1,True,True,-1.434775245600709,False,-3.988724664789456
WMT,2026-06-26,short,0.009747207709535102,0.22330541644794782,0.04078157148815003,0.1,True,True,0.9446747688494214,False,0.7865936914250193
WMT,2026-07-10,long,0.11220400033480418,0.4223834339165446,0.2877311435133832,0.1,True,True,-1.3787233426683376,False,-3.8893752325687703
WMT,2026-07-23,short,0.2705537357886267,0.2946651777370071,0.304348232298601,0.1,True,True,1.302871467857329,True,-3.3856059768007762
WMT,2026-07-27,long,0.04692949657499115,0.3238433992924519,0.029405787628709303,0.1,True,True,-1.2303571723402877,False,0.823345086573779
WMT,2026-08-20,short,0.871517684837347,2.2253359469834195,0.23273700798667862,0.2,True,True,0.3230093229960745,False,-4.660594593758605
WMT,2026-09-03,long,0.04077128390722504,0.7658301304369892,0.5403291717402137,0.2,True,True,-1.2204280503848965,False,-1.558748238842711
XBI,2018-06-18,short,0.052592514495246045,0.09875657817370008,0.09277279339240514,,True,True,-1.544534487777418,True,1.1903360592203538
XBI,2018-06-19,long,0.1546488241768262,0.20951096393520993,0.0644698259139095,,True,True,1.6065031362257896,False,-1.8614205096436187
XBI,2018-06-25,short,0.5260024404231253,0.8708028736586602,-0.061666930250629755,,True,True,-1.5371134191450975,False,-3.360994593879263
XBI,2018-07-09,long,0.33496090632333997,0.543183314645795,0.6253511133397511,,True,True,0.9599509734554172,False,-0.27974826812144915
XBI,2018-07-23,short,0.16424924815514558,0.20876993829779605,0.11008777872723352,,True,True,-1.0570867903430228,False,4.929342270934622
XBI,2018-08-22,long,0.5137898336210183,0.6994745337510534,0.20498551038472027,0.2,True,True,-0.5692283027181707,False,-0.010364593084166707
XBI,2018-09-10,short,0.11292605766964504,0.3812875005866422,0.5780711426657328,0.16666666666666666,True,True,-0.48170862193550845,False,-0.13736841278053635
XBI,2018-11-02,long,0.6962468316709879,0.7863898547913719,0.5305876898308911,0.14285714285714285,True,True,-2.0091411048469,False,-5.288232544079607
XBI,2018-11-14,short,0.5897746683613397,0.6804486959525993,0.6515946993670426,0.125,True,True,1.86778092200577,False,-7.3668756985995065
XBI,2018-11-21,long,0.06692529799562467,0.2652022903696965,0.10797719969394627,0.1111111111111111,False,True,-1.7284604377159594,False,0.4109262814977477
XBI,2018-12-14,short,0.04935897584168916,0.3236684454376105,0.15426138854068958,0.1,True,True,0.7627825347478919,False,6.547015478600571
XBI,2019-01-02,long,0.15205780390659326,0.6436106251913604,0.5573297942437084,0.0,True,True,-2.0582951518139048,False,12.421088947957927
XBI,2019-01-29,short,0.008505616471889906,0.2160918250108811,0.20101323303530325,0.0,True,True,-0.8037160272169706,True,-5.432723164237152
XBI,2019-01-30,long,0.06753576722848142,0.0760957180724048,0.17801682465832736,0.0,False,False,0.8369963697327445,False,2.6005522586664886
XBI,2019-02-08,short,0.10607104468648464,0.1358757040586319,0.12444818720805191,0.1,True,True,-0.8584058964771308,False,-8.28498364285295
XBI,2019-02-15,long,0.20765699577449298,0.2097625689851535,0.06060257866869411,0.1,True,True,0.909557616627203,True,4.977468392729945
XBI,2019-02-21,short,0.11221377493141373,0.23443886329321678,-0.039992644783898766,0.1,True,True,-0.8039951945500681,True,-2.9373217889472336
XBI,2019-02-25,long,0.3837713467455187,0.4645203978045585,0.04370790874598166,0.2,True,True,0.9483670674433607,False,-0.54729868844835
XBI,2019-03-06,short,0.009371185366324232,0.6608368681316046,0.015416881237630799,0.3,True,True,-1.044098706051282,False,-4.391528951164592
XBI,2019-03-15,long,0.02527904818094039,0.09771576112961122,0.2241482597746175,0.3,True,True,0.8852649159167861,True,-0.7998075975523711
XBI,2019-03-20,short,0.18130821547136794,0.22311965284812404,0.012070418384376972,0.3,True,True,-0.8426379058144929,False,-2.60158507610333
XBI,2019-04-03,long,0.04280549846292093,0.7425517073033993,0.6096718842635716,0.4,True,True,0.5896118347455054,False,-8.470008659924089
XBI,2019-04-11,short,0.37543163814465913,0.7679285264836718,0.17815024383334158,0.4,True,True,-0.6401202543333361,False,3.9735741733648022
XBI,2019-05-22,long,0.017279573768629736,0.2369078515882067,0.14396099539631002,0.3,True,True,-1.0138426426313478,False,-1.5964962761111368
XBI,2019-05-31,short,0.3033985346036417,0.3525072847597719,0.08696042843965678,0.3,True,True,1.154105216300523,True,-2.580541837342998
XBI,2019-06-04,long,0.2989880838926863,0.565640441819233,-0.023735324998561402,0.3,True,True,-1.0004982857059657,False,5.354948223701661
XBI,2019-07-11,short,0.2049952401737518,0.42201239495545845,0.3553260038502281,0.3,True,True,-0.6604465587502003,False,2.106132151933837
XBI,2019-09-10,long,0.7310995717227243,0.8350811274417583,0.22025377331242163,0.2,True,True,-1.202679619374943,False,-2.3823873690197783
XBI,2019-09-25,short,0.501412410868336,0.6748984292490364,0.5362311825135283,0.2,True,True,0.35978110615409087,False,5.751778245714045
XBI,2019-10-14,long,0.22600297854071086,0.36515570493038374,0.32725581519685526,0.2,True,True,-1.662502459800066,False,7.200424528207527
XBI,2019-12-13,short,0.1037128888960217,0.11911408387134635,0.21712146301628135,0.1,True,False,-2.047100332094018,False,0.6281350559779297
XBI,2020-02-05,long,0.13360354415482587,0.8332096834911253,0.29432208967123874,0.1,True,True,-0.27875185961536175,False,1.832371376154307
XBI,2020-02-25,short,0.9358212401488198,0.9649575764757257,0.4032127310821683,0.1,True,True,-0.241634216805155,False,6.5554126976266165
XBI,2020-03-26,long,0.6882125758681419,0.8026340780012279,0.6975794922081819,0.1,True,True,-1.9583981293455222,False,6.647043198520364
XBI,2020-05-26,short,0.09831820638119593,0.19225714587160853,0.0010626304844089942,0.1,True,True,-1.342149198336979,False,-1.042987852123578
XBI,2020-06-19,long,0.019194036466247226,0.3838761235065182,0.23223931005527862,0.0,True,True,0.5529093518379995,False,3.755278838039078
XBI,2020-07-13,short,0.3588302559788734,0.8090279237326137,0.028393591767358332,0.0,True,True,-0.8847455083093138,False,-2.849495832098392
XBI,2020-07-17,long,0.16444189033673837,0.3353635786920312,0.06581030739845087,0.0,True,True,0.9209522248773885,True,-7.924888255347318
XBI,2020-07-22,short,0.07978294773093676,0.3791319656607484,-0.04077873927116789,0.0,True,True,-0.9135721223054091,False,2.472503789130809
XBI,2020-09-15,long,0.9662553973521087,1.0009808757899539,0.4357632046553802,0.1,True,True,-0.47650431710514696,False,-0.811431245080918
XBI,2020-10-21,short,0.8245063787483449,0.8554781209089347,0.5211679898577729,0.1,True,True,-1.1385922488798141,False,-7.898218188730399
XBI,2020-11-05,long,0.6019972852473169,0.7353083683314828,0.48984967490151443,0.1,True,True,0.7516866712367445,False,1.8153755208360156
XBI,2020-12-28,short,0.06409819397094194,0.7689001626714478,0.1701414270950346,0.1,True,True,-2.724355906871893,False,-1.9732288333397685
XBI,2021-01-15,long,0.07951508120930385,0.09054248961830005,0.2627598564937896,0.1,True,False,1.608849038084681,False,5.200033244643842
XBI,2021-01-22,short,0.04931775221108845,0.10287663899325354,0.009063956718105278,0.1,True,True,-1.667807659274419,True,-9.32093595875605
XBI,2021-01-25,long,0.3026138354734301,0.35230437175483303,0.0961366452198772,0.1,True,True,1.8046765027754692,True,10.722918864751252
XBI,2021-01-27,short,0.19147667304256896,0.3686290495120328,-0.04050865943320337,0.1,False,True,-1.6909663752423523,False,-10.315133247870257
XBI,2021-02-02,long,0.7259361688602465,0.7566488947431244,0.056935835698202916,0.3,True,True,2.0395405731719953,False,-1.543748914974974
XBI,2021-02-16,short,0.5590627832214776,0.9601972435869353,0.6309666820199967,0.2,True,True,-2.638303466047203,False,8.310431498194326
XBI,2021-03-15,long,0.15940773901290087,0.4663437170955933,0.5749552010024551,0.2,True,True,-1.1331823292229117,False,-12.70024710446317
XBI,2021-03-24,short,0.5567417023846625,0.7385059403938182,0.03449885664403202,0.2,True,True,1.0985384172572916,False,-0.8750846539505419
XBI,2021-04-05,long,0.14507120019791325,0.41306163811119356,0.27043091000686936,0.2,True,True,-1.099587479472865,False,-7.1485189531790505
XBI,2021-04-09,short,0.09380449810279176,0.15465414624932966,0.028080063800589403,0.2,True,True,1.094136588575384,True,-3.6025712039748914
XBI,2021-04-14,long,0.003518318655768163,0.28407939888173406,-0.07318641970043697,0.2,True,True,-1.067508835649195,False,5.5698258230489905
XBI,2021-05-05,short,0.06653430563120717,0.5211748881466732,0.3705272403526071,0.3,True,True,0.30970444100162287,False,2.0921420379097055
XBI,2021-05-20,long,0.19465529638993176,0.3879439504370966,0.3007953365870834,0.2,True,True,-0.7000201907337428,False,-0.634938690562703
XBI,2021-07-06,short,0.2770572479095337,0.4250803363643084,0.0988100964998949,0.1,True,True,-0.5651932576699112,False,3.3909606873257947
XBI,2021-08-05,long,0.38951692720338077,0.6341169065021859,0.15099151342954972,0.1,True,True,-0.847686446290254,False,-8.375801406955595
XBI,2021-08-16,short,0.06169356301495986,0.4367874932847008,0.10203701057408718,0.1,True,True,0.7337715086376767,False,-8.079461915567876
XBI,2021-08-23,long,0.21205109629337573,0.8946190906340816,-0.18462059088466287,0.1,True,True,-0.84126114371614,False,4.485670187258894
XBI,2021-09-14,short,0.2617214373032023,0.48063803591870324,0.35573963495347916,0.1,True,True,-0.7909640760255489,False,0.9690864234449759
XBI,2021-10-15,long,0.0847078802929425,0.09531406497707831,0.38381478845944306,0.1,True,True,-0.9013420698722983,True,-0.21585544652122923
XBI,2021-10-18,short,0.15112406116176683,0.2367039898231068,0.25141542406461026,0.1,False,False,1.0091970194599702,False,-5.8136516202466515
XBI,2021-10-22,long,0.10720806609194583,0.13490233805407364,0.043825641674910334,0.1,False,False,-0.9346387653676934,False,5.749727212742406
XBI,2021-11-12,short,0.24735764773671715,0.3191509106286748,0.6560425846769348,0.1,True,True,-0.3605751250546223,False,9.080123217107438
XBI,2021-12-17,long,0.7130692791175866,0.7212304363948482,0.19480004538342385,0.1,True,True,-1.8709659599127575,False,-0.14704886176928333
XBI,2022-01-05,short,0.44027334194351975,0.786098067511047,0.11386722637232387,0.1,True,True,1.193728710101553,False,12.600964814414727
XBI,2022-02-01,long,0.38674800884007665,0.6455337045906315,0.29462472703067744,0.1,True,True,-2.5830900965973282,False,0.7372977475501141
XBI,2022-02-23,short,0.058511248808833856,0.477507698843336,0.3553856634917966,0.1,True,True,1.51035484039081,True,-3.9248219137544282
XBI,2022-02-24,long,0.010080637842201538,0.0690864133304878,0.34616202511560845,0.1,False,False,-1.4881201368668233,False,-1.1460631120182696
XBI,2022-03-04,short,0.15144184889294987,0.33798915902296806,0.03272628273588617,0.2,True,True,1.4485784787524998,True,-9.845068259757328
XBI,2022-03-09,long,0.06375978681956843,0.4398430058506232,-0.05839343056133908,0.2,True,True,-1.4320951451173554,True,1.6055963992886335
XBI,2022-03-14,short,0.21208214071024503,0.41273421050364945,0.06339175938801794,0.3,True,True,1.5082517499923354,True,-10.657442500571324
XBI,2022-03-16,long,0.08276145945431039,0.3912883842670694,0.012790869150249249,0.3,False,True,-1.4304922792085764,False,5.209381793789913
XBI,2022-04-11,short,0.24981553976756743,0.6756019821917673,0.3154444295540888,0.4,True,True,-0.21931097861063306,False,12.173605143006771
XBI,2022-05-17,long,0.04338521493771112,0.6529480172392682,0.4041015833254493,0.4,True,True,-2.4376606490071375,False,-5.499598164017849
XBI,2022-06-14,short,0.16875205233340207,0.3667422148748376,0.42251875031373076,0.4,True,True,1.0792212064314564,True,-17.943902095764443
XBI,2022-06-17,long,0.00018787602737530023,0.30043776928225074,-0.030362800897606495,0.4,False,False,-1.110535952736727,False,19.789984780551272
XBI,2022-07-22,short,0.13628218360774985,0.39205560935178047,-0.008098260307285216,0.5,True,True,-1.129040530129735,False,-14.40259517056026
XBI,2022-08-04,long,0.051062785986811327,0.6454186418247371,0.019362339209471266,0.4,True,True,0.7960465610508455,False,0.1803704500926484
XBI,2022-08-18,short,0.3038355742811454,0.4958403961895249,0.30898096470105013,0.4,True,True,-1.1418522584419535,False,3.7695643110025157
XBI,2022-10-04,long,0.3407239317341798,0.5379669198874585,0.2640316615763666,0.3,True,True,-0.5823133260299426,False,-2.3132378725404745
XBI,2022-10-20,short,0.056146901075811904,0.26256775107859404,-0.04668170188543252,0.2,True,True,0.5878373449519906,True,-5.0964506304112644
XBI,2022-10-21,long,0.06508862738520496,0.12276667824306421,0.0975058553107703,0.2,False,True,-0.5588295626459491,False,1.4205991848455835
XBI,2022-11-09,short,0.4798541441842067,0.49340076014397344,0.28914098317334286,0.2,True,True,0.20528844961884074,True,-4.9222949685242545
XBI,2022-11-10,long,0.17451350357332668,0.6829582164598637,0.014781490364944073,0.2,True,True,-0.050104669418576664,False,-2.478345742273802
XBI,2022-11-21,short,0.2808158992115565,0.41321417783978875,0.4373826069148497,0.3,True,True,-0.09205805524604664,False,-0.9014444220783124
XBI,2022-11-30,long,0.0780249074770311,0.7407077139476587,-0.1067607956217774,0.2,True,True,0.06462319709480142,False,-0.633850381450618
XBI,2022-12-07,short,0.024818685588739463,0.43582405899532783,0.0505519247632096,0.2,True,True,-0.18471491912311952,False,-1.8374791164352589
XBI,2022-12-14,long,0.225937150400444,0.4225010002712077,-0.0008023480267312849,0.2,True,True,0.16827568196405654,True,-0.9868764832601129
XBI,2022-12-15,short,0.2692947698584421,0.5027046135973956,0.24077881736807755,0.2,False,False,-0.09328172667717596,False,-2.862798181977011
XBI,2022-12-22,long,0.1970670197726817,0.5434176233550359,0.0556636125368282,0.3,True,True,0.06288988530276911,True,-1.8715271980471848
XBI,2022-12-23,short,0.10990551931091794,0.30891063434690236,0.3318819299360221,0.3,False,True,-0.018650097757565164,False,-3.3382940091319924
XBI,2022-12-30,long,0.2738721988686439,0.8577255219989206,-0.15820100576388452,0.3,True,True,-0.02855393983164312,False,4.650619381401189
XBI,2023-02-08,short,0.7161394181401827,1.158901960412224,0.3179728105015579,0.3,True,True,-1.5298144989544915,False,4.266553411104656
XBI,2023-03-29,long,0.04481980671051511,0.48441843124813994,0.22865315699012284,0.2,True,True,-1.9643489575996949,False,4.074950084348816
XBI,2023-05-19,short,0.13262909380116847,0.16312064608823673,0.33821156846835293,0.2,True,True,-1.1383435664727746,True,-1.5696492331446654
XBI,2023-05-22,long,0.04302158712492258,0.17974332507544338,0.16531853917946226,0.2,True,True,1.1865407079979169,True,0.7431118919759117
XBI,2023-05-24,short,0.1365462463489905,0.26261371984324644,-0.03099856645545928,0.2,False,False,-1.121799448852457,False,-2.7159621406836143
XBI,2023-06-07,long,0.2261229401680139,0.251384496726045,0.363837011672948,0.4,True,True,0.7892571272173101,False,-1.8331645323702683
XBI,2023-06-20,short,0.18795448256672667,0.2752687477841262,0.19105011968557123,0.3,True,True,-0.8446450466599942,False,5.282965115550731
XBI,2023-07-13,long,0.09933850180304792,0.3093773361453546,0.5047894802148485,0.3,True,True,-0.3860688036423583,False,-3.4364598907111743
XBI,2023-07-25,short,0.043030746000022733,0.32419318255897056,0.2519732928871808,0.2,True,True,0.18268459614463045,False,4.605580458203806
XBI,2023-08-25,long,0.2020388140128764,0.2711340418138936,0.2247178511330349,0.2,True,True,-1.189920803309232,False,0.17791458928901882
XBI,2023-09-15,short,0.15593997674234833,0.45125894104004916,0.17565835253952058,0.2,True,False,0.6135737836910967,False,5.3041139219710765
XBI,2023-10-10,long,0.2886105519395868,0.36175058554971296,0.4909114486189326,0.2,True,True,-1.6400279830927673,True,-6.948673394130822
XBI,2023-10-12,short,0.18951913805142273,0.5606948802969932,-0.005014768410836235,0.2,True,True,1.7760860747641152,True,3.696161994620095
XBI,2023-10-17,long,0.19964335943884973,0.23620647055535193,0.11950859715907337,0.3,True,True,-1.7680989612346698,True,-5.7894977683093485
XBI,2023-10-18,short,0.0825583938767523,0.28996544194190305,0.0007222460055104702,0.3,True,True,1.8548626968869342,False,1.2994634200968802
XBI,2023-11-01,long,0.7112167272036487,0.9332383634346514,0.21033257117996476,0.3,True,True,-2.1691033352010187,False,5.177495051867509
XBI,2024-01-04,short,0.0777245756351597,0.21114654741088248,0.31745948399152135,0.3,True,True,-1.8420375808339096,True,2.6830733044976296
XBI,2024-01-08,long,0.032863004869447855,0.32844010694100106,0.10312118692427402,0.3,False,False,1.7966989467157133,True,-4.485131499101691
XBI,2024-01-11,short,0.3268794494178819,0.40658638272129816,0.07314085027967303,0.4,True,True,-1.6427263136454655,False,2.4648983497343346
XBI,2024-02-12,long,0.22173185965363287,0.46263565809777096,0.14112667709697302,0.5,True,True,0.4603894969493573,True,10.51558565847821
XBI,2024-02-13,short,0.0695729509492343,0.2959703815549855,0.16526106964931284,0.5,False,False,-0.3912706347585607,True,-14.4386725740133
XBI,2024-02-14,long,0.044677503168984,0.11621159834074533,0.1755868580879545,0.5,True,True,0.42085558647646704,False,7.987710437242512
XBI,2024-03-11,short,0.5974799586887892,0.6136440212542897,0.40735274131405025,0.6,True,True,-1.2542828922913023,False,4.296184334374997
XBI,2024-04-30,long,0.1272804475903211,0.2199363393598496,0.22599949059546484,0.5,True,True,-1.1816886574794676,False,7.2796101047990724
XBI,2024-05-28,short,0.1338141745713794,0.19350249923535318,0.2862392995746088,0.4,True,True,-0.24866205098945093,False,-3.736113594389323
XBI,2024-06-04,long,0.008067583755023535,0.16886119632203206,0.1088601222746264,0.4,True,True,0.192425233646715,False,-1.6123692465933148
XBI,2024-06-17,short,0.06232709226969037,0.3812928603166277,0.03203709928590647,0.4,True,True,-0.4900398814770477,False,-0.9756642359233014
XBI,2024-06-25,long,0.10242492455048197,0.13514778797192462,0.14416808365232958,0.3,True,True,0.4347143624733564,False,2.5784313822393434
XBI,2024-07-02,short,0.18636368995060995,0.2968451152456399,-0.02207714723428278,0.2,True,True,-0.3684317459652826,False,-9.238187492442096
XBI,2024-07-09,long,0.1661844624893248,0.4009808227162505,-0.010003527611328994,0.2,True,True,0.390671814473499,False,5.711557847079574
XBI,2024-07-30,short,0.05210485507658358,0.639857101602323,0.021377002471558205,0.1,True,True,-1.4212101312119954,False,2.060808735879771
XBI,2024-08-19,long,0.5955314365434915,0.8602564700052853,0.3986468566443895,0.0,True,True,0.36332733095385666,False,-2.171537199929008
XBI,2024-09-03,short,0.1088761160471203,0.6108886768008046,0.21165378910086846,0.0,True,True,-0.8065959215386416,False,-2.3211035388686962
XBI,2024-09-16,long,0.11987611895172232,0.33140016640988335,0.3141041506840416,0.0,True,True,0.47168272816470763,False,-2.434250741376498
XBI,2024-09-24,short,0.303708201368077,0.40771258397545057,0.07061242673085596,0.0,True,True,-0.6679223997605849,False,1.6310429657292014
XBI,2024-10-14,long,0.037101353253725024,0.4417582465929038,0.19237426793692988,0.0,True,True,-0.5659416630031096,False,-0.5854358243610469
XBI,2024-10-23,short,0.09182071747932137,0.5711140654682891,0.17984623699444857,0.0,True,True,0.18652556878287246,False,-5.9687607249410135
XBI,2024-10-29,long,0.0440509335104583,0.21246025964171655,-0.024005200480778238,0.0,True,True,-0.20921660177689572,True,1.9784798511294666
XBI,2024-10-31,short,0.16028626504769117,0.31498784840654803,0.10986895347487392,0.0,True,True,0.2703254505135026,True,0.07213760039893602
XBI,2024-11-01,long,0.27995531225230724,0.44560515015174146,0.006607498003476934,0.0,True,True,-0.11862225092809192,False,-7.49470635716677
XBI,2024-11-14,short,0.47069032449617354,1.405456345477089,0.6062701978487668,0.2,True,True,-0.6886994318646619,False,-2.743397443342266
XBI,2024-11-27,long,0.6781954006129243,0.8260855974298351,0.8608522650011323,0.2,True,True,-0.49202053412476676,False,-5.799996734430302
XBI,2024-12-12,short,0.6856732807127439,0.7582654496432158,0.23682356510300354,0.2,True,True,0.5011437351370067,False,3.022302991005643
XBI,2025-01-03,long,0.008038087611824113,0.4668398573506709,0.11045914901180905,0.2,True,True,-1.9637427448947213,False,-2.05605558708577
XBI,2025-01-13,short,0.015540891624759488,0.30902274033193683,0.0017426676371768677,0.2,True,True,1.6773397503186869,False,-4.543917445835177
XBI,2025-01-21,long,0.030266264418749137,0.552645914945787,0.02491953154459306,0.2,True,True,-1.8568456302650493,False,2.2759926979202705
XBI,2025-02-11,short,0.43411779488269264,0.6174271562960184,0.42934614011294947,0.2,True,True,0.3475347439121199,False,0.898363098145849
XBI,2025-02-19,long,0.16575018269302083,0.36071244497265315,0.15252992769316365,0.2,True,True,-0.2737239530097632,True,-5.090233157378887
XBI,2025-02-24,short,0.015377700951443148,0.39281558250085385,-0.05915184495499961,0.2,True,True,0.2696811671102,False,4.294745262862754
XBI,2025-03-17,long,0.4119364551396217,0.5571009179861474,0.2541637004798348,0.1,True,True,-1.4360240473654267,False,-8.138352001387739
XBI,2025-03-28,short,0.2853892347432962,0.4033053538066204,0.32323501028384677,0.1,True,True,1.347765143569245,False,11.931271421487688
XBI,2025-04-16,long,0.06110225830062376,0.3896624650664471,0.9469877269024531,0.1,True,True,-3.313770758392017,False,9.80967664924799
XBI,2025-05-09,short,0.16065307919214245,0.39704765598666697,0.5988826121150601,0.1,True,True,0.5089023648117577,False,-3.4690313436767095
XBI,2025-05-19,long,0.15474059335269688,0.2606441922508818,0.02150166371255057,0.1,True,True,-0.45769292061321015,False,3.286502882678821
XBI,2025-06-18,short,0.08545487708887389,0.18519358744341416,0.3012788319297596,0.1,True,True,-0.7785979736979614,False,-3.129977798866368
XBI,2025-07-03,long,0.11424997553825296,0.23788516073817847,0.06594877927208402,0.1,True,True,0.603834841040653,True,1.2083521591846447
XBI,2025-07-07,short,0.03867420068575408,0.1573420802850945,0.09442297447502428,0.1,False,True,-0.5552387360962178,True,-2.7398958614356594
XBI,2025-07-08,long,0.04363411213365537,0.0844288330333678,0.13317202525369617,0.1,True,True,0.5768659484743192,False,2.38461390218323
XBI,2025-07-21,short,0.22516325475140425,0.6220985666966103,0.2311155729691458,0.2,True,True,-0.8387232453316541,False,-1.1063226880273724
XBI,2025-08-13,long,0.13712850179687133,1.067204565725887,0.11790638576813019,0.2,True,True,0.31563764456285864,False,0.8601548650329027
XBI,2025-09-16,short,0.2369224660571021,0.4184903265071253,0.40002434126400543,0.2,True,True,-2.1952509057064455,True,-6.921592702174051
XBI,2025-09-18,long,0.05471284278730074,0.6116773417765006,0.103915935882492,0.2,True,True,2.4186289592528762,False,6.14293009857223
XBI,2025-10-23,short,0.4631254710809163,0.6095802944441507,0.24428426918273666,0.3,True,True,-3.563934782201871,True,-1.6084030609559097
XBI,2025-10-28,long,0.20022345552635776,0.3683739290320271,-0.004634084230273139,0.3,True,True,3.5740921376292105,False,1.7946463333298857
XBI,2025-11-03,short,0.8026517463509015,0.9168145722738191,0.0336588196851739,0.4,True,True,-3.1309429470409893,False,-4.523945924449513
XBI,2025-11-17,long,0.06282800381887009,0.37604929540462195,0.310182560201046,0.4,True,True,2.483673626193741,True,3.161185102108832
XBI,2025-11-20,short,0.22028190332515607,0.38920094513089437,0.05613339014884462,0.4,False,False,-2.4701080248431726,True,-8.416058915953029
XBI,2025-11-21,long,0.24181594950194624,0.4647283189545192,-0.05148089056601416,0.4,True,False,2.604117399561267,False,6.009437087876224
XBI,2025-12-10,short,0.3969221977748922,0.40625544342101216,0.30533415565095867,0.4,True,True,-3.13961695914971,False,-3.8245263200914703
XBI,2026-01-21,long,0.29511472818528783,0.6922076253221805,-0.0816783239278047,0.4,True,True,1.9025100787760416,False,-2.254638433033851
XBI,2026-01-29,short,0.31149217445400634,0.3675238542222678,0.40443091430932226,0.4,True,True,-2.1592938968116617,False,2.8088958068481773
XBI,2026-02-23,long,0.006824453634439556,0.44983234338330136,0.34474240318161814,0.3,True,True,0.24667668179528845,False,0.11814103677210142
XBI,2026-03-03,short,0.4357646131247743,0.8830583246195401,0.1755044372292377,0.3,True,True,-0.34546845515136754,False,-0.5587107257779111
XBI,2026-03-31,long,0.5773809695708572,1.7720920785063938,-0.08226537350176084,0.2,True,True,-0.538023847146954,False,6.826888358903527
XBI,2026-04-27,short,0.3977003477510465,0.5298070927614998,0.5714115193141451,0.2,True,True,-1.9046132258357233,False,-1.2853316378808266
XBI,2026-05-28,long,0.22316360386625791,0.397642707474774,0.2867617315273865,0.2,True,True,0.43501269837200196,True,-2.3898801156983063
XBI,2026-06-02,short,0.45280734519724636,0.8129853386520911,-0.06038085711141507,0.2,True,True,-0.14360507239466794,False,-5.932996627421638
XBI,2026-06-12,long,0.0413044427632209,0.41678083269548744,0.2021861444445453,0.1,True,True,-0.2067359976931209,False,18.44339298463764
XBI,2026-07-14,short,0.6155087744813108,0.6253325946038616,0.6303315030467421,0.1,True,False,-2.639049933567,False,3.647473966071013
XBI,2026-08-07,long,0.05027366725615419,0.3723663275326659,0.32663163732760425,0.1,True,True,0.387138523542582,False,5.312321833730871
XBI,2026-08-31,short,0.0457079344528321,0.3058851143418762,0.18590539048952567,0.1,True,True,-1.5728229727577758,False,5.212308443509617
XLF,2018-06-15,short,0.14970653341662482,0.28161965220717217,0.20104950407147867,,True,True,0.058021388096487575,False,3.2034688974166503
XLF,2018-07-09,long,0.3033628934878281,0.9905372257336813,0.228373072207551,,True,True,-1.4608657050764298,False,2.419350821751287
XLF,2018-08-13,short,0.5927348459417913,0.6131102620665183,0.2120284601201306,,True,True,-1.0001426002228437,False,-3.3213078782157845
XLF,2018-08-27,long,0.1530770547069517,0.3702945249272706,-0.023803950886096915,,True,True,0.9776154981930665,False,-1.0133004193020878
XLF,2018-08-31,short,0.0494115589228816,0.20943169880512197,-0.000978345095740051,,True,True,-1.0317127004211355,False,0.7765477545810251
XLF,2018-09-20,long,0.6010710588197964,0.7612982489137964,0.3065189680491245,0.0,True,True,0.7479400186075466,False,-2.4677202307000545
XLF,2018-09-26,short,0.4255095733375617,0.7248815747835463,0.11780134559614051,0.0,True,True,-0.5444813724953509,False,2.717206567150765
XLF,2018-11-01,long,0.6211834910763866,0.8493513915648971,0.7529159616480509,0.0,True,True,-2.0120016583726708,False,1.3636092146192658
XLF,2018-11-23,short,0.30588511055900697,0.31963385903068814,0.28726050163442834,0.0,True,True,0.574570579392261,True,4.7692131585160835
XLF,2018-11-27,long,0.03311288353348493,0.1526762834327815,0.06570660608644062,0.0,True,True,-0.45797683118902033,False,-7.1186457384127655
XLF,2018-12-06,short,0.5396483017696058,0.7086470656152802,0.1402112652173185,0.1,True,True,0.45681660950018543,False,8.593736937731766
XLF,2018-12-31,long,0.2335912232502723,0.4960352200634588,0.5663970543171206,0.1,True,True,-2.274711792304298,False,4.49201498720071
XLF,2019-02-08,short,0.18119151381688195,0.21927554935266633,0.15989542907813364,0.1,True,True,-0.9176922701040742,False,-3.5060343839467656
XLF,2019-02-19,long,0.024304491438916206,0.10537725343294345,0.045353272847874646,0.1,True,True,0.8711358640894882,False,-0.18889290406811643
XLF,2019-02-27,short,0.01153273604835547,0.019792544805162588,0.04704809444192749,0.1,True,True,-0.8596617788441752,False,0.4136790605437035
XLF,2019-03-18,long,0.19019882461889429,0.31804700855258156,0.22539544930085637,0.1,True,True,0.5052373802138158,True,-2.081779925912508
XLF,2019-03-20,short,0.12041869505408988,0.36626466854050177,0.05197748582099839,0.1,True,True,-0.4351036329379244,False,-0.994648177076729
XLF,2019-04-03,long,0.4306046394205436,0.45058154165637354,0.6207722207347406,0.2,True,True,0.010153613823307529,False,3.863633041202852
XLF,2019-05-07,short,0.29405517342843746,0.7085238335050603,0.1868535064552715,0.2,True,True,-0.9692215812606446,False,0.8387763629566058
XLF,2019-06-06,long,0.30768880014913474,0.4678164681011714,0.4330858421589083,0.1,True,True,-0.5116852734633547,False,0.9572939672395142
XLF,2019-07-17,short,0.027527343940358523,0.419869026817179,0.14411994512712273,0.1,True,True,-1.6971326972187861,False,-1.4362411953936283
XLF,2019-07-24,long,0.0896264634388632,0.36994929953625744,-0.04128280408297156,0.1,True,True,1.650524628643967,False,-6.403055649215905
XLF,2019-07-31,short,0.27969931905978057,0.35353436663333154,0.0152129509889051,0.1,True,True,-1.5587821101390702,False,8.03540068498123
XLF,2019-08-29,long,0.34325570472626943,0.5807837399646852,0.1458810550064311,0.1,True,True,-1.2718090395374193,False,6.1871376537744105
XLF,2019-09-26,short,0.03697312147014351,0.21928985134393592,0.28996091706494337,0.1,True,True,-1.2915896479208344,False,2.3247494563152893
XLF,2019-10-15,long,0.14565028740630884,0.42488059960143715,0.3241627341893739,0.1,True,True,0.09298224221414869,False,2.741199312756737
XLF,2019-11-18,short,0.016671363266963203,0.0993507906753985,0.22674210606331294,0.0,True,True,-1.8071227834127375,False,0.905734918240797
XLF,2019-12-12,long,0.14381757931036535,0.5091482108285403,0.09488535138914506,0.0,True,True,1.2433360275513095,False,0.3460251234621792
XLF,2019-12-23,short,0.011707059723210077,0.26180509215309766,0.16884600353157977,0.0,True,True,-1.3299913457313404,False,-0.3920069858831088
XLF,2020-02-06,long,0.6320015987069396,0.8290844939160479,0.7382748221143761,0.0,True,True,0.20480281088185176,False,-0.8378988547070865
XLF,2020-02-24,short,1.7973050492449383,1.8381082972949627,0.2916517729390626,0.0,True,True,-0.13919145946973396,False,23.379240042342385
XLF,2020-03-26,long,0.4722086046947003,0.9725853864063961,0.5433573267256575,0.0,True,True,-2.488506028689722,False,7.891100974394338
XLF,2020-05-12,short,0.06100369292469599,0.12682716683936876,-0.00035285090605317393,0.0,True,False,0.12557678841962583,False,-13.010802310495873
XLF,2020-05-20,long,0.10589222384558429,0.1329686292990374,0.08824124675111354,0.0,True,True,-0.14348662929969241,False,14.635241606830963
XLF,2020-06-12,short,0.1536620332932721,0.43675850495375695,0.5072892991160785,0.0,True,True,-0.7523915464790721,False,4.641052406823087
XLF,2020-07-14,long,0.08304999738554798,0.23415959870080322,0.18493368559474485,0.0,True,True,-0.036924321619090664,False,1.3936110598905982
XLF,2020-08-03,short,0.02245011091814213,0.06062792791634637,0.07773345098595298,0.0,True,True,-0.1895870868705928,False,-2.738595132112409
XLF,2020-08-07,long,0.23973499308841795,0.24258432635776203,0.007203031703823099,0.0,True,True,0.2510778195374076,False,-2.133679393587029
XLF,2020-08-19,short,0.2461740370029871,0.28016174691145307,0.28738044341328156,0.0,True,True,-0.47842587996760055,False,-3.6600179179507197
XLF,2020-08-28,long,0.19587173319162463,0.25141107253754824,0.1987861245651608,0.0,True,True,0.6979767471631991,False,-1.2224081335346138
XLF,2020-09-08,short,0.550507530716539,0.6559530878526272,-0.0012709078546654564,0.0,True,True,-0.6783111864229334,False,3.1634515606195235
XLF,2020-10-02,long,0.12090265678235197,0.625056880432678,0.5715709393218953,0.0,True,True,-0.5772144736008685,False,2.8394859811456286
XLF,2020-10-27,short,0.7044594278632031,0.7248678896208324,-0.0037042986596719954,0.0,True,True,-0.3176623447127837,False,-12.051202437146591
XLF,2020-11-05,long,0.30570483554536304,0.7311405357838328,0.5234922291943076,0.0,True,True,0.023459161788545554,False,8.982513200746478
XLF,2020-12-09,short,0.20585321128862466,0.2409533057597849,0.11992244220784476,0.0,True,True,-2.637167164282733,False,-1.2719960813106113
XLF,2021-01-06,long,0.40465448003182436,0.6956119841683958,0.0251692510883114,0.0,True,True,1.6926587735968226,False,0.19675579651106112
XLF,2021-01-21,short,0.35927866604276615,0.47778892064201683,0.39447419865323635,0.0,True,True,-2.0251228508412455,False,-1.0471107540382052
XLF,2021-02-08,long,0.36683265641615803,0.5661183824410587,0.6495067792274742,0.0,True,True,0.8320625592150306,False,5.17734431199095
XLF,2021-03-17,short,0.03665666781172167,0.1997793008980419,0.1598039343617741,0.0,True,True,-2.8821038500368528,False,0.6942051857612097
XLF,2021-04-09,long,0.1353280929894325,0.18336847387914615,0.1180196755941168,0.0,True,False,2.487044256210005,False,0.6543465415134175
XLF,2021-04-19,short,0.01981840727308628,0.10374118634288558,0.027277812565575738,0.0,False,True,-2.4877779767465342,False,-3.229446263601421
XLF,2021-04-28,long,0.1995567730477085,0.32762819472026516,0.34500438744135264,0.0,True,True,2.282661258880298,False,2.1146176308245
XLF,2021-05-19,short,0.5871884989870898,0.6912210484117237,0.04241880806694178,0.0,True,True,-3.400816195959005,False,-3.172899418687214
XLF,2021-06-04,long,0.01874021769576565,0.1285376042632171,0.2585040874808073,0.0,True,True,2.975287733275272,True,-8.422173109409414
XLF,2021-06-07,short,0.2843592643618887,0.30429537307272164,0.174748068435359,0.0,True,True,-2.89280972206822,False,5.671830413037204
XLF,2021-07-01,long,0.16229917834051885,0.39778860790816106,0.30891116804796914,0.1,True,True,-0.40093137934744977,False,-2.325582708069862
XLF,2021-07-08,short,0.5440145753044408,0.5610508257039705,0.049492943032257035,0.1,True,True,0.5790774773876698,True,-1.4574312801476585
XLF,2021-07-12,long,0.354528930930276,0.5118994241764458,-0.005496654269245499,0.1,True,True,-0.2881605488487955,False,-1.6185620127429412
XLF,2021-07-16,short,0.026999721998260076,0.35656478438647937,0.014834358815296758,0.2,True,True,0.31160957795420596,False,-1.107437017365842
XLF,2021-07-26,long,0.21202390932257034,0.27819145441749077,0.2938200196836872,0.2,True,True,-0.3743596392585628,False,4.085531266734477
XLF,2021-08-20,short,0.308372753015459,0.32466876176125337,0.6320863189961357,0.2,True,True,-1.0938977594930719,True,-1.0082372103919601
XLF,2021-08-25,long,0.06328710187726044,0.3347413663161669,-0.08456832346266246,0.2,True,True,1.1718910178098194,False,-2.1199408099453088
XLF,2021-08-31,short,0.0003328110300453383,0.2718986771202493,-0.06384420605992654,0.3,True,True,-1.2150372432071528,False,1.4062080241582953
XLF,2021-09-24,long,0.04374345888074617,0.7969329538636509,0.33595623395204083,0.3,True,True,-0.09396012376984018,False,2.093137631298281
XLF,2021-11-03,short,0.027445293796169643,0.07519712840286431,0.2897903872710781,0.2,True,True,-2.1280056395933866,False,2.1711996186347116
XLF,2021-12-10,long,0.11930263148981479,0.21634100837742648,0.5081672524908989,0.2,True,True,-0.7625527006586718,False,0.916512803917735
XLF,2021-12-20,short,0.3068423185870198,0.6555824599189828,-0.07658272631256052,0.2,True,True,0.8087495289200621,True,-7.727069751807192
XLF,2021-12-22,long,0.003629765370783361,0.21189766380115332,0.15577651329494532,0.2,False,False,-0.7015104982518852,False,5.359926275211002
XLF,2022-01-19,short,0.5881803399342261,0.977739274274092,0.5705661476332697,0.2,True,True,-1.3315037808637666,False,-1.579607791056592
XLF,2022-02-03,long,0.022529153181235037,0.15763496115200226,0.5477628112624245,0.2,True,True,-0.2985709401487343,False,-0.507215676251549
XLF,2022-02-17,short,0.21245728808288786,0.5980609652566525,0.25350349100093705,0.2,True,True,-0.45646163237417514,False,5.098141238302
XLF,2022-03-16,long,0.4860925495557362,0.72953117709519,0.34161662342700794,0.1,True,True,-1.485669411160306,False,2.455009417791354
XLF,2022-04-04,short,0.00287992885740409,0.3340681208843896,0.38938561995664944,0.1,True,True,-0.3217542197111265,False,1.1301172138266202
XLF,2022-05-23,long,0.34433749051152795,0.5339968356872248,0.030970871004834526,0.1,True,True,-1.9851042655718947,False,3.677548179975365
XLF,2022-06-10,short,0.3371832326320847,0.9285212940669824,0.3745775124160249,0.1,True,True,0.7270883984150723,False,0.3940678583395196
XLF,2022-06-27,long,0.09194896170647698,0.43950950708445297,0.41813760649059417,0.1,True,True,-1.8818557033911363,False,-1.8926500770237165
XLF,2022-08-23,short,0.48198992691329706,0.5176704758455707,0.45083147861000744,0.1,True,True,-1.0942885282489723,False,1.7327398949589012
XLF,2022-09-12,long,0.0677760085705005,0.4303238094043243,0.45381407942762303,0.0,True,True,0.07197591203143167,True,-11.314201454965945
XLF,2022-09-13,short,0.16528154850601173,0.23357901584166277,0.436487394822056,0.0,False,False,0.012562111111380395,False,8.275633499801883
XLF,2022-10-05,long,0.2996176780341408,0.454419011052597,0.45158046743655333,0.1,True,True,-1.0802249182212798,False,-0.9971962036708248
XLF,2022-10-11,short,0.13977072460932988,0.2362117293633771,0.07665589649437834,0.1,True,True,1.2240887107874312,True,-8.728571555204345
XLF,2022-10-13,long,0.20576639464923635,0.4908234484057091,-0.004077991664308555,0.1,False,False,-1.146081100149941,False,5.770446897642878
XLF,2022-11-28,short,0.016476642703586047,0.3108518474129514,-0.0005511708491603742,0.2,True,True,-1.5979770262461106,False,1.408838753848507
XLF,2023-01-03,long,0.049979650960464334,0.1595559296453055,0.18453971485169482,0.2,True,True,-0.21637180675219092,False,2.5932468327371394
XLF,2023-02-10,short,0.17705065399490294,0.19245015315821737,0.12816832218065774,0.2,True,True,-0.931151723481191,False,2.3020295047647688
XLF,2023-03-29,long,0.2935561853106364,0.5436101892629803,0.3966023401770156,0.2,True,False,-1.8096419702127367,False,2.1650420058559217
XLF,2023-05-03,short,0.18967410306539095,0.2826460562602818,0.06596692803584425,0.2,True,True,0.09191910152128706,False,-1.6896079767088512
XLF,2023-05-18,long,0.19800360560447197,0.23750235711702042,0.10147241833670949,0.2,True,True,-0.21537201283764779,False,0.18325135905215006
XLF,2023-05-25,short,0.11137825275584486,0.16986082550472317,0.10119801907175652,0.1,True,True,0.24054805445802013,False,-4.081625806415667
XLF,2023-06-02,long,0.32501349548393027,0.47350273827814293,-0.008912051009684016,0.1,True,True,-0.14830682094350997,False,2.3780637796494197
XLF,2023-06-23,short,0.10813493975685262,0.37367568400001605,0.3124596561209283,0.1,True,True,-0.44709008614399987,False,-3.0543621997351833
XLF,2023-06-30,long,0.3602246489681363,0.529978530181887,0.12285369384570113,0.0,True,True,0.4818827174279814,False,2.5808306937531222
XLF,2023-07-31,short,0.01612942767245567,0.26570584734646313,0.44157579744654457,0.0,True,True,-1.1490540393951576,False,1.3586062083722594
XLF,2023-08-31,long,0.07960497307238291,0.172604760189702,0.4673335707167556,0.0,True,True,-0.32034356962687316,False,1.308905658473991
XLF,2023-09-21,short,0.04775742032368369,0.614891501640253,0.10303848715874972,0.0,True,True,-0.22109811614048644,False,3.419808722712736
XLF,2023-10-11,long,0.10433837850441835,0.37467460913292316,0.4403622241786844,0.0,True,True,-1.1447449215982324,False,-3.748123709334006
XLF,2023-10-20,short,0.29251243425469925,0.6445948249740923,0.12885499424634045,0.0,True,True,0.9690086636392291,False,-4.90682704088421
XLF,2023-11-01,long,0.06528425263036064,0.657489675108051,0.19533502607299083,0.0,True,True,-1.2306557686746695,False,6.509063199360932
XLF,2023-12-27,short,0.01886067960828186,0.04118977661162666,0.13134524812666792,0.0,True,True,-1.9401334951767812,False,-0.15951845241619633
XLF,2024-01-26,long,0.211398751828555,0.2285390961164009,0.283545042856723,0.0,True,True,1.0864745816451225,False,1.1125205530275517
XLF,2024-02-06,short,0.09649301511576605,0.22913404355969133,0.2182254776387546,0.0,True,True,-1.1568825693214382,False,-2.085996856411243
XLF,2024-02-16,long,0.1808591889740099,0.25884662879570547,0.04613595963444717,0.0,True,True,1.1215874753422588,False,1.9177467762279132
XLF,2024-03-07,short,0.1225262365656825,0.18883615138645293,0.1444045366358149,0.0,True,False,-1.496719224553789,False,-3.7182890966830584
XLF,2024-03-13,long,0.21573567589321183,0.42314997473690363,-0.028505548542444182,0.0,True,True,1.6184303644369422,True,2.156723262299831
XLF,2024-03-14,short,0.15347620494431882,0.3713713588566736,0.00975806673425132,0.0,False,False,-1.5969055913334,False,-3.5478380147526467
XLF,2024-03-20,long,0.552157554732493,0.8833026818940602,-0.05443630982328629,0.1,True,True,1.8840752535908996,False,-0.9143225694030255
XLF,2024-04-03,short,0.9574555522429471,1.0283113695708985,0.2452030873507617,0.1,True,True,-3.659325321394108,False,4.7059040623048
XLF,2024-04-25,long,0.16658537671635035,0.2648474020642201,1.1066491193412884,0.1,True,True,-0.09086069579730115,True,1.9324915409703936
XLF,2024-04-30,short,0.16386949014411842,0.42436043545318675,-0.05392981568093787,0.1,True,True,0.14716714320163354,False,-3.741323519047368
XLF,2024-05-06,long,0.275358770170061,0.6209455613873323,-0.06053213638830872,0.2,True,True,-0.08794538636676622,False,2.045295690652882
XLF,2024-05-24,short,0.2959367764373952,0.32203599762423485,0.45306618283169425,0.2,True,True,-1.1798456910931707,False,0.6969452222820083
XLF,2024-06-21,long,0.09166042946258642,0.15592748614659963,0.33680758552051066,0.2,True,True,-0.1491611021057327,False,0.638872348607844
XLF,2024-08-02,short,1.2578885229501644,1.3332510350324824,0.06494153498373467,0.2,True,True,-1.5025758826114408,False,-4.065618594756026
XLF,2024-08-15,long,0.3109667680244399,0.7468720614255392,0.5062933638175117,0.2,True,True,0.5614630502525728,False,4.280783631056884
XLF,2024-09-09,short,0.1818218930853412,0.18405128897859943,0.518573902053332,0.1,True,True,-2.4013635351300886,False,-1.4567398590533687
XLF,2024-09-20,long,0.09240128537118374,0.15537203443468267,0.2576864751817274,0.1,True,True,1.9696490825699366,True,0.34069506737115507
XLF,2024-09-24,short,0.11067327324633884,0.23605170285881832,0.09304251131758821,0.1,True,True,-1.8882933470913694,False,-0.6435980972064437
XLF,2024-10-11,long,0.5062293738305488,0.5725800911823007,0.1573116246145212,0.2,True,True,1.6579284222763397,False,0.25800561322828486
XLF,2024-10-25,short,0.22687441598208388,0.6511613209787307,0.4173689944285016,0.1,True,True,-2.390158601612837,False,-5.490036864276737
XLF,2024-11-06,long,0.48319003518936576,2.2182954150364065,-0.16065789996604715,0.1,True,True,2.168603704151161,False,-0.02017872013909683
XLF,2024-12-03,short,0.3717008119144487,0.7067348781124917,0.23204134444789906,0.1,True,True,-3.634014319610297,False,2.6759277790351255
XLF,2025-01-15,long,0.29576214112838395,0.7035015161077388,-0.06055264586104759,0.1,True,True,-0.4644848952961381,False,4.628141129360563
XLF,2025-02-12,short,0.1950894552125999,0.21799737883517994,0.20901837189421596,0.1,True,True,-1.6084165769173908,False,0.44782756976782245
XLF,2025-03-20,long,0.18235474736890922,0.4355205494728464,0.5995774490194549,0.1,True,True,-0.9979385763032164,False,-3.5793344284148487
XLF,2025-04-03,short,0.06983314290162686,0.8773309593534673,0.04209647907797688,0.1,True,True,0.31947865274885023,False,2.1807500828814774
XLF,2025-04-17,long,0.09967872253301041,0.16547298772678182,0.43584241898150033,0.1,True,True,-1.381296538048755,True,6.666668896566064
XLF,2025-04-21,short,0.10347836968665562,0.20416913207995235,0.20940360681331538,0.1,True,True,1.451843920335441,True,-8.302288969752114
XLF,2025-04-22,long,0.3357474604793288,0.4395223888431836,0.03107457939434811,0.1,True,True,-1.290327459750546,False,4.240879942594478
XLF,2025-05-23,short,0.2789426568743668,0.328058686187883,0.3800528661400251,0.2,True,True,-1.1512850462543878,False,-1.8980966423632006
XLF,2025-06-25,long,0.1224504084078765,0.2466279616032796,0.29718179115032034,0.2,True,True,0.4661810193249165,False,2.528698987067002
XLF,2025-07-14,short,0.019718431717018082,0.0853597517277472,0.22062342154662826,0.2,True,True,-1.0233875982594547,False,-0.9895309082854853
XLF,2025-07-24,long,0.001309184995938845,0.15224132815291666,0.1458184547972382,0.2,True,True,0.8227091304233598,True,-3.2033308446398956
XLF,2025-07-29,short,0.10086033295353865,0.31026349510000256,-0.00998351841411166,0.2,True,True,-0.8179332329020116,False,0.6439511159971212
XLF,2025-08-14,long,0.21143635649092835,0.5753485180569955,0.5053964555302715,0.3,True,True,0.21108742995010638,False,1.5846123225037312
XLF,2025-09-08,short,0.38090135355900395,0.47837585425020773,0.35500586549876023,0.3,True,True,-0.8429117092173616,False,-2.010465720767818
XLF,2025-09-18,long,0.17714640501119558,0.23009676490118683,0.04866874752665868,0.3,True,True,1.3557954609046257,False,-1.116532389946534
XLF,2025-09-24,short,0.26089387564644123,0.3668357512558106,0.024946117325593854,0.2,True,True,-1.4093752474722638,False,0.18653639187099502
XLF,2025-10-27,long,0.34735946098699594,0.7470821193074787,0.3914448816297822,0.1,True,True,-0.6545607253420309,True,-0.6750363834918116
XLF,2025-10-29,short,0.25318977620728733,0.7523909926708497,0.22928785914480707,0.1,True,True,0.799285562706935,False,-3.033207303346841
XLF,2025-11-07,long,0.42752113581921564,0.4949946272968196,0.2542705178925979,0.2,True,True,-0.6985616242562181,False,-2.1030722181827555
XLF,2025-11-17,short,0.5634936138488902,1.6319255980135488,0.13786519565194874,0.2,True,True,0.49554107018641524,False,-2.7016562597977467
XLF,2025-11-26,long,0.76527337325374,1.0698938006877587,0.6379211626170587,0.2,True,True,-0.694534252417825,False,3.6260554486404084
XLF,2025-12-31,short,0.03903610631523851,0.6017730550643634,0.3120157604075395,0.1,True,True,-2.2276052030202553,True,0.7303298938574954
XLF,2026-01-05,long,0.10638180480621715,0.49126155120967335,0.21270463575184875,0.1,False,False,2.2021280714945797,False,-5.2200253612547876
XLF,2026-01-09,short,0.11049732377744104,0.2278930278292736,-0.0032012133983740586,0.2,True,True,-2.0703910705442556,False,4.162926620731799
XLF,2026-02-06,long,0.21445861075448178,0.3970412149421923,0.1279967286706761,0.2,True,True,-0.5724242809105677,True,-6.505715176280214
XLF,2026-02-11,short,0.18887634810589318,0.4178937916050929,-0.014735101965419002,0.2,True,True,0.7024335728474989,False,0.4550673771345548
XLF,2026-03-23,long,0.04802458858621817,0.4534610048575626,0.16350478435931912,0.3,True,True,-1.839213497779152,False,1.238078500420814
XLF,2026-05-01,short,0.12049051680994352,0.12707913133175752,0.10824553908376107,0.2,False,False,-0.7721525282704733,False,1.5793582516479776
XLF,2026-05-26,long,0.06274806022257705,0.09066656971372714,0.21043324404837946,0.2,True,True,0.22854203779655463,True,1.1764656197932766
XLF,2026-05-27,short,0.07489474505072923,0.13901638323009122,0.1252195330591532,0.2,False,False,-0.18579085970990655,False,-1.5752611184190357
XLF,2026-06-05,long,0.2971459594451165,0.33284196094051105,0.06423852098697846,0.3,True,True,0.23204229530956488,False,3.0365378809747767
XLF,2026-07-21,short,0.28728513465009864,0.38882879748607374,0.3226201951930318,0.3,True,True,-1.5100279508232328,False,-3.1545212514462406
XLF,2026-08-04,long,0.09202409505240979,0.4144271634245238,0.008068335202364264,0.2,True,True,1.4312624558316978,True,-0.06910995387708896
XLF,2026-08-07,short,0.049950165502818424,0.3099622013074435,0.019994291681698084,0.2,True,True,-1.5129375782033192,False,0.20833107640225723
XLP,2018-07-03,short,0.0939520735162042,0.171621212530458,0.23691610666592966,,True,True,-0.985087891227984,True,-2.2590184551509074
XLP,2018-07-05,long,0.11564556725396662,0.2122366006855129,0.1694860605425935,,False,False,1.0451390542524508,False,0.9220097913304803
XLP,2018-07-23,short,0.19617426909884653,0.23560161332876006,0.15461915408317517,,True,True,-1.0371838558242075,True,-3.445629359586677
XLP,2018-07-26,long,0.039687181972253356,0.22126513263990663,-0.04733032647904278,,True,True,1.0472377576824283,False,0.24386123171666885
XLP,2018-08-01,short,0.006517121139854386,0.29198831701870304,-0.08090912599094383,,True,True,-1.039116187868358,True,-1.3366290671968928
XLP,2018-08-02,long,0.116348515516287,0.12303532303470599,0.06221417821289657,,False,True,1.059565146284635,False,1.7517934760189036
XLP,2018-08-09,short,0.3531445381483452,0.5218828865531252,0.15368027700050077,0.5,True,True,-1.0199855229978039,False,-1.2911402756360157
XLP,2018-08-17,long,0.5575592044350707,0.783656969453178,0.36270035933518213,0.42857142857142855,True,True,1.0226948435317864,False,-2.2537172751132317
XLP,2018-08-23,short,0.28291705563111635,0.5905446010950598,0.12103993063857775,0.375,True,True,-0.981861642891135,False,-0.4434239778211557
XLP,2018-09-12,long,0.3197809065992984,0.7967214634400183,0.2637734972415843,0.3333333333333333,True,True,0.5970661503175918,False,-1.2532317245516733
XLP,2018-09-19,short,0.03238021593099426,0.41560040741414567,0.09200283648511448,0.3,True,True,-0.6501728502434738,True,1.155476967448299
XLP,2018-09-20,long,0.5849420208707181,0.6178663830675822,0.1843821024193308,0.3,True,True,0.7364371187161138,True,-2.625082438272841
XLP,2018-09-24,short,0.008330448434931092,1.0405694895341757,-0.21014166597503192,0.3,False,True,-0.7295609291837785,False,-0.0
XLP,2018-10-19,long,0.866628846316494,1.3968653906794601,0.682498047521035,0.3,True,True,-0.3452013323806468,False,0.7679682451081637
XLP,2018-11-16,short,0.03065571288446546,0.31209352410716173,0.5134566731147152,0.3,True,True,-2.436803880606166,False,-0.4459654081474307
XLP,2019-01-07,long,0.2459532846801967,0.4103783437921484,0.3911938201133878,0.2,True,True,-2.0351077720901345,False,1.5237974102078278
XLP,2019-02-26,short,0.07607284933248432,0.15604284175848918,0.14203609435701617,0.2,True,True,-0.987675048696718,False,-0.4985581640812864
XLP,2019-03-15,long,0.1084903813617975,0.20077978666300203,0.19495674413335018,0.2,True,True,0.6081291779604614,False,2.5777057376487944
XLP,2019-04-04,short,0.21792142116502586,0.2180838025281635,0.32221110956374593,0.2,True,True,-0.8679977335956885,False,-2.6534614467051965
XLP,2019-04-15,long,0.25924079367774744,0.27842193920869474,0.09380033773965003,0.2,True,True,0.9309360231406878,False,2.087383793412867
XLP,2019-04-25,short,0.20034919787937355,0.5935359469422641,0.18552437251743503,0.2,True,True,-0.960455131852967,True,-0.26563449884227097
XLP,2019-04-30,long,0.6615997218399784,0.7374472464994063,0.12674309818441457,0.2,True,True,1.0475341429846583,True,-1.1609969101648798
XLP,2019-05-02,short,0.32768659415588514,0.48790304433322634,-0.004360111847211273,0.2,True,True,-0.9457820419749384,False,-1.6848153391043397
XLP,2019-05-17,long,0.2060945838221623,0.34635572248324226,0.6747640400418141,0.2,True,True,0.7447115298566915,True,-2.4934938252951455
XLP,2019-05-21,short,0.16641070111332718,0.3236561015442507,0.40012032736512065,0.2,False,False,-0.766076684510952,False,0.03480412288262569
XLP,2019-06-06,long,0.1053611001473004,1.6894772278251722,0.9407375663625173,0.3,True,True,0.3663117215214533,False,2.2214620486227465
XLP,2019-06-26,short,0.21176736027252457,0.9082140587422682,0.18868499403055788,0.3,True,True,-3.345725888873085,False,-2.8620823904498938
XLP,2019-07-03,long,0.20075468361851004,0.8321381138312846,0.03282542506427774,0.3,True,True,3.1546751434905635,False,1.1062782899056156
XLP,2019-07-22,short,0.2735993423564564,0.5443651842236304,0.11585141450034393,0.3,True,True,-3.5808545064476474,False,3.1884615697947427
XLP,2019-07-30,long,0.04058343307029083,0.2910407102195972,0.1631311575794175,0.3,True,True,3.3989816366851717,True,-1.76393827313589
XLP,2019-07-31,short,0.8101856793686238,0.8501768063990404,0.2989571897155887,0.3,True,True,-2.8628818097144557,False,1.3124402576071392
XLP,2019-08-16,long,0.19613158325308505,0.8066731215670405,0.2648483193225595,0.3,True,True,0.3410092697502843,False,0.8470570275916467
XLP,2019-09-13,short,0.07876456656152299,0.35426652282730337,0.28392924212727694,0.2,True,True,-2.2072908254095696,False,-0.7234377985967599
XLP,2019-09-27,long,0.015037718016153754,0.16831554959415326,0.2928158075422007,0.2,True,True,1.4719001940522716,True,-0.45811027162956375
XLP,2019-10-02,short,0.6045795206795559,0.9365789547482376,-0.06001136166329259,0.2,True,True,-1.186905362088115,False,-0.5164332980265085
XLP,2019-10-23,long,0.32782887384507164,0.45744026309857677,0.35173092920416865,0.2,True,True,0.5344208453380518,False,-0.37558546616413
XLP,2019-11-04,short,0.47024561114300745,0.7612676029695862,-0.0018727334779534209,0.2,True,True,-0.5226019037269857,False,-1.7998714637738278
XLP,2019-11-14,long,0.3269129156459349,0.46247157908951053,0.27628479916990584,0.2,True,True,0.43344138847214536,False,1.1254399430012052
XLP,2020-01-02,short,0.8620120342187365,1.0635115209190045,0.23500658957536577,0.2,True,True,-2.7818083303157985,False,-1.968626800301232
XLP,2020-01-15,long,0.3138598848600049,0.810549569438483,0.5112988139206822,0.2,True,True,2.14745256367555,False,0.5665516281686767
XLP,2020-01-28,short,0.27979550268463377,0.4733009528973213,0.5358134243655875,0.1,True,True,-2.644544817055226,False,-1.2919348007013554
XLP,2020-02-07,long,0.31054292845570763,0.37824094528300084,0.48287307830946596,0.1,True,True,2.4472190331531904,False,-1.7118055050570846
XLP,2020-02-24,short,1.8127649826528567,1.9396681442477597,0.24073377771187304,0.1,True,True,-1.9307882017615006,False,6.8080904291347615
XLP,2020-03-30,long,0.8425474490735275,1.1460702935651477,0.8440857568560113,0.1,True,True,-2.3534085658111774,False,8.183449615607309
XLP,2020-05-01,short,0.13845163788433285,0.20589808559663378,0.09661651814239586,0.0,True,True,-0.4360818818563605,False,0.3991827539078785
XLP,2020-05-27,long,0.1286845758976597,0.19305373616745716,0.01835939684167769,0.0,True,True,0.046562519325487835,False,2.983785770700087
XLP,2020-06-12,short,0.3445754866455773,0.39627801551436087,0.2778530529353137,0.0,True,True,-0.41033650593820326,False,0.9373819878590761
XLP,2020-07-07,long,0.4595534423336649,0.5004089620861583,0.3718812969519707,0.0,True,True,0.18736510782386592,False,2.8084201927750296
XLP,2020-08-20,short,0.3706157871402492,0.38205376141197894,0.0620846871424289,0.0,True,True,-1.5523105870477185,False,-2.4166240068442812
XLP,2020-08-28,long,0.04617855249932707,0.4126167552947149,0.0273324577667162,0.0,True,True,2.3856673695406667,False,-1.0642917685587672
XLP,2020-09-04,short,0.1701468245170218,0.5055620100653805,-0.07594223185689003,0.0,True,True,-2.5341114993512766,False,3.5640319690087963
XLP,2020-10-01,long,0.042000122772955985,0.6797429680354691,0.6122427359302189,0.0,True,True,-0.1008108365379234,False,2.621814241406173
XLP,2020-10-21,short,0.009380114756501015,0.3657226309436194,0.4984041578779665,0.0,True,True,-1.3208357319143393,False,1.5007751402945413
XLP,2020-11-06,long,0.08903703565381652,0.49452638118239867,0.6052971479957887,0.0,True,True,-0.24018769434782233,False,2.1662331438912386
XLP,2020-11-30,short,0.041372922331943014,0.11495509412017707,0.12566270816116024,0.0,True,False,-1.445147966085985,True,-0.22413663025768749
XLP,2020-12-01,long,0.06049202551350901,0.10325680494767958,0.10032525289911232,0.0,True,True,1.499767248060836,True,-0.41483823355724647
XLP,2020-12-02,short,0.1059749483873392,0.16847685693363068,0.05017992788004477,0.0,False,False,-1.415675458408298,False,-0.6124676788607841
XLP,2021-02-05,long,0.19822262751938405,1.0106577581695984,0.43525839490226625,0.2,True,True,-1.0386574477280939,False,-1.1557091073764236
XLP,2021-02-23,short,0.08004110190574244,0.1585364271310903,0.34840817726799606,0.2,True,True,0.4182953710414488,False,0.26117623656617406
XLP,2021-03-08,long,0.02029172678729582,0.8358705321341846,0.26293277516981445,0.2,True,True,-1.0108764985476064,False,3.2329474669066993
XLP,2021-04-14,short,0.11391851879753494,0.2763977117258542,0.2282096166128389,0.2,True,True,-2.0248608623145303,True,0.10165524742375975
XLP,2021-04-16,long,0.006609359123819479,0.12104134083934143,0.120947324884405,0.2,True,True,2.0334604945250536,True,-0.3294404061718992
XLP,2021-04-19,short,0.09067532408867046,0.09733123501949714,0.05420621471985039,0.2,False,False,-1.9820044029987443,True,-0.8771830799405356
XLP,2021-04-21,long,0.08482378256817533,0.126912671747996,0.024818205470688717,0.3,True,True,2.0092549640469377,True,-0.7542083501665631
XLP,2021-04-22,short,0.1254532500495276,0.21152309893861163,-0.026413216332555365,0.4,False,False,-1.9211099275715007,False,-1.2759808295263353
XLP,2021-05-07,long,0.011596197924297905,0.2101176349881228,0.1552382529303712,0.5,True,True,1.2916643433803336,True,0.5379291864652247
XLP,2021-05-12,short,0.3101861128610071,0.5379284374333262,-0.006450976314323422,0.5,True,True,-1.2031207507802126,False,-2.1257972864246133
XLP,2021-07-01,long,0.1426443706521874,0.21752048016762882,0.4521495923165214,0.5,True,True,-0.2372253084940823,False,1.8348569684534244
XLP,2021-08-04,short,0.293327549404626,0.7096706755225799,0.1439613546329193,0.5,True,True,-0.9222481017057247,False,-2.0679898940365815
XLP,2021-08-11,long,0.19926858596708188,0.3958345670296631,0.11158641891455205,0.5,True,True,0.9376507921136676,False,-0.1250961774686088
XLP,2021-08-24,short,0.04207152045854254,0.6246833377533082,0.13562421007042294,0.5,True,True,-1.4456204533655277,False,-0.8752536219311935
XLP,2021-09-03,long,0.12323862013142857,0.2373512870696695,0.455591321392932,0.4,True,True,1.2690194896620088,True,-2.9965959314223856
XLP,2021-09-07,short,0.5202027015204521,0.6465006147199717,0.36804132322024125,0.4,True,True,-1.0945882143104717,False,1.9765790315409038
XLP,2021-10-08,long,0.18117329674175675,0.5113698343009531,0.6506976986830996,0.3,True,True,-1.4257271908414748,False,1.7701642358964875
XLP,2021-11-18,short,0.2009274678058944,0.3521848714072357,0.21051174738328246,0.2,True,True,-1.574416553084759,False,1.0233798828834795
XLP,2021-12-08,long,0.19808633088213023,0.35996485410883045,0.7513469489495728,0.2,True,True,0.35178343138647256,False,3.895979688429363
XLP,2022-01-10,short,0.12191777397629784,0.4662854144205893,0.21787586652069404,0.1,True,True,-2.406219146503716,False,2.525696164185176
XLP,2022-03-03,long,0.013762791128359795,0.46623341211651165,0.05846502875551468,0.1,True,True,-0.33918376994903054,True,-2.4255450885728003
XLP,2022-03-07,short,0.06893465340320669,0.40308578754228847,0.147978622866282,0.1,False,False,0.34946966574471083,False,0.27464357358307767
XLP,2022-03-18,long,0.32430244105658307,0.5679003177623226,0.7343107684458504,0.2,True,True,-1.0408353269259276,False,3.784446536382502
XLP,2022-04-26,short,0.13831876550088745,0.6253760618605646,0.23877405673031113,0.2,True,True,-1.8385277927938328,False,2.80758877869981
XLP,2022-05-31,long,0.13608245057875865,0.2839971100972091,0.5104251124779593,0.2,True,True,-1.3101260635569636,False,-6.6201039445724525
XLP,2022-06-10,short,0.1747922345480079,0.24768757200800878,0.11992864394529375,0.1,True,True,1.2408930840999435,False,-1.7735536787354622
XLP,2022-06-23,long,0.14054739999130478,0.6440739175968699,0.30203075724154776,0.1,True,True,-1.627580821533897,False,2.029389508477064
XLP,2022-08-24,short,0.18346383149697088,0.2389649940057472,0.3109579682377812,0.1,True,True,-0.9414617076684582,False,3.5925798623514305
XLP,2022-10-12,long,0.0019114715058591277,0.35933050811321543,0.02490881774528005,0.1,True,True,-1.7723523743323006,False,5.750155411895652
XLP,2022-12-06,short,0.1629396008645258,0.38291433710708017,0.1594483661022563,0.1,True,True,-1.4777337524110212,False,1.3172065038969838
XLP,2023-02-01,long,0.29393300134274386,0.4920337260151013,0.21712176536257424,0.1,True,True,-0.33569212815115856,False,-1.4260734201238967
XLP,2023-02-08,short,0.03791825344993321,0.2910520084398113,0.058942563764774906,0.0,True,True,0.3412586309988743,True,-0.7987024785376606
XLP,2023-02-13,long,0.2217275892934221,0.4459828160486244,0.014430342851433282,0.0,True,True,-0.3143033241137051,False,-2.398363223574007
XLP,2023-02-27,short,0.0301751928021988,0.2001344174978422,0.11798305293257927,0.1,True,True,0.2723455287912475,False,1.5971039627234451
XLP,2023-03-15,long,0.2183648261236745,0.7536126289725525,0.08816754609369314,0.1,True,True,-0.5883294136659175,False,2.294063454291795
XLP,2023-05-03,short,0.10839198469086435,0.5207574996955945,-0.026460782447419444,0.1,True,True,-1.7067493244472844,False,0.5478625000191584
XLP,2023-06-13,long,0.07477261157966518,0.26661544297242995,0.25738963763157396,0.1,True,False,-1.2157757645614913,False,0.9975966444258244
XLP,2023-07-11,short,0.016479228704968173,0.1568128871925138,0.26889523183729974,0.1,True,True,-0.018831908681682417,True,-3.19508487866369
XLP,2023-07-13,long,0.0250068122848202,0.08283915944770773,0.12826176991264687,0.1,False,False,0.030346012626036697,False,1.742535243540888
XLP,2023-08-04,short,0.3685145452571624,0.4360625862980409,0.23403355297232317,0.2,True,True,-0.6861786686457904,False,2.183530151276769
XLP,2023-09-13,long,0.0818904065257215,0.18873951518038334,0.23177023470666772,0.2,True,True,-1.1206700313261233,False,-3.6898394916577426
XLP,2023-09-22,short,0.3096806402729209,0.44592527855235503,0.17472563381183492,0.2,True,True,1.1474437390255876,False,4.947227582415059
XLP,2023-10-17,long,0.5353022529823344,0.5963407537940025,0.31292224377290523,0.1,True,True,-2.2046491875360146,False,0.11802276551886592
XLP,2023-12-08,short,0.20078510766493957,0.25605558093029906,0.1963632021318809,0.1,True,True,-0.7738492247955523,True,-2.353327226885993
XLP,2023-12-13,long,0.48054245369645937,0.5229796658024083,0.005414428986167874,0.1,True,True,0.9843957720981301,False,0.17274543570091616
XLP,2023-12-20,short,0.012126843226175394,0.5711823970471932,-0.051929813766367905,0.2,True,True,-0.9407341216277184,True,-2.593002666546851
XLP,2023-12-26,long,0.0389689638497747,0.15844448935618588,0.15540785209164193,0.2,True,True,0.931671408151222,False,1.482128409939798
XLP,2024-01-16,short,0.2521602195718336,0.291650702690377,0.09617666103021998,0.3,True,True,-0.9741062535107826,False,-1.4641134462451744
XLP,2024-01-30,long,0.09786801559063439,0.7342938931219603,0.4975608359272464,0.2,True,True,0.6469828735736813,False,-0.8440052683245325
XLP,2024-02-09,short,0.2844472691877827,1.042790117544663,0.306913966894468,0.2,True,True,-0.8019870309211456,False,-1.8738949779394387
XLP,2024-02-22,long,0.5143158706783374,0.7003034711023407,0.6427409053259112,0.2,True,True,0.6919472693745624,False,1.6230509369395296
XLP,2024-03-05,short,0.009702970350096318,0.013942491684652107,0.2642203653544628,0.2,False,True,-0.8979800829922775,True,-2.1387152249594976
XLP,2024-03-06,long,0.5468722061166562,0.5565626563141911,0.1580713233956017,0.2,True,True,1.0174519642803816,False,1.592049630063097
XLP,2024-03-25,short,0.22339898827963733,0.6159473666540956,0.06772758938036674,0.3,True,True,-2.579663280514879,True,1.126888993424624
XLP,2024-03-28,long,0.10011405561870784,0.3028834809372046,0.06445289145028528,0.3,True,True,3.4132506566428416,True,-3.9025885604405897
XLP,2024-04-01,short,0.41901469457792756,0.5209667821443463,0.04254099542645357,0.3,False,True,-3.478391204149149,False,3.5247691894377375
XLP,2024-04-23,long,0.7876385051685865,0.8481896660157585,0.8727286803407827,0.3,True,True,-0.27288433450306093,False,1.8444966574888033
XLP,2024-05-23,short,0.11692081710361875,0.6689362311142938,0.26364520793767626,0.3,True,True,-2.508842134579337,False,-0.9883074057479346
XLP,2024-06-24,long,0.2067747088199953,0.4259892670258241,0.14718852010308756,0.3,True,True,1.1275003461663875,True,-1.0910172246963112
XLP,2024-06-27,short,0.14582032182773708,0.2732968386028557,0.04039758278074386,0.3,True,True,-0.9844556995912769,False,-0.6890248270915444
XLP,2024-07-10,long,0.03751483166682619,0.2500773123859337,0.32428754903238666,0.4,True,True,0.5455152988389522,True,0.5038590018650702
XLP,2024-07-15,short,0.005072293380422887,0.20081919225198566,0.012697421311304101,0.4,False,False,-0.542400423776861,True,-1.9740209240858286
XLP,2024-07-16,long,0.34406171459314383,0.3492227263147485,0.012276917459203656,0.5,True,False,0.6909344590833439,False,0.32157446890455077
XLP,2024-07-31,short,0.17989053973046412,0.4483807098839122,-0.05772608238758212,0.5,True,True,-1.154579222749631,True,-2.080934781424615
XLP,2024-08-01,long,0.15783825693621445,0.3445282682102522,0.10614630412857634,0.5,False,True,1.2556183244043455,True,2.1891343438287247
XLP,2024-08-05,short,0.08365037559373606,1.0854807474754926,-0.2373806386600853,0.5,False,True,-1.2653810254112356,True,-3.9639965215036765
XLP,2024-08-08,long,0.2559168982449829,0.6424233610388745,0.22352871221929865,0.5,True,True,1.35153154424478,False,3.2646041600387976
XLP,2024-09-11,short,0.24115462924699882,0.8032237388345577,0.22941710616020367,0.6,True,True,-3.270677426568665,False,-0.3493523757847061
XLP,2024-10-18,long,0.04536808846694411,0.11575174231655562,0.3124456069424283,0.6,True,True,0.0952210838954265,True,-2.5413401119107393
XLP,2024-10-21,short,0.1716692095271577,0.2171443574548344,0.14142564496352966,0.6,True,True,0.01108893808896772,False,1.4469795353410753
XLP,2024-11-12,long,0.020576584529938793,0.2599919984517808,0.30304403815550535,0.6,True,True,-0.8163729470147209,False,2.480463473749017
XLP,2024-12-12,short,0.13110365079427522,0.1728885734047584,0.3073039263848492,0.5,True,False,-0.6808948139593706,False,2.855070910689672
XLP,2025-01-21,long,0.15205624276634389,0.5153507001404884,0.33921959753992215,0.4,True,True,-1.4492257813400873,False,1.3144351600981707
XLP,2025-03-07,short,0.02914873282631899,0.05572608789742115,0.2668261079236154,0.4,True,True,-1.606908675085557,False,4.260190682165799
XLP,2025-03-31,long,0.4875926701619232,0.5083578124859325,0.4148788033450736,0.3,True,True,-0.04788301623559391,False,0.06123251825225218
XLP,2025-04-07,short,0.648089240484115,0.7950689110335659,0.21426550293703464,0.2,True,True,0.295430358713568,False,-6.047680618635587
XLP,2025-04-14,long,0.4272389892749067,0.7319668430236317,0.40699985697212965,0.1,True,True,-0.18239242676182463,False,-0.5873966014723342
XLP,2025-05-09,short,0.2141804389947583,0.24011486089411013,0.0812866683601407,0.1,True,True,-0.4507737100214759,False,-0.8527849601368542
XLP,2025-05-19,long,0.2572993651518604,0.4645845593911829,0.18881630139654088,0.1,True,True,0.35928937785607684,False,0.5953317678716763
XLP,2025-06-05,short,0.13506684872988334,0.7462821494659024,0.0645241603654571,0.0,True,True,-0.6737983282266431,False,0.5035220978434896
XLP,2025-07-01,long,0.6417480030872357,0.9713121608112119,0.12769628885481313,0.0,True,True,0.015513378852840999,False,-1.9882938243164783
XLP,2025-07-11,short,0.2816869128601918,0.4792060951169486,0.6214062536134171,0.0,True,True,-0.22171561767869594,False,-0.8538439630751959
XLP,2025-07-22,long,0.10941728426288479,0.6600380164642083,0.28495113050560783,0.0,True,True,-0.00382640709476977,False,-1.4089700179395703
XLP,2025-07-30,short,0.4817883515932655,0.5749180218273328,0.17965433973336697,0.0,True,True,0.06485087557865965,False,-2.68421606529905
XLP,2025-08-06,long,0.014432497817086996,1.0659104706373637,0.09291851117800116,0.0,True,True,-0.3741751517236664,False,1.960288874293803
XLP,2025-08-25,short,0.41352291773006405,1.1943281211036245,0.10589999985532682,0.0,True,True,-1.421700864798863,False,0.40710077377480447
XLP,2025-10-07,long,0.0732708540679989,0.33965799760976756,0.008098703506881681,0.0,True,True,-1.9239321595241488,False,1.4198122184163608
XLP,2025-10-29,short,0.7803598261143858,1.2813796971973908,0.3929247729489695,0.0,True,True,0.5098304792235044,False,-0.9663040339574991
XLP,2025-11-12,long,0.2161592008003155,0.5033836250578392,0.6301520729912907,0.0,True,True,-1.7037829183904127,False,2.0564000190190557
XLP,2025-12-22,short,0.07394191031376474,0.3444630414712751,0.15642019110394043,0.0,True,True,-0.8715875067124147,False,1.6178632358982203
XLP,2026-01-09,long,0.13528360681856236,0.7971870367890445,0.08555045323575426,0.0,True,True,0.2604223929932479,False,4.454253426490307
XLP,2026-02-19,short,0.11198698675389275,0.6116634865649215,0.4167329084116918,0.0,True,True,-2.400751924810941,False,2.5778438814182736
XLP,2026-04-06,long,0.22156197644229675,0.2925626898802406,0.19177388490354116,0.0,True,False,-0.9202045428189316,False,-0.3266397566498269
XLP,2026-05-26,short,0.2785701791780009,0.4757387708032866,0.24127367213498752,0.0,True,True,-0.46177348627194564,False,-0.5620029422398254
XLP,2026-06-10,long,0.36846369455081257,0.9195830667761328,0.5388803010814489,0.0,True,True,-0.010326622002690975,False,-1.1317885468324906
XLP,2026-06-22,short,0.5304054037546224,0.5787160346384462,0.43234858046075964,0.0,True,True,-0.057209491492576356,True,-3.261135892530098
XLP,2026-06-24,long,0.01016940822851873,0.3776482128101055,0.10564601262022079,0.0,True,True,0.14474688915246897,False,-1.4685042098490975
XLP,2026-06-30,short,0.06579662708084048,0.4701762958801207,-0.13132362175194875,0.1,True,True,-0.17050404282572873,True,-0.4815193847468091
XLP,2026-07-02,long,0.1941130035838802,0.4850211477720699,0.027914255156784758,0.1,False,False,0.22024022882227703,False,0.23532071494558604
XLP,2026-07-09,short,0.17920216550557236,0.5412011950208262,-0.05040589600857604,0.2,True,True,-0.20475626350030765,True,-0.012017790760854297
XLP,2026-07-13,long,0.046319228426089626,0.20972591451078718,0.09380038485039831,0.2,True,True,0.2590869112618781,True,0.9102821014772999
XLP,2026-07-14,short,0.3371614032129557,0.38497208948118267,0.11538903320208627,0.2,True,True,-0.17767686863399532,True,-4.363464129394612
XLP,2026-07-16,long,0.3683619171419169,0.9543925154435104,-0.13550470987333166,0.3,True,True,0.3204274220669017,False,-0.3962125686874707
XLP,2026-07-23,short,0.6727174729146262,0.7293569277671995,0.22478054779486273,0.5,True,True,-0.2172121725037508,True,-2.283382740022377
XLP,2026-07-27,long,0.04713708921131501,0.7023472184915018,-0.1417633074149949,0.5,True,True,0.3668356058408731,False,-0.4803240678263765
XLP,2026-08-06,short,0.2389867837555242,0.26809442318820875,0.33776309614435984,0.6,True,True,-0.7028800046822887,False,-0.2467370168687033
XLP,2026-08-14,long,0.1639701262336498,0.5065314629024166,0.15326626902535428,0.5,True,True,0.6496365651153552,True,-0.7434082043228041
XLP,2026-08-17,short,0.6012682658116999,0.7787973417406411,0.3567249389046007,0.5,False,False,-0.5080580575368666,True,-0.3542778196510499
XLP,2026-08-19,long,0.5000873208553623,0.9469918165327064,-0.011238448140575704,0.5,True,True,0.7415908197191355,True,-1.1670925305829583
XLP,2026-08-20,short,0.009556517403865974,0.5233311561738384,-0.10352824642845905,0.6,False,False,-0.683436411658798,True,0.07032406405222957
XLP,2026-08-21,long,0.2159974175604475,0.22569127555898882,0.22945814079519186,0.6,True,False,0.7604443758799058,False,-1.6397167194520001
XLP,2026-08-27,short,0.34433801715927015,1.6872838292287986,-0.3617571560640961,0.6,True,True,-0.9955111612091085,False,1.9981236140125591
XLU,2018-06-15,long,0.3362381919811543,0.7347988222552969,0.48618017446645956,,True,True,-0.7690231136557568,False,4.884939685720324
XLU,2018-07-17,short,0.13167567060854857,0.1605023389695911,0.13807081633982782,,True,False,-2.094159559129311,False,-0.6482143253251138
XLU,2018-08-06,long,0.047197212233637174,0.214621860818829,0.12212848554164858,,True,True,1.4083325513694853,True,1.8560304213828038
XLU,2018-08-08,short,0.03330043320312808,0.1418119754311497,0.13678044652508334,,False,True,-1.380587853570568,False,-1.0570468253003007
XLU,2018-08-16,long,0.3922355345763314,0.43362299108706165,0.04860315194713303,,True,True,1.4917885820770516,False,-0.9955628445239562
XLU,2018-08-23,short,0.24501405228472226,0.36921955530154815,0.23099355675742902,0.2,True,True,-1.4233063922237559,False,-1.1214854406667696
XLU,2018-09-06,long,0.30474834381284366,0.577705239577835,0.21144301486721112,0.16666666666666666,True,True,1.1607814628261148,False,-2.6656765520609027
XLU,2018-09-12,short,0.08126680654970501,0.19758987160450595,0.09898088598741178,0.14285714285714285,True,True,-1.082621010914815,True,4.352580939325101
XLU,2018-09-13,long,0.14922284661362245,0.2374890352520606,0.044527025834871385,0.14285714285714285,False,False,1.1350109504054218,True,-4.091403522793325
XLU,2018-09-14,short,0.06469090058268326,0.22770143536671156,0.052264086722275394,0.14285714285714285,True,True,-1.0920517681973279,False,2.166945935208242
XLU,2018-10-05,long,0.5944604295892209,1.0736942516788348,0.6242281658358512,0.3,True,True,-0.21655416221258741,False,1.7527628631830883
XLU,2018-10-31,short,0.1937707603319407,0.5131598187364256,0.3916059780125022,0.3,True,True,-0.8724519486790661,False,-1.50866397486209
XLU,2018-11-07,long,0.2429725521131341,0.7559039535772996,0.06366685837834332,0.3,True,True,0.8600704428564883,False,-1.4577259475218707
XLU,2018-11-15,short,0.03840712691164931,0.6687829646908396,0.07798724190242007,0.2,True,True,-1.13686644097324,True,-2.8492241021230047
XLU,2018-11-16,long,0.13647964329511403,0.1749057101135678,0.2951380692268776,0.2,False,False,1.2121157534042128,True,2.314128256557635
XLU,2018-11-21,short,0.37132986816676233,0.6885533494523021,-0.09311386687442104,0.3,True,True,-1.0896070853039144,False,-4.400881927302436
XLU,2018-11-30,long,0.3835153612686956,0.6374097951994901,0.18425445443139327,0.4,True,True,1.3196207061646237,False,-1.0793373890445213
XLU,2018-12-17,short,0.3083669678085824,1.7824224488714033,0.23573845199804178,0.4,True,True,-2.63495005850799,False,4.615817663927024
XLU,2019-01-10,long,0.10195629842259032,0.5884597312711706,0.41804541511517007,0.3,True,True,-1.4690878666592593,False,-0.2058697357071093
XLU,2019-03-19,short,0.2507597258787079,0.5973345394698214,0.08189002654223196,0.2,True,True,-1.8375463256586486,False,-0.9422231680294546
XLU,2019-03-26,long,0.18527353431380295,0.2809103523956198,0.17468065007609435,0.2,True,True,1.8100444429088947,True,-1.9165792551724903
XLU,2019-03-28,short,0.5231079207109877,0.5642801943051657,0.06674573771289113,0.2,True,True,-1.590435699119545,False,-0.1382728215194362
XLU,2019-04-30,long,0.3732441877002065,0.7117647949000793,0.30584191855037557,0.3,True,True,0.35641428708067957,False,-0.8857199377295233
XLU,2019-05-07,short,0.18268061605165037,0.32157686183261486,0.08639161790366612,0.3,True,True,-0.2964254941074082,False,-2.0242183670066582
XLU,2019-05-14,long,0.14568200309167223,0.25909894145684975,0.3243453522430104,0.2,True,True,0.19783731073765173,False,-0.20623300709942116
XLU,2019-05-30,short,0.6629150181050353,0.8581686782614358,0.6312744106883926,0.1,True,True,-0.6345414414850837,False,-3.7944174625617055
XLU,2019-06-05,long,0.49828125586656247,1.0428720693692834,0.03523131569355803,0.1,True,True,0.8837473046934894,False,1.1805632244727748
XLU,2019-06-26,short,0.3225257480857137,1.4507551185092673,0.08321848135914388,0.1,True,True,-2.2098338837812883,False,-2.848943478288124
XLU,2019-07-09,long,0.037858480340253346,0.21005900121321305,0.46889958123586567,0.1,True,True,1.7519525366240802,True,-1.626952422097172
XLU,2019-07-12,short,0.06671889777486441,0.373229777431299,-0.044064859585866395,0.1,False,False,-1.7657565907600978,False,1.039427412038596
XLU,2019-08-08,long,0.1000191619474929,0.7622519227429501,0.13046836825075026,0.2,True,True,0.07576916395907535,False,2.20397037025879
XLU,2019-09-10,short,0.15208815399422376,0.4560827273854114,0.5794579510561166,0.1,True,True,-2.745294037440475,True,-4.074513324073847
XLU,2019-09-12,long,0.01721712836075959,0.09373947384240733,0.32632520326920084,0.1,True,True,2.790824099280918,True,3.303038401533964
XLU,2019-09-13,short,0.2762073690773783,0.29358427897681283,0.10256934150124482,0.1,False,True,-2.6500035265763997,True,-3.5913119736096233
XLU,2019-09-18,long,0.05525313256631295,0.29181455413293345,-0.07308341031590017,0.3,True,True,2.722738155532781,False,0.6470102673457712
XLU,2019-10-02,short,0.22529155549182026,0.9160331302421347,0.26654583434612766,0.4,True,True,-3.1929460973365065,False,0.43934413661298466
XLU,2019-11-19,long,0.14521258935592815,0.28659433156033265,0.6417320123711124,0.4,True,True,-0.8897029059642073,False,0.7481554239365362
XLU,2020-01-06,short,0.18419168289752424,0.2166529375607853,0.32352704650398784,0.4,True,True,-1.0658183851552179,False,-5.265628456782778
XLU,2020-01-13,long,0.01717145751759261,0.325136293851219,0.03353435761698157,0.4,True,True,0.9996873366194698,False,5.6799057233012595
XLU,2020-02-06,short,0.0023225821083424076,0.3576132110947458,0.4603898925563195,0.3,True,False,-2.6192667925924042,False,-2.208974282738252
XLU,2020-02-18,long,0.39418267192605894,0.45384025524078103,0.2085444293423422,0.3,True,True,2.3799070038616974,True,-8.382667402543975
XLU,2020-02-21,short,0.13472616479309335,0.2228703121999396,-0.008872344556497932,0.3,True,True,-2.2099706847737233,False,4.57840726586991
XLU,2020-03-27,long,0.17024450253125953,0.946105178512428,0.9016861955703537,0.3,True,True,-2.560364944336407,False,5.783058054033963
XLU,2020-05-01,short,0.12322280148985702,0.2545689806762603,0.1027162089821813,0.2,True,True,-0.01719346509171491,False,1.9148382568789146
XLU,2020-05-19,long,0.0018541396494845181,0.06993465565707548,0.10442869799228509,0.1,True,True,-0.3210068383346118,False,9.622250507924313
XLU,2020-06-12,short,0.09718364901350733,0.40738074549174497,0.33207587297583474,0.1,True,True,-0.5619848437914947,False,5.16330119264885
XLU,2020-07-10,long,0.12008006937242208,0.23259015301720903,0.05981027275171163,0.1,True,True,-0.1498905925745255,False,4.344838136800244
XLU,2020-08-06,short,0.05728045843872531,0.0978295799660504,0.18120553588032015,0.1,True,True,-0.46201865356827987,True,1.7880710747121498
XLU,2020-08-07,long,0.11491595458518046,0.1735541863180158,0.09359018966781393,0.1,True,True,0.506974101329504,True,-3.366396125633364
XLU,2020-08-11,short,0.11691265692558697,0.3205840384103275,-0.05305014174951472,0.1,False,False,-0.48805692652937205,False,1.2803474882656651
XLU,2020-09-15,long,0.294096897725412,0.4044490234907397,0.008653152039685065,0.3,True,True,-0.10507425661969991,True,-1.3034338104787824
XLU,2020-09-18,short,0.1489419256976919,0.5428947395604952,-0.09476432424896025,0.3,True,True,0.17805654460724837,False,-4.600066714926743
XLU,2020-09-29,long,0.24236339635938545,0.3157101303789539,0.39511639806272736,0.3,True,True,-0.3533731879589045,False,7.799507945279482
XLU,2020-10-28,short,0.48178248638838417,0.818679485108495,0.09707278665878517,0.3,True,True,-2.0363762450652443,False,-5.907651481580878
XLU,2020-11-10,long,0.28402050385690436,0.6034356916559006,0.22936595202166954,0.3,True,True,1.7079837536383078,False,-3.0636692414717337
XLU,2020-11-18,short,0.5636108855737767,0.8042107026964618,0.07747634186660944,0.3,True,True,-1.5948986959522422,False,1.7609495878871284
XLU,2020-12-30,long,0.15601543826896133,0.27634322643280723,0.2143484985897639,0.3,True,True,-0.7296448636592097,False,0.9712093147772327
XLU,2021-01-29,short,0.11016323427767533,0.29824101813076814,0.3700166334993158,0.3,True,True,-0.2396043970621086,False,-0.7562404301534542
XLU,2021-02-04,long,0.17662165586015383,0.20272162565198754,0.030944280195087985,0.2,True,True,0.31370449209465784,False,-2.909092760246368
XLU,2021-02-12,short,0.12868101404800772,0.39000550179469695,0.05948681435835579,0.1,True,True,-0.34555089894855023,False,4.742882515049274
XLU,2021-03-09,long,0.5682467087297605,1.0357243004086134,0.6167375997514567,0.1,True,True,-1.0364770990028345,False,2.8003952820563116
XLU,2021-04-26,short,0.22647557449068503,0.3451817800471355,0.2736435135051263,0.0,True,True,-1.9380206187595497,False,-0.770377458163729
XLU,2021-06-10,long,0.16586097324088914,0.2894634510538505,0.08179029656760194,0.0,True,True,-0.01708001979789727,False,-3.2874030982094182
XLU,2021-06-18,short,0.4818579155885621,0.8470057753272198,0.09856029158290601,0.0,True,True,0.04096848865690163,False,-0.65089034554906
XLU,2021-07-07,long,0.39155999866052454,0.4486225592884034,0.3412141186800651,0.0,True,True,-0.37900211337585177,False,0.10817138112855229
XLU,2021-08-25,short,0.21693338085830127,0.39488020503739707,0.2862602750786093,0.0,True,True,-1.8056186355508097,False,-1.033335344248787
XLU,2021-10-07,long,0.25270681477511686,0.33569318671314563,0.5360842838982186,0.0,True,True,-1.390558741892136,False,2.544069270233962
XLU,2021-11-08,short,0.0368974166257078,0.33697170277349237,0.1698835257696536,0.0,True,True,-0.5136835657417375,False,-2.250053573182309
XLU,2021-11-15,long,0.0034150633717409894,0.22871987986324727,-0.02109198459983556,0.0,True,True,0.473269050350992,True,-2.606228355802853
XLU,2021-11-18,short,0.04243532393079308,0.10739893487001828,0.054837008831439445,0.0,False,False,-0.4665081374557913,True,-0.7172774935008341
XLU,2021-11-22,long,0.14635529693215066,0.1468165227059629,0.012884834684909967,0.1,True,True,0.5560971225211074,True,1.8165970291377675
XLU,2021-11-26,short,0.05514817600486915,0.3627700209120683,-0.10237626833997808,0.2,True,True,-0.5322409853377728,True,-3.5799956438936187
XLU,2021-11-29,long,0.04769078315893309,0.1050790492351876,0.03513905426378739,0.3,False,False,0.5733588167559657,True,3.3210370252880317
XLU,2021-11-30,short,0.6323026924940907,0.681678368644919,0.07605691995429456,0.3,True,True,-0.29698904201923326,False,-5.7929285800851105
XLU,2021-12-06,long,0.1321917324975522,0.7308727215105644,0.04682825152942101,0.5,True,True,0.35692136862778084,False,2.4061436011906467
XLU,2022-01-05,short,0.17998975183654511,0.4342584558026591,0.28488641961626426,0.5,True,True,-1.627630135690907,False,2.3226221528878987
XLU,2022-02-03,long,0.21823596453204355,0.27669281238605614,0.5949227855740509,0.5,True,True,-0.36005717036462337,False,-3.896877302466051
XLU,2022-02-10,short,0.33915113190038104,0.576828321930536,-0.01540137927455213,0.5,True,True,0.5057202393617547,False,-0.880729865603258
XLU,2022-02-28,long,0.5452966402226951,0.7564934131956796,0.2674016293972966,0.5,True,True,-1.0280626076586172,False,3.562491262611056
XLU,2022-04-14,short,0.11553122336816478,0.28518348433132845,0.3911418715198992,0.4,True,True,-2.3835834226172765,False,6.347742228455622
XLU,2022-05-20,long,0.08076990142327478,0.09133048114091682,0.17500325611995762,0.3,True,True,-0.572905278880723,False,4.098153976135732
XLU,2022-06-09,short,0.1776522505733076,0.6189108622813987,0.15947358387854718,0.2,True,True,-0.37509197186472304,False,3.237955875909526
XLU,2022-06-27,long,0.044070831710956736,0.5929049587182769,0.6006802731594645,0.1,True,True,-1.3483703838362602,False,0.5030580438600607
XLU,2022-07-20,short,0.06862406524231617,0.23137970504211353,0.14253099358525959,0.0,True,True,0.2717281356705033,True,-8.827392574267456
XLU,2022-07-25,long,0.23781491366687282,0.27567859798011074,0.045020895714458116,0.0,True,True,-0.16972249353120375,False,5.746796592733383
XLU,2022-08-23,short,0.06163452897329318,0.3541013463897942,0.2017377400516295,0.1,True,True,-1.5575094797390532,False,-1.24701926900197
XLU,2022-09-12,long,0.08570566198437227,0.34196395705220856,0.42326721577945414,0.1,True,True,0.8635349450893762,True,-9.748706366359883
XLU,2022-09-13,short,0.1803601622035091,0.2688672068050904,0.29471221581719087,0.1,False,False,-0.7729860081466946,False,8.842286479784523
XLU,2022-10-19,long,0.06659294035973876,0.28846381654434444,0.3906545319710664,0.2,True,True,-1.966732468618742,False,4.108510352143568
XLU,2022-12-16,short,0.23124750892322066,0.35450946544211454,0.023809205866519505,0.2,True,True,-0.6978805469521269,False,-0.8468329197745206
XLU,2023-01-11,long,0.06366034747373497,0.20638484294234513,0.1708188752099263,0.2,True,True,0.3822242292616649,True,-4.425654106315003
XLU,2023-01-13,short,0.006605074340083738,0.08191064540493648,0.07967821373307522,0.2,False,False,-0.37741933448077997,False,3.855328100998423
XLU,2023-02-17,long,0.3489142126983666,0.4118516749997544,0.2606102372006976,0.3,True,True,-0.4333119285090111,True,-2.7891310162437066
XLU,2023-02-22,short,0.19867660859976558,0.264073242552392,0.028083535229217332,0.3,True,True,0.5056906175832908,False,1.4341065514015705
XLU,2023-03-08,long,0.1260785058663049,0.32669515728727866,0.5410926502510968,0.3,True,True,-0.8266862264877737,True,-1.7363202321825089
XLU,2023-03-10,short,0.2789813049481822,0.4249548026883793,0.03908384601504896,0.3,True,True,0.9509136483396915,True,-2.7230240908856507
XLU,2023-03-14,long,0.6445441616179666,0.6504746549628286,0.04274031918927327,0.4,True,True,-0.8634788923838724,False,0.25063443189830004
XLU,2023-03-23,short,0.12469731372713852,0.913482852373527,0.4407368827185533,0.4,True,True,0.7191346740234352,True,-9.591867891639328
XLU,2023-03-24,long,0.21515332081162297,0.3396305807709873,0.7290962932429264,0.4,False,False,-0.6449217229878049,False,6.0587462692115235
XLU,2023-04-26,short,0.531395602932242,0.735810451462223,0.055314770325379625,0.5,True,True,-1.0018789722518342,False,-1.6114595716926194
XLU,2023-06-07,long,0.40984660645840104,0.5208920075461577,0.3484320050418797,0.5,True,True,-1.2118188926383264,False,0.06144442015232343
XLU,2023-06-28,short,0.050099974735737705,0.38510125983428506,0.23911400590860807,0.4,True,True,0.3120580690631014,True,-3.6928349693869933
XLU,2023-07-03,long,0.0947006425368651,0.25966923271928954,0.058696742287348086,0.4,True,True,-0.29463929531561306,False,-0.5460326329799203
XLU,2023-08-01,short,0.3729170431973382,0.5403844677314854,0.4602424963104193,0.4,True,True,-0.630363426987209,False,4.875479109614689
XLU,2023-08-28,long,0.17141157427292433,0.2471000663612332,0.27003646196820896,0.4,True,True,-1.2389457301702627,False,-0.15718735703066367
XLU,2023-09-05,short,0.3580284300675629,0.5148901218748674,0.11213134334502808,0.3,True,True,1.338232757262056,True,-4.634839724937878
XLU,2023-09-08,long,0.18045681612489842,0.46257930830973587,-0.0417711391249256,0.3,True,True,-1.284389983282286,False,0.985843079049431
XLU,2023-09-26,short,0.36907630654513685,0.8598951978989816,0.3549291677150578,0.3,True,True,0.36064623151568403,False,4.403850343703908
XLU,2023-10-12,long,0.17757875238169638,0.31189242126775885,0.6904537932385775,0.2,True,True,-2.4525441762244085,False,2.0804983725831283
XLU,2023-12-19,short,0.12949991267167438,0.1575233669608784,0.24892730386835935,0.2,True,True,-1.110117858231865,False,-1.1008074715489924
XLU,2024-01-03,long,0.08156558869398506,0.34956677178508816,0.2682885522120801,0.2,True,True,0.7197672064353738,False,-5.318647719052527
XLU,2024-01-11,short,0.4743516113209192,0.766662229140165,0.019658683150234953,0.2,True,True,-0.6672940591275439,False,2.7795203669600754
XLU,2024-02-01,long,0.18711400029170014,0.7319389238342131,0.4727072764540248,0.1,True,True,-0.5313900271150787,True,-2.1079407812231388
XLU,2024-02-05,short,0.32864680823759185,0.5321597247962675,0.23129117358988133,0.1,True,True,0.6468892776800991,False,-1.6276335215259286
XLU,2024-02-15,long,0.299529656357076,0.5996942046967818,0.140908124373106,0.2,True,True,-0.6727177413350456,False,0.6851556046243434
XLU,2024-04-10,short,0.13667970513868707,0.58167897476753,0.03306639699329375,0.2,True,True,-1.6261393486767337,False,-2.9620462880991516
XLU,2024-04-23,long,0.34513049322860984,0.5834021010226182,0.6126444503365163,0.1,True,True,1.0385071789059492,False,4.8236268595649445
XLU,2024-05-23,short,0.47131028212215537,0.9182810125770914,0.3788928290441884,0.1,True,True,-2.3795937384555415,False,1.2007417044054058
XLU,2024-07-10,long,0.1424163885858143,0.2962444710538014,0.18476715955206768,0.1,True,True,-0.3549919518042422,False,2.303176182383937
XLU,2024-08-28,short,0.06001862899663532,0.2278914099137326,0.07618785084560942,0.1,True,True,-1.8093738982639205,True,-2.841583680509019
XLU,2024-08-30,long,0.022498108259486217,0.13986302880895574,0.11528008835040032,0.1,False,False,1.8200975623935984,False,3.7357516758799614
XLU,2024-09-06,short,0.27165881118672075,0.44018821851493584,-0.04771091745365681,0.2,True,True,-1.7459762848907157,False,-5.493364855239102
XLU,2024-09-12,long,0.06666423977519674,0.0909766207349682,0.0942118293298088,0.2,True,True,1.8115484745545265,False,3.5114440816935932
XLU,2024-10-07,short,0.9028201389130619,1.4629985306093143,0.2202399194652553,0.1,True,True,-2.260879924340794,False,-2.7567697553620096
XLU,2024-11-18,long,0.14317081092227202,0.5730398041589473,0.21200174647979242,0.1,True,True,-0.3224378598094312,False,0.6379845915287952
XLU,2024-12-05,short,0.1883198504253311,0.2615851536500365,0.6151824714333967,0.1,True,True,-0.856160314200565,False,6.766625783674107
XLU,2025-01-02,long,0.11664810921056813,0.21969250180953048,0.12230697735835952,0.1,True,True,-1.049724290734261,False,3.3696304084550155
XLU,2025-02-27,short,0.5664084861319139,0.6965943188979621,0.23375026764075274,0.1,True,True,-0.6666618083815803,False,0.8586471374424698
XLU,2025-03-17,long,0.03148425468968611,0.6325764506952798,0.3458510883524827,0.1,True,True,-0.2086937804987298,False,0.2647110083061843
XLU,2025-03-26,short,0.1524699448757409,0.1536745030158258,0.236335437824762,0.1,True,True,0.08754072527888594,True,1.8855730240393664
XLU,2025-03-31,long,0.3768896586482268,0.4582043918025479,-0.026685938538959116,0.1,True,True,0.0882222920015217,False,-1.4711438363758322
XLU,2025-04-04,short,0.9716408134393142,2.1588878980199993,-0.24607614268910466,0.1,True,True,0.13977005157753317,False,-1.8784450780710893
XLU,2025-04-15,long,0.34936778805844787,0.7710846019126703,0.7761179778546883,0.1,True,True,-0.7235882168107463,False,1.5705547958959842
XLU,2025-05-23,short,0.06520144620726309,0.2452029644255412,0.3911567189869226,0.1,True,True,-1.7423755670543295,False,0.48112670870490426
XLU,2025-06-03,long,0.05893679375368005,0.1860101768983159,0.12264452922956413,0.1,True,True,1.768651888645824,True,-2.487879272905047
XLU,2025-06-04,short,0.4180587987083722,0.47716142830800073,0.1777409107570032,0.1,False,False,-1.5753794169602364,False,0.4940715831464493
XLU,2025-06-27,long,0.022448796752115818,0.17052937578565922,0.16968112526809975,0.2,True,True,0.7101999810315168,False,1.7828443568435715
XLU,2025-08-12,short,0.09540143789436782,0.23996542632286913,0.37427915246201954,0.2,True,True,-2.364583322069982,False,1.1821889008140962
XLU,2025-09-12,long,0.037967374574109966,0.6858577806610449,0.5903976649586186,0.2,True,True,-0.30572433981311103,False,2.215607319830837
XLU,2025-10-21,short,0.003716074891832232,0.5669195993472057,0.352417948648014,0.2,True,True,-3.091369944316159,False,1.9644679493441508
XLU,2025-11-28,long,0.3115745472153077,0.3818425272018261,0.24789788524434508,0.1,True,True,0.08332458757413454,True,-5.483822704838348
XLU,2025-12-02,short,0.25875075761594657,0.31017479043738716,0.12922804557158935,0.1,True,True,0.20160789896357956,False,2.048254909818492
XLU,2025-12-24,long,0.22604800479017248,0.26821263116177346,0.08400927106896802,0.2,True,True,-0.9707764339448065,False,-0.7007869059089677
XLU,2026-01-08,short,0.15211379824433055,0.31377588284501834,0.2617405743862124,0.2,True,True,0.734673565676279,True,-1.3574665669359165
XLU,2026-01-12,long,0.1632132276886217,0.16720478827886692,0.28001534255154464,0.2,True,True,-0.6386005914942172,False,1.9962377449590507
XLU,2026-03-06,short,0.4575769072668951,0.5299915316843841,0.5208097316500389,0.2,True,False,-1.9281584498584725,False,4.471546205702492
XLU,2026-04-06,long,0.0008802939760623675,0.11425784512443812,0.29143609603127424,0.2,True,True,0.2580131658353516,False,-0.9096787649483518
XLU,2026-04-16,short,0.07043052887282844,0.073892044068819,0.2402498171457896,0.2,True,True,-0.46120381664552085,False,-1.0787596054251836
XLU,2026-04-30,long,0.19821774012887577,0.47025537757659097,0.10783970246774055,0.2,True,True,0.13474958548405055,False,-4.1622212160771666
XLU,2026-05-06,short,0.05142189525927299,0.4008986995731914,-0.03925980195054098,0.2,True,True,-0.13487744469090965,False,2.6252438309583126
XLU,2026-05-26,long,0.3982419213060036,0.41761087767765553,0.5373376576167606,0.2,True,True,-0.6951059979428392,False,-2.9781753979151837
XLU,2026-06-01,short,0.8006557266504224,0.9382445887522367,0.09567501092663314,0.1,True,True,0.98125565761787,False,-3.805111832266461
XLU,2026-06-11,long,0.2120391893665104,0.27884230746383765,0.11514292135063517,0.1,True,True,-0.9055620500546071,False,5.5505318415770555
XLU,2026-07-15,short,0.16125094658658265,0.31757242400289365,-0.015044413296963925,0.1,True,True,-0.5576246365023987,False,0.6855418416594983
XLU,2026-07-23,long,0.16912485037179106,0.5393726086541745,0.03232584393488573,0.0,True,True,0.5605372909930523,False,-6.08356921007559
XLU,2026-07-29,short,0.607055590158046,0.668175018252758,0.042443860677474896,0.0,True,True,-0.46770060064404406,False,2.382545528971858
XLU,2026-08-18,long,0.09495065328644058,0.14099887623691576,0.4781644539830282,0.0,True,True,-1.2090154366297423,True,-3.316677649890898
XLU,2026-08-21,short,0.4750661049411447,0.6181214307176812,-0.032358456364154235,0.0,True,True,1.4299791953796566,False,-0.724802855977158
XLU,2026-09-04,long,0.05971787564231157,0.3988475974117362,0.24137803356735477,0.1,True,True,-1.62228777739247,False,-4.92346976093978
